gene,n_rows_train,mutated_cell_rate_train,token_total_train,tokens_per_row_mean_train,tokens_per_row_median_train,tokens_per_row_p95_train,complex_token_fraction_train,n_rows_test,mutated_cell_rate_test,token_total_test,tokens_per_row_mean_test,tokens_per_row_median_test,tokens_per_row_p95_test,complex_token_fraction_test,mutated_cell_rate_diff,token_mean_ratio_test_over_train,complex_fraction_diff,token_total_ratio_test_over_train,abs_shift_score
TMEM158,6201,0.00016126431220770844,1,0.00016126431220770844,0.0,0.0,0.0,2546,0.014139827179890024,36,0.014139827179890024,0.0,0.0,0.027777777777777776,0.013978562867682315,87.68106834249804,0.027777777777777776,36.0,3.833655591924997
PMAIP1,6201,0.00016126431220770844,1,0.00016126431220770844,0.0,0.0,0.0,2546,0.00589159465828751,33,0.012961508248232521,0.0,0.0,0.09090909090909091,0.005730330346079801,80.37431264728987,0.09090909090909091,33.0,3.802551894457592
APC,6201,0.059184002580228996,529,0.08530882115787776,0.0,1.0,0.0,2546,0.27729772191673213,8196,3.219167321288295,0.0,13.0,0.4775500244021474,0.21811371933650314,37.735456633853914,0.4775500244021474,15.493383742911153,3.6592719358558945
MUC1,6201,0.0038703434929850023,24,0.0038703434929850023,0.0,0.0,0.0,2546,0.08837391987431265,638,0.25058915946582877,0.0,3.0,0.018808777429467086,0.08450357638132765,64.74597407698352,0.018808777429467086,26.583333333333332,3.5959636116657316
CFD,6201,0.0004837929366231253,3,0.0004837929366231253,0.0,0.0,0.0,2546,0.01335428122545169,66,0.025923016496465043,0.0,0.0,0.18181818181818182,0.012870488288828565,53.58287509819325,0.18181818181818182,22.0,3.501261680211473
CDKN1C,6201,0.0009675858732462506,6,0.0009675858732462506,0.0,0.0,0.0,2546,0.02356637863315004,118,0.046347211311861744,0.0,0.0,0.17796610169491525,0.02259879275990379,47.89984289080911,0.17796610169491525,19.666666666666668,3.3971918975036495
TBC1D30,6201,0.0006450572488308337,4,0.0006450572488308337,0.0,0.0,0.0,2546,0.014532600157109192,85,0.03338570306362922,0.0,0.0,0.023529411764705882,0.013887542908278358,51.7561861743912,0.023529411764705882,21.25,3.3099508130413957
SRP14,6201,0.0004837929366231253,4,0.0006450572488308337,0.0,0.0,0.0,2546,0.011390416339355853,53,0.020816967792615867,0.0,0.0,0.4528301886792453,0.010906623402732728,32.27150432050275,0.4528301886792453,13.25,3.275290936054806
MTCH2,6201,0.0043541364296081275,30,0.004837929366231253,0.0,0.0,0.0,2546,0.0828750981932443,560,0.2199528672427337,0.0,3.0,0.03214285714285714,0.07852096176363618,45.464257659073056,0.03214285714285714,18.666666666666668,3.2562000028820113
CPEB2,6201,0.00612804386389292,38,0.00612804386389292,0.0,0.0,0.0,2546,0.14611154752553024,525,0.20620581304006286,0.0,1.0,0.18095238095238095,0.1399835036616373,33.64953280687973,0.18095238095238095,13.81578947368421,3.1730729463921516
SRSF10,6201,0.00016126431220770844,1,0.00016126431220770844,0.0,0.0,0.0,2546,0.00432050274941084,18,0.007069913589945012,0.0,0.0,0.0,0.004159238437203131,43.84053417124902,0.0,18.0,3.1141245688391854
CEBPA,6201,0.003386550556361877,23,0.003709079180777294,0.0,0.0,0.0,2546,0.038884524744697564,330,0.12961508248232523,0.0,0.0,0.14545454545454545,0.03549797418833569,34.945353324908645,0.14545454545454545,14.347826086956522,3.069805161068698
TCF7L2,6201,0.013223673601032092,88,0.014191259474278342,0.0,0.0,0.0,2546,0.07776904948939513,1288,0.5058915946582875,0.0,4.0,0.06832298136645963,0.06454537588836304,35.648111119045915,0.06832298136645963,14.636363636363637,3.0410830653377516
KLF2,6201,0.0008063215610385422,6,0.0009675858732462506,0.0,0.0,0.0,2546,0.03652788688138256,93,0.03652788688138256,0.0,0.0,0.0,0.03572156532034402,37.75157109190888,0.0,15.5,2.999745684045182
ESRRA,6201,0.004676665054023544,31,0.004999193678438961,0.0,0.0,0.0,2546,0.054595443833464256,266,0.1044776119402985,0.0,1.0,0.4548872180451128,0.04991877877944071,20.898892633606163,0.4548872180451128,8.580645161290322,2.8980948871331096
CTF1,6201,0.0003225286244154169,2,0.0003225286244154169,0.0,0.0,0.0,2546,0.00589159465828751,28,0.010997643362136685,0.0,0.0,0.0,0.005569066033872093,34.09819324430479,0.0,14.0,2.870571540099657
PCSK1N,6201,0.0004837929366231253,3,0.0004837929366231253,0.0,0.0,0.0,2546,0.01610369206598586,41,0.01610369206598586,0.0,0.0,0.0,0.015619899129362734,33.28633150039277,0.0,13.666666666666666,2.8572194947888487
IL32,6201,0.0059667795516852125,41,0.006611836800516046,0.0,0.0,0.04878048780487805,2546,0.03809897879025923,507,0.19913589945011784,0.0,0.0,0.0039447731755424065,0.03213219923857402,30.11809054854099,-0.044835714629335645,12.365853658536585,2.8216100730409965
RPL14,6201,0.001451378809869376,9,0.001451378809869376,0.0,0.0,0.0,2546,0.018460329929300863,47,0.018460329929300863,0.0,0.0,0.8297872340425532,0.017008951119431487,12.719167321288294,0.8297872340425532,5.222222222222222,2.772442934189813
PAX6,6201,0.009837123044670215,67,0.010804708917916465,0.0,0.0,0.0,2546,0.04752553024351924,657,0.2580518460329929,0.0,0.0,0.1445966514459665,0.03768840719884903,23.883276078367,0.1445966514459665,9.805970149253731,2.7033338124629562
CEBPB,6201,0.0012901144976616675,8,0.0012901144976616675,0.0,0.0,0.0,2546,0.014532600157109192,82,0.03220738413197172,0.0,0.0,0.0975609756097561,0.013242485659447524,24.964748625294575,0.0975609756097561,10.25,2.6743960766682693
CAST,6201,0.006450572488308337,41,0.006611836800516046,0.0,0.0,0.0,2546,0.018853102906520033,445,0.17478397486252945,0.0,0.0,0.024719101123595506,0.012402530418211696,26.435010442013294,0.024719101123595506,10.853658536585366,2.655794402101924
MT1E,6201,0.00016126431220770844,1,0.00016126431220770844,0.0,0.0,0.0,2546,0.00432050274941084,11,0.00432050274941084,0.0,0.0,0.0,0.004159238437203131,26.79143754909662,0.0,11.0,2.6357400293004867
PTK2,6201,0.013707466537655217,95,0.015320109659732302,0.0,0.0,0.0,2546,0.02356637863315004,947,0.37195600942655144,0.0,0.0,0.054910242872228086,0.009858912095494821,24.27893909951627,0.054910242872228086,9.968421052631578,2.6015935768056893
NTHL1,6201,0.0006450572488308337,4,0.0006450572488308337,0.0,0.0,0.0,2546,0.009033778476040848,42,0.016496465043205028,0.0,0.0,0.0,0.008388721227210015,25.573644933228593,0.0,10.5,2.595161473312202
RHOT2,6201,0.005482986615062087,37,0.0059667795516852125,0.0,0.0,0.0,2546,0.0192458758837392,376,0.1476826394344069,0.0,0.0,0.0,0.013762889268677112,24.75081208466911,0.0,10.162162162162161,2.569081872589891
FGF22,6201,0.0006450572488308337,4,0.0006450572488308337,0.0,0.0,0.0,2546,0.009426551453260016,40,0.015710919088766692,0.0,0.0,0.0,0.008781494204429183,24.355852317360565,0.0,10.0,2.5486438776828453
AP3S1,6201,0.002902757619738752,19,0.00306402193194646,0.0,0.0,0.0,2546,0.01335428122545169,187,0.07344854673998429,0.0,0.0,0.0106951871657754,0.010451523605712937,23.971286228139082,0.0106951871657754,9.842105263157896,2.5457261441152714
MADD,6201,0.020158039025963553,152,0.02451217545557168,0.0,0.0,0.0,2546,0.03927729772191673,1303,0.5117831893165751,0.0,0.0,0.07597851112816577,0.019119258695953177,20.87873392731633,0.07597851112816577,8.572368421052632,2.4874657007614944
KCNK15,6201,0.0009675858732462506,6,0.0009675858732462506,0.0,0.0,0.0,2546,0.021209740769835034,54,0.021209740769835034,0.0,0.0,0.018518518518518517,0.020242154896588784,21.92026708562451,0.018518518518518517,9.0,2.477635037584264
ERBB2,6201,0.01967424608934043,140,0.02257700370907918,0.0,0.0,0.0,2546,0.04006284367635507,1071,0.4206598586017282,0.0,0.0,0.14939309056956115,0.02038859758701464,18.632227022780835,0.14939309056956115,7.65,2.4538069594134035
CEBPD,6201,0.0004837929366231253,3,0.0004837929366231253,0.0,0.0,0.0,2546,0.01021209740769835,26,0.01021209740769835,0.0,0.0,0.038461538461538464,0.009728304471075226,21.10840534171249,0.038461538461538464,8.666666666666666,2.451000530792601
CDC25B,6201,0.00612804386389292,39,0.006289308176100629,0.0,0.0,0.0,2546,0.020031421838177535,350,0.13747054202670855,0.0,0.0,0.0,0.013903377974284615,21.85781618224666,0.0,8.974358974358974,2.450049321132267
IMPDH2,6201,0.0003225286244154169,2,0.0003225286244154169,0.0,0.0,0.0,2546,0.007069913589945012,18,0.007069913589945012,0.0,0.0,0.0,0.006747384965529595,21.92026708562451,0.0,9.0,2.4456217491346863
AP2S1,6201,0.0006450572488308337,4,0.0006450572488308337,0.0,0.0,0.0,2546,0.005106048703849175,35,0.013747054202670856,0.0,0.0,0.0,0.004460991455018342,21.311370777690495,0.0,8.75,2.4164102597510047
EFS,6201,0.006450572488308337,41,0.006611836800516046,0.0,0.0,0.0,2546,0.05066771406127259,340,0.1335428122545169,0.0,1.0,0.0,0.04421714157296425,20.197536068055104,0.0,8.292682926829269,2.4049549127315974
SH2B2,6201,0.0035478148685695854,23,0.003709079180777294,0.0,0.0,0.0,2546,0.031029065200314218,183,0.07187745483110762,0.0,0.0,0.04918032786885246,0.027481250331744634,19.37878684381297,0.04918032786885246,7.956521739130435,2.3980088968632916
ZC3H14,6201,0.008385744234800839,55,0.008869537171423964,0.0,0.0,0.0,2546,0.022780832678711706,381,0.14964650432050275,0.0,0.0,0.19160104986876642,0.014395088443910867,16.87196315075341,0.19160104986876642,6.927272727272728,2.3960821382350947
FGF2,6201,0.001128850185453959,7,0.001128850185453959,0.0,0.0,0.0,2546,0.018853102906520033,58,0.022780832678711706,0.0,0.0,0.017241379310344827,0.017724252721066074,20.180563348670184,0.017241379310344827,8.285714285714286,2.3949023894340695
SIRT6,6201,0.00306402193194646,21,0.003386550556361877,0.0,0.0,0.0,2546,0.01767478397486253,176,0.06912804399057344,0.0,0.0,0.005681818181818182,0.01461076204291607,20.412523846930757,0.005681818181818182,8.380952380952381,2.391121377006445
NFIB,6201,0.005805515239477504,40,0.006450572488308337,0.0,0.0,0.0,2546,0.016889238020424194,303,0.1190102120974077,0.0,0.0,0.09900990099009901,0.01108372278094669,18.44955813040063,0.09900990099009901,7.575,2.3847707947861627
APLP2,6201,0.008547008547008548,60,0.009675858732462506,0.0,0.0,0.0,2546,0.020031421838177535,481,0.1889238020424195,0.0,0.0,0.035343035343035345,0.011484413291168987,19.525274941084053,0.035343035343035345,8.016666666666667,2.375337318747347
HES6,6201,0.0006450572488308337,4,0.0006450572488308337,0.0,0.0,0.0,2546,0.007069913589945012,32,0.012568735271013355,0.0,0.0,0.03125,0.006424856341114178,19.484681853888453,0.03125,8.0,2.3642050559729695
VEGFA,6201,0.0027414933075310434,17,0.0027414933075310434,0.0,0.0,0.0,2546,0.04124116260801257,133,0.05223880597014925,0.0,0.0,0.015037593984962405,0.03849966930048153,19.054872695346795,0.015037593984962405,7.823529411764706,2.358862234151092
ARTN,6201,0.0009675858732462506,6,0.0009675858732462506,0.0,0.0,0.0,2546,0.010604870384917517,49,0.0192458758837392,0.0,0.0,0.0,0.009637284511671266,19.890612725844463,0.0,8.166666666666666,2.355790010150104
PFKP,6201,0.0075794226737622965,50,0.008063215610385421,0.0,0.0,0.0,2546,0.031421838177533384,397,0.15593087195600944,0.0,0.0,0.0,0.023842415503771086,19.33854673998429,0.0,7.94,2.343213174633329
MEF2A,6201,0.006773101112723754,45,0.00725689404934688,0.0,0.0,0.0,2546,0.018853102906520033,284,0.11154752553024352,0.0,0.0,0.22535211267605634,0.012080001793796279,15.371249018067557,0.22535211267605634,6.311111111111111,2.3398116215923057
TLE4,6201,0.01435252378648605,107,0.0172552814062248,0.0,0.0,0.009345794392523364,2546,0.02631578947368421,808,0.3173605655930872,0.0,0.0,0.06064356435643564,0.011963265687198158,18.39208287142742,0.051297769963912276,7.5514018691588785,2.334978738454262
SORBS1,6201,0.015965166908563134,120,0.019351717464925013,0.0,0.0,0.0,2546,0.03731343283582089,895,0.35153181461115474,0.0,0.0,0.0446927374301676,0.02134826592725776,18.16540652003142,0.0446927374301676,7.458333333333333,2.326000732990291
RXRA,6201,0.007418158361554588,48,0.0077406869859700045,0.0,0.0,0.0,2546,0.06952081696779261,359,0.14100549882168106,0.0,2.0,0.0,0.06210265860623802,18.21614787902592,0.0,7.479166666666667,2.3247064389738927
RAPGEFL1,6201,0.004999193678438961,32,0.00516045799064667,0.0,0.0,0.0,2546,0.06087981146897094,235,0.09230164964650432,0.0,1.0,0.0,0.055880617790531974,17.886329045561666,0.0,7.34375,2.3011717666434888
NME4,6201,0.0009675858732462506,6,0.0009675858732462506,0.0,0.0,0.0,2546,0.009426551453260016,43,0.016889238020424194,0.0,0.0,0.06976744186046512,0.008458965580013765,17.455027494108407,0.06976744186046512,7.166666666666667,2.3004160531532256
DLAT,6201,0.004837929366231253,34,0.005482986615062087,0.0,0.0,0.0,2546,0.020031421838177535,260,0.1021209740769835,0.0,0.0,0.0,0.015193492471946282,18.62506353680514,0.0,7.647058823529412,2.298853813119443
CELF2,6201,0.007095629737139171,47,0.0075794226737622965,0.0,0.0,0.0,2546,0.01767478397486253,343,0.1347211311861744,0.0,0.0,0.0029154518950437317,0.010579154237723359,17.774590095435478,0.0029154518950437317,7.297872340425532,2.2528517905178695
DUT,6201,0.0009675858732462506,6,0.0009675858732462506,0.0,0.0,0.0,2546,0.007069913589945012,44,0.01728201099764336,0.0,0.0,0.0,0.006102327716698761,17.860958366064413,0.0,7.333333333333333,2.250049237814646
ATP6V0A1,6201,0.009353330108047089,63,0.010159651669085631,0.0,0.0,0.0,2546,0.020031421838177535,406,0.15946582875098192,0.0,0.0,0.11083743842364532,0.010678091730130446,15.695993715632364,0.11083743842364532,6.444444444444445,2.243537142969064
GSN,6201,0.008063215610385421,55,0.008869537171423964,0.0,0.0,0.0,2546,0.022780832678711706,393,0.15435978004713274,0.0,0.0,0.0,0.014717617068326284,17.403363564950368,0.0,7.1454545454545455,2.234103886859945
PEX11G,6201,0.0016126431220770843,10,0.0016126431220770843,0.0,0.0,0.0,2546,0.015318146111547526,68,0.02670856245090338,0.0,0.0,0.04411764705882353,0.013705502989470441,16.561979575805186,0.04411764705882353,6.8,2.2304122834488895
POLE4,6201,0.0003225286244154169,2,0.0003225286244154169,0.0,0.0,0.0,2546,0.005106048703849175,13,0.005106048703849175,0.0,0.0,0.07692307692307693,0.0047835200794337585,15.831304006284368,0.07692307692307693,6.5,2.2117999027064257
SERPINB6,6201,0.0041928721174004195,26,0.0041928721174004195,0.0,0.0,0.0,2546,0.0192458758837392,181,0.07109190887666929,0.0,0.0,0.0,0.01505300376633878,16.955420267085625,0.0,6.961538461538462,2.209797857298651
KIFC3,6201,0.005644250927269795,42,0.006773101112723754,0.0,0.0,0.0,2546,0.02749410840534171,275,0.10801256873527101,0.0,0.0,0.04,0.021849857478071916,15.947284255414656,0.04,6.5476190476190474,2.1988102769883535
CANX,6201,0.005644250927269795,36,0.005805515239477504,0.0,0.0,0.0,2546,0.02513747054202671,227,0.08915946582875098,0.0,0.0,0.07488986784140969,0.019493219614756915,15.357717989002357,0.07488986784140969,6.305555555555555,2.1959357411167795
DCXR,6201,0.001128850185453959,7,0.001128850185453959,0.0,0.0,0.0,2546,0.009426551453260016,48,0.018853102906520033,0.0,0.0,0.0,0.008297701267806058,16.701155874761533,0.0,6.857142857142857,2.188780461814297
OPA1,6201,0.008869537171423964,62,0.009998387356877922,0.0,0.0,0.0,2546,0.02199528672427337,388,0.15239591516103693,0.0,0.0,0.07989690721649484,0.013125749552849406,15.242049514735323,0.07989690721649484,6.258064516129032,2.1874790046264367
PROC,6201,0.006611836800516046,49,0.007901951298177712,0.0,0.0,0.0,2546,0.020816967792615867,307,0.12058130400628436,0.0,0.0,0.06514657980456026,0.014205130992099822,15.259687064142232,0.06514657980456026,6.26530612244898,2.174893388423467
PPP1R2,6201,0.0019351717464925011,12,0.0019351717464925011,0.0,0.0,0.0,2546,0.023959151610369208,67,0.02631578947368421,0.0,0.0,0.16417910447761194,0.022023979863876705,13.598684210526315,0.16417910447761194,5.583333333333333,2.1739873058678607
SNRPG,6201,0.0006450572488308337,4,0.0006450572488308337,0.0,0.0,0.0,2546,0.004713275726630008,27,0.010604870384917517,0.0,0.0,0.0,0.0040682184777991745,16.44020031421838,0.0,6.75,2.169698942239742
ARPC5L,6201,0.0008063215610385422,5,0.0008063215610385422,0.0,0.0,0.0,2546,0.008248232521602514,21,0.008248232521602514,0.0,0.0,0.42857142857142855,0.007441910960563972,10.229457973291439,0.42857142857142855,4.2,2.161406660599541
GLRX2,6201,0.0012901144976616675,8,0.0012901144976616675,0.0,0.0,0.0,2546,0.012175962293794187,49,0.0192458758837392,0.0,0.0,0.061224489795918366,0.01088584779613252,14.917959544383347,0.061224489795918366,6.125,2.146411159911299
FRAT1,6201,0.0003225286244154169,2,0.0003225286244154169,0.0,0.0,0.0,2546,0.004713275726630008,12,0.004713275726630008,0.0,0.0,0.08333333333333333,0.004390747102214591,14.61351139041634,0.08333333333333333,6.0,2.142713554040407
TNNT3,6201,0.00516045799064667,36,0.005805515239477504,0.0,0.0,0.027777777777777776,2546,0.012568735271013355,205,0.0805184603299293,0.0,0.0,0.13658536585365855,0.007408277280366685,13.869304791830324,0.10880758807588077,5.694444444444445,2.1223676917766707
PFKM,6201,0.0075794226737622965,55,0.008869537171423964,0.0,0.0,0.0,2546,0.022780832678711706,339,0.1331500392772977,0.0,0.0,0.02654867256637168,0.01520141000494941,15.012061701064056,0.02654867256637168,6.163636363636364,2.1219451965607123
SDCBP,6201,0.002257700370907918,14,0.002257700370907918,0.0,0.0,0.0,2546,0.007462686567164179,85,0.03338570306362922,0.0,0.0,0.047058823529411764,0.005204986196256261,14.78748176411177,0.047058823529411764,6.071428571428571,2.118333961757692
BAIAP2,6201,0.0077406869859700045,52,0.008385744234800839,0.0,0.0,0.0,2546,0.028279654359780047,323,0.12686567164179105,0.0,0.0,0.006191950464396285,0.020538967373810044,15.128731343283581,0.006191950464396285,6.211538461538462,2.11418597432485
ARHGAP27,6201,0.006611836800516046,47,0.0075794226737622965,0.0,0.0,0.0,2546,0.02356637863315004,278,0.10919088766692851,0.0,0.0,0.03597122302158273,0.016954541832633993,14.406227540906887,0.03597122302158273,5.914893617021277,2.0945503977451385
MSRA,6201,0.0019351717464925011,12,0.0019351717464925011,0.0,0.0,0.0,2546,0.009819324430479183,74,0.029065200314218383,0.0,0.0,0.0,0.007884152683986682,15.01944226237235,0.0,6.166666666666667,2.088540098075321
CLTA,6201,0.001451378809869376,9,0.001451378809869376,0.0,0.0,0.0,2546,0.009033778476040848,54,0.021209740769835034,0.0,0.0,0.018518518518518517,0.007582399666171472,14.613511390416338,0.018518518518518517,6.0,2.0810903917895494
SLC3A2,6201,0.004837929366231253,32,0.00516045799064667,0.0,0.0,0.0,2546,0.022780832678711706,187,0.07344854673998429,0.0,0.0,0.0213903743315508,0.017942903312480454,14.23295119795758,0.0213903743315508,5.84375,2.069647020528245
SNX14,6201,0.008063215610385421,64,0.01032091598129334,0.0,0.0,0.0,2546,0.01767478397486253,385,0.15121759622937941,0.0,0.0,0.0025974025974025974,0.009611568364477109,14.651567409662215,0.0025974025974025974,6.015625,2.0696328563450486
TGIF1,6201,0.005321722302854378,33,0.005321722302854378,0.0,0.0,0.0,2546,0.0192458758837392,175,0.06873527101335428,0.0,0.0,0.11428571428571428,0.013924153580884821,12.91598228950939,0.11428571428571428,5.303030303030303,2.0681006719244692
IMP4,6201,0.0041928721174004195,26,0.0041928721174004195,0.0,0.0,0.0,2546,0.01021209740769835,134,0.05263157894736842,0.0,0.0,0.1417910447761194,0.006019225290297931,12.552631578947366,0.1417910447761194,5.153846153846154,2.0612438304438223
MARCKS,6201,0.0027414933075310434,17,0.0027414933075310434,0.0,0.0,0.0,2546,0.03809897879025923,97,0.03809897879025923,0.0,0.0,0.010309278350515464,0.035357485482728185,13.897162792846911,0.010309278350515464,5.705882352941177,2.053690361505716
SURF1,6201,0.0012901144976616675,8,0.0012901144976616675,0.0,0.0,0.0,2546,0.010604870384917517,47,0.018460329929300863,0.0,0.0,0.0,0.00931475588725585,14.309063236449331,0.0,5.875,2.04461259674018
NDUFA5,6201,0.0008063215610385422,5,0.0008063215610385422,0.0,0.0,0.0,2546,0.00432050274941084,28,0.010997643362136685,0.0,0.0,0.03571428571428571,0.003514181188372298,13.639277297721916,0.03571428571428571,5.6,2.0297894287476854
RGS11,6201,0.0035478148685695854,22,0.0035478148685695854,0.0,0.0,0.0,2546,0.01767478397486253,122,0.047918303220738416,0.0,0.0,0.03278688524590164,0.014126969106292945,13.506427194172678,0.03278688524590164,5.545454545454546,2.0283584797809318
TFDP2,6201,0.005805515239477504,36,0.005805515239477504,0.0,0.0,0.05555555555555555,2546,0.012175962293794187,198,0.07776904948939513,0.0,0.0,0.10101010101010101,0.0063704470543166835,13.39571877454831,0.045454545454545456,5.5,2.0256086670032536
SMTN,6201,0.011611030478955007,79,0.012739880664408966,0.0,0.0,0.0,2546,0.034956794972505895,422,0.1657501963864886,0.0,0.0,0.052132701421800945,0.023345764493550886,13.010341364463493,0.052132701421800945,5.341772151898734,2.0221270111793226
ARPP21,6201,0.020319303338171262,152,0.02451217545557168,0.0,0.0,0.0,2546,0.03534956794972506,805,0.3161822466614297,0.0,0.0,0.062111801242236024,0.015030264611553799,12.898987575970562,0.062111801242236024,5.296052631578948,2.0158108865166904
TAF1C,6201,0.009837123044670215,66,0.010643444605708756,0.0,0.0,0.0,2546,0.03809897879025923,361,0.1417910447761194,0.0,0.0,0.01662049861495845,0.028261855745589017,13.321913161465401,0.01662049861495845,5.46969696969697,2.0135259270703196
MXD3,6201,0.0008063215610385422,5,0.0008063215610385422,0.0,0.0,0.0,2546,0.01021209740769835,26,0.01021209740769835,0.0,0.0,0.07692307692307693,0.009405775846659808,12.665043205027494,0.07692307692307693,5.2,2.0080226533138763
ST3GAL6,6201,0.004999193678438961,34,0.005482986615062087,0.0,0.0,0.029411764705882353,2546,0.015710919088766692,174,0.06834249803613511,0.0,0.0,0.11494252873563218,0.010711725410327732,12.464465597708054,0.08553076402974982,5.117647058823529,2.0031493461056717
BAX,6201,0.004031607805192711,27,0.0043541364296081275,0.0,0.0,0.0,2546,0.02631578947368421,144,0.056559308719560095,0.0,0.0,0.027777777777777776,0.0222841816684915,12.989787902592303,0.027777777777777776,5.333333333333333,1.995242406804923
FDX1,6201,0.0006450572488308337,4,0.0006450572488308337,0.0,0.0,0.0,2546,0.007855459544383346,20,0.007855459544383346,0.0,0.0,0.1,0.0072104022955525125,12.177926158680282,0.1,5.0,1.9926063908331997
ARRB2,6201,0.003386550556361877,23,0.003709079180777294,0.0,0.0,0.043478260869565216,2546,0.0204241948153967,125,0.049096622152395915,0.0,0.0,0.032,0.017037644259034826,13.23687625943509,-0.011478260869565216,5.434782608695652,1.9912042426850105
SGCE,6201,0.005644250927269795,37,0.0059667795516852125,0.0,0.0,0.0,2546,0.01767478397486253,168,0.06598586017282011,0.0,0.0,0.17857142857142858,0.012030533047592735,11.058873484639392,0.17857142857142858,4.54054054054054,1.9872555587613197
XAF1,6201,0.003386550556361877,22,0.0035478148685695854,0.0,0.0,0.0,2546,0.009033778476040848,108,0.04241948153967007,0.0,0.0,0.1111111111111111,0.005647227919678971,11.95650931943155,0.1111111111111111,4.909090909090909,1.9852094704792762
DMPK,6201,0.005482986615062087,39,0.006289308176100629,0.0,0.0,0.0,2546,0.022780832678711706,213,0.08366064414768264,0.0,0.0,0.0,0.01729784606364962,13.302042419481538,0.0,5.461538461538462,1.9845530191079976
RAB34,6201,0.0041928721174004195,26,0.0041928721174004195,0.0,0.0,0.0,2546,0.020816967792615867,117,0.04595443833464258,0.0,0.0,0.1794871794871795,0.016624095675215448,10.960133542812255,0.1794871794871795,4.5,1.9845430088495764
CENPM,6201,0.0016126431220770843,10,0.0016126431220770843,0.0,0.0,0.0,2546,0.011390416339355853,45,0.01767478397486253,0.0,0.0,0.17777777777777778,0.009777773217278768,10.960133542812255,0.17777777777777778,4.5,1.975987284682238
STK25,6201,0.0032252862441541686,21,0.003386550556361877,0.0,0.0,0.0,2546,0.013747054202670856,110,0.04320502749410841,0.0,0.0,0.03636363636363636,0.010521767958516687,12.757827404331726,0.03636363636363636,5.238095238095238,1.9753461516740765
MLF1,6201,0.004676665054023544,31,0.004999193678438961,0.0,0.0,0.0,2546,0.012568735271013355,152,0.05970149253731343,0.0,0.0,0.09868421052631579,0.00789207021698981,11.942224362060665,0.09868421052631579,4.903225806451613,1.9739242726332948
PCM1,6201,0.013707466537655217,106,0.017094017094017096,0.0,0.0,0.0,2546,0.03260015710919089,499,0.1959937156323645,0.0,0.0,0.12424849699398798,0.018892690571535673,11.465632364493322,0.12424849699398798,4.7075471698113205,1.9729694539011604
CRIP2,6201,0.0016126431220770843,10,0.0016126431220770843,0.0,0.0,0.0,2546,0.010997643362136685,53,0.020816967792615867,0.0,0.0,0.018867924528301886,0.0093850002400596,12.9086017282011,0.018867924528301886,5.3,1.967613222316112
IL15RA,6201,0.002902757619738752,23,0.003709079180777294,0.0,0.0,0.0,2546,0.015318146111547526,122,0.047918303220738416,0.0,0.0,0.00819672131147541,0.012415388491808774,12.91919122920865,0.00819672131147541,5.304347826086956,1.9607334811117103
MADCAM1,6201,0.0043541364296081275,30,0.004837929366231253,0.0,0.0,0.0,2546,0.04752553024351924,134,0.05263157894736842,0.0,0.0,0.12686567164179105,0.043171393813911114,10.878947368421052,0.12686567164179105,4.466666666666667,1.9516575895528063
FGD4,6201,0.010804708917916465,71,0.011449766166747298,0.0,0.0,0.0,2546,0.024351924587588374,330,0.12961508248232523,0.0,0.0,0.11212121212121212,0.01354721566967191,11.320325724970406,0.11212121212121212,4.647887323943662,1.943771643701946
RUNX1,6201,0.010643444605708756,77,0.01241735203999355,0.0,0.0,0.0,2546,0.07776904948939513,379,0.14886095836606442,0.0,2.0,0.005277044854881266,0.06712560488368638,11.988140296467083,0.005277044854881266,4.922077922077922,1.9432921253678934
LYSMD2,6201,0.0009675858732462506,6,0.0009675858732462506,0.0,0.0,0.0,2546,0.006284367635506678,27,0.010604870384917517,0.0,0.0,0.14814814814814814,0.005316781762260427,10.960133542812255,0.14814814814814814,4.5,1.9418966635975898
HSD17B4,6201,0.008547008547008548,60,0.009675858732462506,0.0,0.0,0.0,2546,0.018853102906520033,315,0.1237234878240377,0.0,0.0,0.0,0.010306094359511485,12.786822466614296,0.0,5.25,1.9408721560376725
NCS1,6201,0.001128850185453959,8,0.0012901144976616675,0.0,0.0,0.0,2546,0.009819324430479183,42,0.016496465043205028,0.0,0.0,0.0,0.008690474245025224,12.786822466614296,0.0,5.25,1.9392565359231861
DIABLO,6201,0.001451378809869376,10,0.0016126431220770843,0.0,0.0,0.0,2546,0.006284367635506678,48,0.018853102906520033,0.0,0.0,0.08333333333333333,0.0048329888256373014,11.690809112333072,0.08333333333333333,4.8,1.935897181129871
TNFAIP8,6201,0.0027414933075310434,18,0.002902757619738752,0.0,0.0,0.05555555555555555,2546,0.009819324430479183,91,0.03574234092694423,0.0,0.0,0.08791208791208792,0.007077831122948139,12.313236449332287,0.032356532356532366,5.055555555555555,1.9350459449967132
AIMP2,6201,0.003709079180777294,26,0.0041928721174004195,0.0,0.0,0.0,2546,0.01178318931657502,135,0.05302435192458759,0.0,0.0,0.0,0.008074110135797726,12.646307934014139,0.0,5.1923076923076925,1.928395933595626
TSC2,6201,0.01967424608934043,143,0.023060796645702306,0.0,0.0,0.0,2546,0.046347211311861744,677,0.2659073055773763,0.0,0.0,0.06351550960118169,0.026672965222521314,11.53070770549168,0.06351550960118169,4.734265734265734,1.9252235424619593
TNIP1,6201,0.006289308176100629,42,0.006773101112723754,0.0,0.0,0.0,2546,0.04359780047132757,210,0.08248232521602514,0.0,0.0,0.0,0.037308492295226946,12.177926158680282,0.0,5.0,1.9227044808328742
TIMP1,6201,0.0012901144976616675,8,0.0012901144976616675,0.0,0.0,0.0,2546,0.015710919088766692,41,0.01610369206598586,0.0,0.0,0.0,0.014420804591105025,12.482374312647288,0.0,5.125,1.9226568499582675
E2F4,6201,0.002902757619738752,20,0.0032252862441541686,0.0,0.0,0.0,2546,0.0192458758837392,50,0.019638648860958365,0.0,0.0,0.64,0.016343118264000447,6.088963079340141,0.64,2.5,1.9217350164014522
SNX10,6201,0.002257700370907918,15,0.0024189646831156266,0.0,0.0,0.0,2546,0.01021209740769835,70,0.02749410840534171,0.0,0.0,0.08571428571428572,0.007954397036790432,11.366064414768264,0.08571428571428572,4.666666666666667,1.9154774823361196
SSR3,6201,0.0012901144976616675,9,0.001451378809869376,0.0,0.0,0.0,2546,0.01021209740769835,46,0.018067556952081697,0.0,0.0,0.0,0.008921982910036683,12.44854673998429,0.0,5.111111111111111,1.9146458534884176
ARHGEF9,6201,0.008708272859216255,58,0.009353330108047089,0.0,0.0,0.017241379310344827,2546,0.016496465043205028,278,0.10919088766692851,0.0,0.0,0.07553956834532374,0.007788192183988773,11.674011972803857,0.058298189034978916,4.793103448275862,1.9124927962343417
STX16,6201,0.00516045799064667,32,0.00516045799064667,0.0,0.0,0.0,2546,0.015318146111547526,157,0.06166535742340927,0.0,0.0,0.03184713375796178,0.010157688120900857,11.949590043205028,0.03184713375796178,4.90625,1.9099217720680093
LMO2,6201,0.003386550556361877,22,0.0035478148685695854,0.0,0.0,0.0,2546,0.029850746268656716,109,0.04281225451688924,0.0,0.0,0.0,0.026464195712294837,12.067217739055918,0.0,4.954545454545454,1.9034236462987029
NRCAM,6201,0.016932752781809387,123,0.01983551040154814,0.0,0.0,0.0,2546,0.03181461115475255,590,0.2317360565593087,0.0,0.0,0.03898305084745763,0.014881858372943164,11.68288850995344,0.03898305084745763,4.796747967479675,1.9009714521964625
FOSL1,6201,0.001451378809869376,9,0.001451378809869376,0.0,0.0,0.0,2546,0.009426551453260016,44,0.01728201099764336,0.0,0.0,0.022727272727272728,0.00797517264339064,11.907305577376276,0.022727272727272728,4.888888888888889,1.8953487397051425
LSP1,6201,0.0041928721174004195,28,0.004515400741815836,0.0,0.0,0.0,2546,0.02356637863315004,138,0.05420267085624509,0.0,0.0,0.0,0.01937350651574962,12.00395578498485,0.0,4.928571428571429,1.8914799282828585
TAX1BP3,6201,0.0003225286244154169,2,0.0003225286244154169,0.0,0.0,0.0,2546,0.0027494108405341712,10,0.003927729772191673,0.0,0.0,0.0,0.0024268822161187544,12.177926158680282,0.0,5.0,1.887822870753766
CAMKK2,6201,0.006611836800516046,43,0.006934365424931463,0.0,0.0,0.0,2546,0.05498821681068342,148,0.05813040062843677,0.0,1.0,0.2905405405405405,0.04837638001016738,8.382944518533405,0.2905405405405405,3.441860465116279,1.8846633683038307
BAG1,6201,0.0016126431220770843,12,0.0019351717464925011,0.0,0.0,0.0,2546,0.009033778476040848,59,0.023173605655930872,0.0,0.0,0.0,0.007421135353963764,11.974960722702278,0.0,4.916666666666667,1.8772953566893487
MLH1,6201,0.009353330108047089,67,0.010804708917916465,0.0,0.0,0.0,2546,0.02749410840534171,279,0.10958366064414768,0.0,0.0,0.13978494623655913,0.018140778297294623,10.14221312916955,0.13978494623655913,4.164179104477612,1.875519423837759
HDGF,6201,0.003709079180777294,23,0.003709079180777294,0.0,0.0,0.0,2546,0.012175962293794187,101,0.0396700706991359,0.0,0.0,0.09900990099009901,0.008466883113016892,10.695396017623553,0.09900990099009901,4.391304347826087,1.8735248651371328
GRINA,6201,0.0043541364296081275,30,0.004837929366231253,0.0,0.0,0.0,2546,0.05263157894736842,134,0.05263157894736842,0.0,1.0,0.03731343283582089,0.04827744251776029,10.878947368421052,0.03731343283582089,4.466666666666667,1.8672113994506854
HELLS,6201,0.008547008547008548,57,0.009192065795839382,0.0,0.0,0.017543859649122806,2546,0.016889238020424194,247,0.09701492537313433,0.0,0.0,0.1214574898785425,0.008342229473415647,10.554202670856245,0.1039136302294197,4.333333333333333,1.8661579175335303
AK2,6201,0.004676665054023544,33,0.005321722302854378,0.0,0.0,0.0,2546,0.01767478397486253,159,0.0624509033778476,0.0,0.0,0.0,0.012998118920838986,11.735092480182818,0.0,4.818181818181818,1.8642123086570197
B3GALT6,6201,0.001451378809869376,9,0.001451378809869376,0.0,0.0,0.0,2546,0.016496465043205028,42,0.016496465043205028,0.0,0.0,0.023809523809523808,0.015045086233335652,11.366064414768264,0.023809523809523808,4.666666666666667,1.8606634096279029
SLC22A18,6201,0.004515400741815836,29,0.004676665054023544,0.0,0.0,0.0,2546,0.02356637863315004,129,0.05066771406127259,0.0,0.0,0.06201550387596899,0.0190509778913342,10.83415499634315,0.06201550387596899,4.448275862068965,1.858909142920718
FUS,6201,0.005644250927269795,39,0.006289308176100629,0.0,0.0,0.0,2546,0.02670856245090338,168,0.06598586017282011,0.0,0.0,0.08928571428571429,0.021064311523633583,10.491751767478398,0.08928571428571429,4.3076923076923075,1.8588323856700821
ZBTB10,6201,0.00612804386389292,41,0.006611836800516046,0.0,0.0,0.0,2546,0.04870384917517675,176,0.06912804399057344,0.0,0.0,0.06818181818181818,0.042575805311283826,10.455195141110876,0.06818181818181818,4.2926829268292686,1.8560537941462312
MYO1C,6201,0.008869537171423964,57,0.009192065795839382,0.0,0.0,0.0,2546,0.030243519245875882,269,0.105655930871956,0.0,0.0,0.0,0.021373982074451917,11.494253111175423,0.0,4.719298245614035,1.8534955889988523
IKBKG,6201,0.0008063215610385422,5,0.0008063215610385422,0.0,0.0,0.0,2546,0.00432050274941084,24,0.009426551453260016,0.0,0.0,0.0,0.003514181188372298,11.690809112333072,0.0,4.8,1.8512450401592728
CASP7,6201,0.0035478148685695854,22,0.0035478148685695854,0.0,0.0,0.0,2546,0.014532600157109192,97,0.03809897879025923,0.0,0.0,0.061855670103092786,0.010984785288539606,10.738716703563522,0.061855670103092786,4.409090909090909,1.842585773509321
ZNF185,6201,0.006611836800516046,43,0.006934365424931463,0.0,0.0,0.0,2546,0.016889238020424194,194,0.07619795758051846,0.0,0.0,0.041237113402061855,0.01027740121990815,10.988454301320813,0.041237113402061855,4.511627906976744,1.8423113791381338
IFT88,6201,0.008547008547008548,58,0.009353330108047089,0.0,0.0,0.0,2546,0.0192458758837392,243,0.09544383346425767,0.0,0.0,0.102880658436214,0.010698867336730651,10.204262263997618,0.102880658436214,4.189655172413793,1.836726610405231
ABLIM1,6201,0.010804708917916465,78,0.012578616352201259,0.0,0.0,0.0,2546,0.022388059701492536,334,0.1311861743912019,0.0,0.0,0.07784431137724551,0.011583350783576071,10.42930086410055,0.07784431137724551,4.282051282051282,1.8324607907914754
PEMT,6201,0.0019351717464925011,12,0.0019351717464925011,0.0,0.0,0.0,2546,0.008248232521602514,55,0.021602513747054203,0.0,0.0,0.01818181818181818,0.006313060775110013,11.16309897879026,0.01818181818181818,4.583333333333333,1.8297543926956623
MALL,6201,0.0035478148685695854,22,0.0035478148685695854,0.0,0.0,0.0,2546,0.031029065200314218,86,0.03377847604084839,0.0,0.0,0.13953488372093023,0.027481250331744634,9.520924087695494,0.13953488372093023,3.909090909090909,1.8272349979801887
NRTN,6201,0.0008063215610385422,5,0.0008063215610385422,0.0,0.0,0.0,2546,0.00864100549882168,22,0.00864100549882168,0.0,0.0,0.045454545454545456,0.007834683937783138,10.716575019638649,0.045454545454545456,4.4,1.8211465564533986
CD36,6201,0.006289308176100629,40,0.006450572488308337,0.0,0.0,0.0,2546,0.014532600157109192,156,0.061272584446190104,0.0,0.0,0.15384615384615385,0.008243291981008562,9.49878240377062,0.15384615384615385,3.9,1.8202015541609795
ZBTB17,6201,0.005644250927269795,48,0.0077406869859700045,0.0,0.0,0.0,2546,0.023959151610369208,210,0.08248232521602514,0.0,0.0,0.0380952380952381,0.018314900683099412,10.655685388845248,0.0380952380952381,4.375,1.8190570353988116
APOE,6201,0.002580228995323335,18,0.002902757619738752,0.0,0.0,0.0,2546,0.016889238020424194,80,0.031421838177533384,0.0,0.0,0.025,0.01430900902510086,10.82482325216025,0.025,4.444444444444445,1.8163628157682528
CMPK1,6201,0.0019351717464925011,12,0.0019351717464925011,0.0,0.0,0.0,2546,0.010997643362136685,48,0.018853102906520033,0.0,0.0,0.125,0.009062471615644184,9.742340926944227,0.125,4.0,1.815108319788474
SLC35B2,6201,0.006611836800516046,44,0.007095629737139171,0.0,0.0,0.0,2546,0.018067556952081697,194,0.07619795758051846,0.0,0.0,0.030927835051546393,0.011455720151565651,10.738716703563522,0.030927835051546393,4.409090909090909,1.8121288733208005
PKM,6201,0.005644250927269795,40,0.006450572488308337,0.0,0.0,0.0,2546,0.01767478397486253,180,0.07069913589945012,0.0,0.0,0.011111111111111112,0.012030533047592735,10.960133542812255,0.011111111111111112,4.5,1.8115733778458851
GSG1,6201,0.0041928721174004195,26,0.0041928721174004195,0.0,0.0,0.0,2546,0.013747054202670856,114,0.04477611940298507,0.0,0.0,0.03508771929824561,0.009554182085270436,10.67910447761194,0.03508771929824561,4.384615384615385,1.809296023846913
ACADVL,6201,0.004999193678438961,32,0.00516045799064667,0.0,0.0,0.0,2546,0.018067556952081697,134,0.05263157894736842,0.0,0.0,0.06716417910447761,0.013068363273642736,10.199013157894736,0.06716417910447761,4.1875,1.8029110253349745
IFITM3,6201,0.004031607805192711,25,0.004031607805192711,0.0,0.0,0.04,2546,0.041633935585231735,106,0.041633935585231735,0.0,0.0,0.009433962264150943,0.037602327780039024,10.32688138256088,-0.03056603773584906,4.24,1.8021999690230042
ANKRD2,6201,0.004031607805192711,28,0.004515400741815836,0.0,0.0,0.0,2546,0.01767478397486253,112,0.04399057344854674,0.0,0.0,0.10714285714285714,0.01364317616966982,9.742340926944225,0.10714285714285714,4.0,1.801831881485357
TPM4,6201,0.002580228995323335,16,0.002580228995323335,0.0,0.0,0.0,2546,0.009819324430479183,61,0.023959151610369208,0.0,0.0,0.14754098360655737,0.007239095435155848,9.285668695993715,0.14754098360655737,3.8125,1.7923844360987427
PFN1,6201,0.0008063215610385422,5,0.0008063215610385422,0.0,0.0,0.2,2546,0.006677140612725845,18,0.007069913589945012,0.0,0.0,0.0,0.005870819051687302,8.768106834249803,-0.2,3.6,1.7918463124075958
DTYMK,6201,0.0019351717464925011,13,0.0020964360587002098,0.0,0.0,0.0,2546,0.009426551453260016,57,0.022388059701492536,0.0,0.0,0.017543859649122806,0.0074913797067675154,10.67910447761194,0.017543859649122806,4.384615384615385,1.7896893618192873
KDM6B,6201,0.01435252378648605,99,0.015965166908563134,0.0,0.0,0.010101010101010102,2546,0.13982717989002358,358,0.1406127258444619,0.0,1.0,0.0782122905027933,0.12547465610353753,8.807469827894025,0.0681112804017832,3.6161616161616164,1.7835830786103017
PDLIM5,6201,0.008708272859216255,56,0.009030801483631673,0.0,0.0,0.0,2546,0.02788688138256088,231,0.09073055773762766,0.0,0.0,0.05194805194805195,0.019178608523344624,10.046789080911234,0.05194805194805195,4.125,1.7801192847353884
IKZF1,6201,0.014836316723109175,104,0.016771488469601678,0.0,0.0,0.009615384615384616,2546,0.03613511390416339,437,0.17164179104477612,0.0,0.0,0.041189931350114416,0.021298797181054218,10.234141791044776,0.0315745467347298,4.201923076923077,1.7786836789855711
TGFA,6201,0.0019351717464925011,12,0.0019351717464925011,0.0,0.0,0.0,2546,0.007462686567164179,53,0.020816967792615867,0.0,0.0,0.0,0.005527514820671678,10.75716810683425,0.0,4.416666666666667,1.7768434404905022
GMPR2,6201,0.00306402193194646,20,0.0032252862441541686,0.0,0.0,0.0,2546,0.009819324430479183,80,0.031421838177533384,0.0,0.0,0.0875,0.006755302498532722,9.742340926944227,0.0875,4.0,1.7753011506713625
COL8A2,6201,0.00725689404934688,52,0.008385744234800839,0.0,0.0,0.0,2546,0.04477611940298507,212,0.08326787117046347,0.0,0.0,0.03773584905660377,0.03751922535363819,9.929693637077769,0.03773584905660377,4.076923076923077,1.7735911661013313
RFC2,6201,0.002580228995323335,18,0.002902757619738752,0.0,0.0,0.0,2546,0.007462686567164179,67,0.02631578947368421,0.0,0.0,0.14925373134328357,0.0048824575718408435,9.06578947368421,0.14925373134328357,3.7222222222222223,1.7701315018953838
VEZF1,6201,0.00612804386389292,39,0.006289308176100629,0.0,0.0,0.0,2546,0.02199528672427337,101,0.0396700706991359,0.0,0.0,0.45544554455445546,0.01586724286038045,6.307541241162607,0.45544554455445546,2.58974358974359,1.7670724685182615
ACLY,6201,0.01128850185453959,83,0.0133849379132398,0.0,0.0,0.0,2546,0.04595443833464258,340,0.1335428122545169,0.0,0.0,0.029411764705882353,0.034665936480102987,9.977096130003124,0.029411764705882353,4.096385542168675,1.7667414526949985
SIGMAR1,6201,0.0019351717464925011,12,0.0019351717464925011,0.0,0.0,0.0,2546,0.009033778476040848,52,0.0204241948153967,0.0,0.0,0.0,0.0070986067295483474,10.554202670856245,0.0,4.333333333333333,1.7610006645602434
CXCL12,6201,0.0012901144976616675,8,0.0012901144976616675,0.0,0.0,0.0,2546,0.012175962293794187,31,0.012175962293794187,0.0,0.0,0.0967741935483871,0.01088584779613252,9.43789277297722,0.0967741935483871,3.875,1.759955581197447
ARHGEF7,6201,0.012094823415578132,80,0.012901144976616674,0.0,0.0,0.0,2546,0.024351924587588374,344,0.13511390416339356,0.0,0.0,0.0,0.012257101172010242,10.473016496465043,0.0,4.3,1.7591078072790824
ALDH3B1,6201,0.003709079180777294,25,0.004031607805192711,0.0,0.0,0.0,2546,0.015710919088766692,107,0.0420267085624509,0.0,0.0,0.0,0.0120018399079894,10.424304791830322,0.0,4.28,1.7545977445465046
BRF2,6201,0.001128850185453959,7,0.001128850185453959,0.0,0.0,0.0,2546,0.01178318931657502,30,0.01178318931657502,0.0,0.0,0.0,0.01065433913112106,10.438222421725955,0.0,4.285714285714286,1.7544677497334198
RBPJ,6201,0.007095629737139171,48,0.0077406869859700045,0.0,0.0,0.0,2546,0.016496465043205028,186,0.07305577376276512,0.0,0.0,0.0913978494623656,0.009400835306065856,9.43789277297722,0.0913978494623656,3.875,1.7530942246213588
DLG4,6201,0.008708272859216255,63,0.010159651669085631,0.0,0.0,0.0,2546,0.021209740769835034,269,0.105655930871956,0.0,0.0,0.0,0.012501467910618779,10.399562338682527,0.0,4.26984126984127,1.7529292506705187
KCNIP2,6201,0.002580228995323335,20,0.0032252862441541686,0.0,0.0,0.0,2546,0.009819324430479183,79,0.031029065200314218,0.0,0.0,0.0759493670886076,0.007239095435155848,9.620561665357423,0.0759493670886076,3.95,1.7528331838892308
CLDN5,6201,0.0017739074342847927,12,0.0019351717464925011,0.0,0.0,0.0,2546,0.010997643362136685,40,0.015710919088766692,0.0,0.0,0.225,0.009223735927851893,8.118617439120188,0.225,3.3333333333333335,1.7513947513745236
ODF2,6201,0.013546202225447508,97,0.01564263828414772,0.0,0.0,0.0,2546,0.02199528672427337,401,0.1575019638648861,0.0,0.0,0.029925187032418952,0.008449084498825862,10.068759566249058,0.029925187032418952,4.134020618556701,1.749353777777329
FETUB,6201,0.008385744234800839,57,0.009192065795839382,0.0,0.0,0.0,2546,0.025530243519245877,240,0.09426551453260015,0.0,0.0,0.004166666666666667,0.017144499284445038,10.255095712572869,0.004166666666666667,4.2105263157894735,1.7489849637184005
LGALS3,6201,0.0012901144976616675,8,0.0012901144976616675,0.0,0.0,0.0,2546,0.006677140612725845,32,0.012568735271013355,0.0,0.0,0.0625,0.005387026115064177,9.742340926944227,0.0625,4.0,1.748932874287894
RPS6KA5,6201,0.008708272859216255,64,0.01032091598129334,0.0,0.0,0.0,2546,0.014925373134328358,246,0.09662215239591516,0.0,0.0,0.0975609756097561,0.006217100275112103,9.361780734485468,0.0975609756097561,3.84375,1.7487550029537235
MPP2,6201,0.00822447992259313,57,0.009192065795839382,0.0,0.0,0.0,2546,0.02199528672427337,235,0.09230164964650432,0.0,0.0,0.02553191489361702,0.01377080680168024,10.041447885227601,0.02553191489361702,4.12280701754386,1.7478117224092589
DCP1A,6201,0.00516045799064667,32,0.00516045799064667,0.0,0.0,0.0,2546,0.015318146111547526,129,0.05066771406127259,0.0,0.0,0.046511627906976744,0.010157688120900857,9.818452965435979,0.046511627906976744,4.03125,1.7447754194988905
INSM1,6201,0.002902757619738752,18,0.002902757619738752,0.0,0.0,0.0,2546,0.02945797329143755,75,0.02945797329143755,0.0,0.0,0.0,0.026555215671698797,10.148271798900236,0.0,4.166666666666667,1.7446925253904912
POR,6201,0.005644250927269795,38,0.00612804386389292,0.0,0.0,0.0,2546,0.02749410840534171,152,0.05970149253731343,0.0,0.0,0.039473684210526314,0.021849857478071916,9.742340926944227,0.039473684210526314,4.0,1.742369389861428
FKBP1A,6201,0.0006450572488308337,4,0.0006450572488308337,0.0,0.0,0.0,2546,0.006284367635506678,17,0.006677140612725845,0.0,0.0,0.0,0.005639310386675844,10.35123723487824,0.0,4.25,1.7418188752915178
HMMR,6201,0.008708272859216255,63,0.010159651669085631,0.0,0.0,0.0,2546,0.029065200314218383,259,0.10172820109976434,0.0,0.0,0.015444015444015444,0.02035692745500213,10.012961508248233,0.015444015444015444,4.111111111111111,1.7417266603962065
LSR,6201,0.007418158361554588,46,0.007418158361554588,0.0,0.0,0.0,2546,0.0192458758837392,145,0.05695208169677926,0.0,0.0,0.2620689655172414,0.011827717522184611,7.677388230472352,0.2620689655172414,3.152173913043478,1.7414700907668519
CYFIP1,6201,0.015158845347524593,108,0.01741654571843251,0.0,0.0,0.0,2546,0.04006284367635507,438,0.1720345640219953,0.0,0.0,0.0228310502283105,0.024903998328830477,9.877651217596231,0.0228310502283105,4.055555555555555,1.7412982053837516
ATF3,6201,0.0019351717464925011,13,0.0020964360587002098,0.0,0.0,0.0,2546,0.00864100549882168,49,0.0192458758837392,0.0,0.0,0.10204081632653061,0.0067058337523291794,9.180282796543597,0.10204081632653061,3.769230769230769,1.736052259876623
TUFM,6201,0.0008063215610385422,5,0.0008063215610385422,0.0,0.0,0.0,2546,0.006284367635506678,21,0.008248232521602514,0.0,0.0,0.0,0.005478046074468135,10.229457973291439,0.0,4.2,1.7308713671420162
TMEM9B,6201,0.0008063215610385422,5,0.0008063215610385422,0.0,0.0,0.0,2546,0.0054988216810683424,21,0.008248232521602514,0.0,0.0,0.0,0.0046925001200298,10.229457973291439,0.0,4.2,1.7300858211875778
MPI,6201,0.0038703434929850023,25,0.004031607805192711,0.0,0.0,0.0,2546,0.012175962293794187,99,0.038884524744697564,0.0,0.0,0.04040404040404041,0.008305618800809185,9.644917517674784,0.04040404040404041,3.96,1.7206450285032853
GNAI2,6201,0.005482986615062087,37,0.0059667795516852125,0.0,0.0,0.0,2546,0.012175962293794187,122,0.047918303220738416,0.0,0.0,0.20491803278688525,0.0066929756787321,8.03084860194051,0.20491803278688525,3.2972972972972974,1.7191101667707744
IGFBP2,6201,0.00306402193194646,21,0.003386550556361877,0.0,0.0,0.0,2546,0.01610369206598586,73,0.028672427336999214,0.0,0.0,0.1506849315068493,0.013039670134039397,8.466558186511053,0.1506849315068493,3.4761904761904763,1.7183428183429694
SNAP91,6201,0.01564263828414772,115,0.01854539590388647,0.0,0.0,0.0,2546,0.02945797329143755,461,0.18106834249803613,0.0,0.0,0.019522776572668113,0.01381533500728983,9.763519928959322,0.019522776572668113,4.008695652173913,1.716353563202165
GDNF,6201,0.0038703434929850023,24,0.0038703434929850023,0.0,0.0,0.0,2546,0.012961508248232521,96,0.037706205813040065,0.0,0.0,0.020833333333333332,0.00909116475524752,9.742340926944227,0.020833333333333332,4.0,1.7109703462614108
RCAN1,6201,0.0027414933075310434,18,0.002902757619738752,0.0,0.0,0.0,2546,0.01021209740769835,68,0.02670856245090338,0.0,0.0,0.07352941176470588,0.007470604100167307,9.201099764336215,0.07352941176470588,3.7777777777777777,1.7103483698159534
RAD9A,6201,0.0035478148685695854,24,0.0038703434929850023,0.0,0.0,0.041666666666666664,2546,0.018853102906520033,93,0.03652788688138256,0.0,0.0,0.0,0.015305288037950447,9.43789277297722,-0.041666666666666664,3.875,1.7092674945575443
PSMD8,6201,0.0017739074342847927,11,0.0017739074342847927,0.0,0.0,0.0,2546,0.01610369206598586,41,0.01610369206598586,0.0,0.0,0.07317073170731707,0.014329784631701066,9.078090409198028,0.07317073170731707,3.727272727272727,1.704717136943661
PURA,6201,0.0017739074342847927,11,0.0017739074342847927,0.0,0.0,0.0,2546,0.016889238020424194,43,0.016889238020424194,0.0,0.0,0.023255813953488372,0.015115330586139402,9.520924087695494,0.023255813953488372,3.909090909090909,1.6985900084671417
NDUFV3,6201,0.0012901144976616675,8,0.0012901144976616675,0.0,0.0,0.0,2546,0.009819324430479183,26,0.01021209740769835,0.0,0.0,0.19230769230769232,0.008529209932817515,7.915652003142184,0.19230769230769232,3.25,1.6954981058393084
BIN1,6201,0.00612804386389292,41,0.006611836800516046,0.0,0.0,0.0,2546,0.014925373134328358,157,0.06166535742340927,0.0,0.0,0.044585987261146494,0.008797329270435437,9.32650930201368,0.044585987261146494,3.8292682926829267,1.6949504435073548
ARHGDIA,6201,0.0019351717464925011,12,0.0019351717464925011,0.0,0.0,0.0,2546,0.014532600157109192,48,0.018853102906520033,0.0,0.0,0.0,0.01259742841061669,9.742340926944227,0.0,4.0,1.6936432765834466
UCHL5,6201,0.00306402193194646,21,0.003386550556361877,0.0,0.0,0.0,2546,0.007069913589945012,70,0.02749410840534171,0.0,0.0,0.17142857142857143,0.004005891657998552,8.118617439120188,0.17142857142857143,3.3333333333333335,1.6926054785332418
MAPT,6201,0.011772294791162716,79,0.012739880664408966,0.0,0.0,0.0,2546,0.038884524744697564,308,0.12097407698350353,0.0,0.0,0.006493506493506494,0.02711222995353485,9.495699384489942,0.006493506493506494,3.8987341772151898,1.6914241467192501
NDUFB8,6201,0.001128850185453959,7,0.001128850185453959,0.0,0.0,0.0,2546,0.006284367635506678,27,0.010604870384917517,0.0,0.0,0.037037037037037035,0.005155517450052718,9.39440017955336,0.037037037037037035,3.857142857142857,1.6903125907875813
GLIPR2,6201,0.001128850185453959,8,0.0012901144976616675,0.0,0.0,0.0,2546,0.006677140612725845,32,0.012568735271013355,0.0,0.0,0.0,0.005548290427271885,9.742340926944227,0.0,4.0,1.6865941386001018
ASCL1,6201,0.003386550556361877,22,0.0035478148685695854,0.0,0.0,0.0,2546,0.018853102906520033,48,0.018853102906520033,0.0,0.0,0.5208333333333334,0.015466552350158156,5.314004141969578,0.5208333333333334,2.1818181818181817,1.6859227512568467
TLE3,6201,0.008708272859216255,55,0.008869537171423964,0.0,0.0,0.0,2546,0.023959151610369208,214,0.0840534171249018,0.0,0.0,0.014018691588785047,0.015250878751152953,9.476640719845747,0.014018691588785047,3.890909090909091,1.6852704752888694
ARFIP2,6201,0.0043541364296081275,28,0.004515400741815836,0.0,0.0,0.0,2546,0.006677140612725845,112,0.04399057344854674,0.0,0.0,0.0,0.002323004183117717,9.742340926944225,0.0,4.0,1.6833688523559476
IDUA,6201,0.007095629737139171,47,0.0075794226737622965,0.0,0.0,0.0,2546,0.0384917517674784,174,0.06834249803613511,0.0,0.0,0.040229885057471264,0.03139612203033923,9.016847453661144,0.040229885057471264,3.702127659574468,1.6827472472965148
HK1,6201,0.011611030478955007,87,0.014029995162070633,0.0,0.0,0.0,2546,0.02670856245090338,335,0.13157894736842105,0.0,0.0,0.020895522388059702,0.015097531971948372,9.378402903811253,0.020895522388059702,3.8505747126436782,1.6825728768684196
MELK,6201,0.007418158361554588,50,0.008063215610385421,0.0,0.0,0.0,2546,0.012568735271013355,180,0.07069913589945012,0.0,0.0,0.08888888888888889,0.0051505769094587674,8.768106834249805,0.08888888888888889,3.6,1.6800149591542566
GSPT1,6201,0.004515400741815836,30,0.004837929366231253,0.0,0.0,0.0,2546,0.025923016496465043,104,0.0408483896307934,0.0,0.0,0.10576923076923077,0.021407615754649206,8.443362136684996,0.10576923076923077,3.466666666666667,1.6793417412590836
RALGDS,6201,0.008385744234800839,57,0.009192065795839382,0.0,0.0,0.0,2546,0.02474469756480754,217,0.08523173605655932,0.0,0.0,0.02304147465437788,0.0163589533300067,9.272315706784637,0.02304147465437788,3.807017543859649,1.6757057285945094
FGFR1,6201,0.010804708917916465,75,0.012094823415578132,0.0,0.0,0.0,2546,0.025923016496465043,280,0.10997643362136685,0.0,0.0,0.03571428571428571,0.015118307578548578,9.092851531814611,0.03571428571428571,3.7333333333333334,1.669512816866022
CAMK2B,6201,0.007901951298177712,53,0.008547008547008548,0.0,0.0,0.0,2546,0.031029065200314218,204,0.08012568735271014,0.0,0.0,0.0,0.023127113902136506,9.374705420267086,0.0,3.849056603773585,1.669350605828589
TCHH,6201,0.0343492985002419,269,0.04338009998387357,0.0,0.0,0.0037174721189591076,2546,0.2882953652788688,742,0.2914375490966222,0.0,1.0,0.05929919137466307,0.2539460667786269,6.718231382706892,0.05558171925570397,2.758364312267658,1.6599658477603978
UBC,6201,0.011933559103370425,88,0.014191259474278342,0.0,0.0,0.0,2546,0.11861743912018853,303,0.1190102120974077,0.0,1.0,0.006600660066006601,0.10668388001681811,8.386162786545741,0.006600660066006601,3.4431818181818183,1.6593739202931566
DMTN,6201,0.005644250927269795,37,0.0059667795516852125,0.0,0.0,0.0,2546,0.016889238020424194,138,0.05420267085624509,0.0,0.0,0.028985507246376812,0.011244987093154399,9.084074648096642,0.028985507246376812,3.72972972972973,1.6580407257054524
VASP,6201,0.003386550556361877,22,0.0035478148685695854,0.0,0.0,0.0,2546,0.03220738413197172,83,0.03260015710919089,0.0,0.0,0.0,0.02882083357560984,9.188798828822396,0.0,3.772727272727273,1.6569626158559245
GCA,6201,0.0027414933075310434,18,0.002902757619738752,0.0,0.0,0.0,2546,0.008248232521602514,65,0.025530243519245877,0.0,0.0,0.06153846153846154,0.005506739214071471,8.795168892380204,0.06153846153846154,3.611111111111111,1.6557873141540882
MPG,6201,0.00306402193194646,20,0.0032252862441541686,0.0,0.0,0.0,2546,0.01178318931657502,77,0.030243519245875882,0.0,0.0,0.0,0.008719167384628558,9.377003142183817,0.0,3.85,1.655164108250498
ACP2,6201,0.0032252862441541686,21,0.003386550556361877,0.0,0.0,0.0,2546,0.01021209740769835,81,0.03181461115475255,0.0,0.0,0.0,0.006986811163544182,9.39440017955336,0.0,3.857142857142857,1.6551068474640358
AURKB,6201,0.004676665054023544,31,0.004999193678438961,0.0,0.0,0.0,2546,0.011390416339355853,119,0.04673998428908091,0.0,0.0,0.0,0.006713751285332309,9.349504599244863,0.0,3.838709677419355,1.6505052244839489
TK2,6201,0.00306402193194646,19,0.00306402193194646,0.0,0.0,0.0,2546,0.006677140612725845,73,0.028672427336999214,0.0,0.0,0.0,0.0036131186807793845,9.357774837722744,0.0,3.8421052631578947,1.6482033678791874
CHCHD10,6201,0.0009675858732462506,6,0.0009675858732462506,0.0,0.0,0.0,2546,0.006284367635506678,23,0.009033778476040848,0.0,0.0,0.0,0.005316781762260427,9.336410054988217,0.0,3.8333333333333335,1.647842219958358
FDFT1,6201,0.003386550556361877,24,0.0038703434929850023,0.0,0.0,0.0,2546,0.01178318931657502,87,0.034171249018067555,0.0,0.0,0.04597701149425287,0.008396638760213142,8.828996465043206,0.04597701149425287,3.625,1.646563309633329
PMS2,6201,0.0133849379132398,96,0.015481373971940009,0.0,0.0,0.0,2546,0.02670856245090338,336,0.13197172034564023,0.0,0.0,0.07142857142857142,0.01332362453766358,8.524548311076199,0.07142857142857142,3.5,1.6454775138853008
NOP16,6201,0.0019351717464925011,14,0.002257700370907918,0.0,0.0,0.0,2546,0.008248232521602514,50,0.019638648860958365,0.0,0.0,0.06,0.006313060775110013,8.69851868477163,0.06,3.5714285714285716,1.6451390411525568
HLA-A,6201,0.015158845347524593,108,0.01741654571843251,0.0,0.0,0.0,2546,0.12647289866457187,355,0.1394344069128044,0.0,1.0,0.028169014084507043,0.11131405331704727,8.005858863576853,0.028169014084507043,3.287037037037037,1.6442112372209823
PEX5,6201,0.007418158361554588,47,0.0075794226737622965,0.0,0.0,0.02127659574468085,2546,0.01610369206598586,167,0.06559308719560095,0.0,0.0,0.07784431137724551,0.00868553370443127,8.654100717019606,0.05656771563256466,3.5531914893617023,1.6394888386333581
RPA2,6201,0.0024189646831156266,15,0.0024189646831156266,0.0,0.0,0.0,2546,0.007069913589945012,57,0.022388059701492536,0.0,0.0,0.0,0.004650948906829385,9.255223880597015,0.0,3.8,1.639290990992948
MDM2,6201,0.005321722302854378,36,0.005805515239477504,0.0,0.0,0.0,2546,0.01335428122545169,124,0.04870384917517675,0.0,0.0,0.08064516129032258,0.008032558922597311,8.389238020424195,0.08064516129032258,3.4444444444444446,1.6350946815958263
CSF3,6201,0.0024189646831156266,17,0.0027414933075310434,0.0,0.0,0.0,2546,0.009426551453260016,63,0.02474469756480754,0.0,0.0,0.015873015873015872,0.00700758677014439,9.025992329374798,0.015873015873015872,3.7058823529411766,1.6349143758509042
SBNO2,6201,0.008869537171423964,63,0.010159651669085631,0.0,0.0,0.0,2546,0.04831107619795758,224,0.08798114689709348,0.0,0.0,0.017857142857142856,0.03944153902653362,8.659858601728201,0.017857142857142856,3.5555555555555554,1.632130511938772
TMBIM6,6201,0.001451378809869376,9,0.001451378809869376,0.0,0.0,0.0,2546,0.006284367635506678,29,0.011390416339355853,0.0,0.0,0.13793103448275862,0.0048329888256373014,7.847996857816183,0.13793103448275862,3.2222222222222223,1.6298079323990924
MRPL40,6201,0.0016126431220770843,10,0.0016126431220770843,0.0,0.0,0.0,2546,0.007462686567164179,30,0.01178318931657502,0.0,0.0,0.2,0.005850043445087095,7.306755695208169,0.2,3.0,1.62977198580054
REEP1,6201,0.0024189646831156266,15,0.0024189646831156266,0.0,0.0,0.0,2546,0.01021209740769835,56,0.02199528672427337,0.0,0.0,0.0,0.007793132724582724,9.092851531814611,0.0,3.7333333333333334,1.6264733562977707
XPC,6201,0.006611836800516046,45,0.00725689404934688,0.0,0.0,0.0,2546,0.025530243519245877,156,0.061272584446190104,0.0,0.0,0.05128205128205128,0.01891840671872983,8.443362136684996,0.05128205128205128,3.466666666666667,1.6223653527359847
NUSAP1,6201,0.004999193678438961,32,0.00516045799064667,0.0,0.0,0.0,2546,0.012175962293794187,85,0.03338570306362922,0.0,0.0,0.29411764705882354,0.007176768615355226,6.4695232717989,0.29411764705882354,2.65625,1.6189784131861462
GINS1,6201,0.0012901144976616675,9,0.001451378809869376,0.0,0.0,0.0,2546,0.012568735271013355,32,0.012568735271013355,0.0,0.0,0.03125,0.011278620773351688,8.659858601728201,0.03125,3.5555555555555554,1.6173604508284471
CIITA,6201,0.017094017094017096,124,0.019996774713755845,0.0,0.0,0.0,2546,0.04399057344854674,448,0.17596229379418696,0.0,0.0,0.0,0.026896556354529644,8.799533740465753,0.0,3.6129032258064515,1.6160841828357706
SDAD1,6201,0.00612804386389292,39,0.006289308176100629,0.0,0.0,0.0,2546,0.022780832678711706,132,0.051846032992930086,0.0,0.0,0.06818181818181818,0.016652788814818784,8.243519245875882,0.06818181818181818,3.3846153846153846,1.6156101103432137
TCOF1,6201,0.013223673601032092,93,0.014997581035316884,0.0,0.0,0.0,2546,0.04713275726630008,317,0.12450903377847604,0.0,0.0,0.04416403785488959,0.033909083665267986,8.301941058713226,0.04416403785488959,3.4086021505376345,1.6151490353319395
CAV2,6201,0.0016126431220770843,10,0.0016126431220770843,0.0,0.0,0.0,2546,0.00589159465828751,37,0.014532600157109192,0.0,0.0,0.0,0.0042789515362104255,9.01166535742341,0.0,3.7,1.614882719838513
SLC19A1,6201,0.006611836800516046,48,0.0077406869859700045,0.0,0.0,0.0,2546,0.029065200314218383,166,0.06520031421838178,0.0,0.0,0.04216867469879518,0.022453363513702338,8.423065593087196,0.04216867469879518,3.4583333333333335,1.6146353278088177
CEP57,6201,0.005644250927269795,41,0.006611836800516046,0.0,0.0,0.0,2546,0.01728201099764336,123,0.04831107619795758,0.0,0.0,0.17886178861788618,0.011637760070373565,7.30675569520817,0.17886178861788618,3.0,1.6144214910437125
CBR3,6201,0.001451378809869376,9,0.001451378809869376,0.0,0.0,0.0,2546,0.012961508248232521,33,0.012961508248232521,0.0,0.0,0.0,0.011510129438363145,8.930479183032208,0.0,3.6666666666666665,1.613971681867103
CBX3,6201,0.002902757619738752,18,0.002902757619738752,0.0,0.0,0.0,2546,0.019638648860958365,50,0.019638648860958365,0.0,0.0,0.24,0.016735891241219613,6.7655145326001564,0.24,2.7777777777777777,1.613281428138803
NRXN2,6201,0.0248347040799871,184,0.02967263344621835,0.0,0.0,0.0,2546,0.08680282796543598,637,0.2501963864886096,0.0,2.0,0.0,0.06196812388544888,8.431890177260152,0.0,3.4619565217391304,1.6129174628604863
CBLB,6201,0.016932752781809387,114,0.018384131591678763,0.0,0.0,0.0,2546,0.028279654359780047,413,0.1622152395915161,0.0,0.0,0.009685230024213076,0.01134690157797066,8.823655269359572,0.009685230024213076,3.6228070175438596,1.6126782311716807
RETN,6201,0.0012901144976616675,9,0.001451378809869376,0.0,0.0,0.0,2546,0.007069913589945012,32,0.012568735271013355,0.0,0.0,0.03125,0.0057797990922833446,8.659858601728201,0.03125,3.5555555555555554,1.6118616291473788
RPS6KA2,6201,0.011449766166747298,82,0.013223673601032092,0.0,0.0,0.0,2546,0.030636292223095052,291,0.11429693637077769,0.0,0.0,0.01718213058419244,0.019186526056347755,8.643357346770639,0.01718213058419244,3.548780487804878,1.6094907965568446
FCGR2B,6201,0.0035478148685695854,26,0.0041928721174004195,0.0,0.0,0.0,2546,0.012961508248232521,95,0.03731343283582089,0.0,0.0,0.0,0.009413693379662936,8.899253731343283,0.0,3.6538461538461537,1.6087258864466003
SORBS2,6201,0.017094017094017096,133,0.02144815352362522,0.0,0.0,0.0,2546,0.04399057344854674,452,0.17753338570306362,0.0,0.0,0.046460176991150445,0.026896556354529644,8.27732725371953,0.046460176991150445,3.398496240601504,1.6077830466479432
ETHE1,6201,0.0016126431220770843,10,0.0016126431220770843,0.0,0.0,0.0,2546,0.007069913589945012,29,0.011390416339355853,0.0,0.0,0.20689655172413793,0.005457270467867928,7.063197172034564,0.20689655172413793,2.9,1.6065167909655775
SNAPC5,6201,0.0004837929366231253,3,0.0004837929366231253,0.0,0.0,0.0,2546,0.0019638648860958365,11,0.00432050274941084,0.0,0.0,0.0,0.0014800719494727113,8.930479183032206,0.0,3.6666666666666665,1.6039416243782123
SPHK1,6201,0.0035478148685695854,23,0.003709079180777294,0.0,0.0,0.0,2546,0.014532600157109192,80,0.031421838177533384,0.0,0.0,0.0375,0.010984785288539606,8.471600806038458,0.0375,3.4782608695652173,1.6036355373493698
UBE2E1,6201,0.0020964360587002098,14,0.002257700370907918,0.0,0.0,0.0,2546,0.009033778476040848,51,0.020031421838177535,0.0,0.0,0.0,0.006937342417340639,8.872489058467064,0.0,3.642857142857143,1.6035421677515351
RABGAP1L,6201,0.009998387356877922,68,0.010965973230124174,0.0,0.0,0.0,2546,0.023959151610369208,241,0.09465828750981932,0.0,0.0,0.016597510373443983,0.013960764253491286,8.632000600711612,0.016597510373443983,3.5441176470588234,1.602502044999692
BCAR1,6201,0.010965973230124174,76,0.01225608772778584,0.0,0.0,0.0,2546,0.02356637863315004,261,0.10251374705420267,0.0,0.0,0.04597701149425287,0.012600405403025865,8.364312440567247,0.04597701149425287,3.4342105263157894,1.6023361515528085
MAGEE1,6201,0.018061602967263345,127,0.02048056765037897,0.0,0.0,0.007874015748031496,2546,0.1539670070699136,396,0.15553809897879026,0.0,1.0,0.015151515151515152,0.13590540410265026,7.594423242263609,0.007277499403483656,3.1181102362204722,1.601149255662491
MAST2,6201,0.012901144976616674,99,0.015965166908563134,0.0,0.0,0.0,2546,0.0589159465828751,323,0.12686567164179105,0.0,1.0,0.05263157894736842,0.046014801606258426,7.946404341926731,0.05263157894736842,3.2626262626262625,1.596750902052099
NCBP1,6201,0.0059667795516852125,39,0.006289308176100629,0.0,0.0,0.0,2546,0.018460329929300863,132,0.051846032992930086,0.0,0.0,0.05303030303030303,0.01249355037761565,8.243519245875882,0.05303030303030303,3.3846153846153846,1.5962993567544954
VPS37D,6201,0.001451378809869376,10,0.0016126431220770843,0.0,0.0,0.0,2546,0.012175962293794187,31,0.012175962293794187,0.0,0.0,0.12903225806451613,0.010724583483924811,7.550314218381776,0.12903225806451613,3.1,1.5925776939498015
FBXW7,6201,0.030640219319464604,211,0.03402676987582648,0.0,0.0,0.0,2546,0.08876669285153181,565,0.22191673212882954,0.0,3.0,0.2088495575221239,0.05812647353206721,6.521827753226882,0.2088495575221239,2.677725118483412,1.59163801121438
CD209,6201,0.01032091598129334,74,0.011933559103370425,0.0,0.0,0.0,2546,0.03220738413197172,258,0.10133542812254517,0.0,0.0,0.011627906976744186,0.02188646815067838,8.491634997133819,0.011627906976744186,3.4864864864864864,1.5907780786652015
TCF7,6201,0.005321722302854378,34,0.005482986615062087,0.0,0.0,0.0,2546,0.01767478397486253,120,0.04713275726630008,0.0,0.0,0.008333333333333333,0.012353061672008152,8.59618317083314,0.008333333333333333,3.5294117647058822,1.5889046474892214
ZEB1,6201,0.02048056765037897,159,0.02564102564102564,0.0,0.0,0.0,2546,0.028672427336999214,553,0.21720345640219954,0.0,0.0,0.0216998191681736,0.008191859686620243,8.470934799685782,0.0216998191681736,3.4779874213836477,1.584972112309202
ATL2,6201,0.0059667795516852125,40,0.006450572488308337,0.0,0.0,0.0,2546,0.014532600157109192,113,0.044383346425765906,0.0,0.0,0.20353982300884957,0.00856582060542398,6.88052827965436,0.20353982300884957,2.825,1.583353405242272
RCL1,6201,0.00306402193194646,19,0.00306402193194646,0.0,0.0,0.0,2546,0.011390416339355853,52,0.0204241948153967,0.0,0.0,0.23076923076923078,0.008326394407409392,6.665812213172366,0.23076923076923078,2.736842105263158,1.5827189152108927
GSTZ1,6201,0.002580228995323335,16,0.002580228995323335,0.0,0.0,0.0,2546,0.00864100549882168,47,0.018460329929300863,0.0,0.0,0.1702127659574468,0.006060776503498346,7.154531618224666,0.1702127659574468,2.9375,1.5817001614041937
FBXW11,6201,0.007418158361554588,50,0.008063215610385421,0.0,0.0,0.0,2546,0.012568735271013355,178,0.06991358994501179,0.0,0.0,0.0,0.0051505769094587674,8.670683424980362,0.0,3.56,1.5811023780826639
ABI3BP,6201,0.015803902596355425,132,0.021286889211417512,0.0,0.0,0.0,2546,0.03809897879025923,428,0.1681068342498036,0.0,0.0,0.0630841121495327,0.022295076193903807,7.897200599871456,0.0630841121495327,3.242424242424242,1.5779686957034258
TUBB,6201,0.004031607805192711,26,0.0041928721174004195,0.0,0.0,0.0,2546,0.010604870384917517,86,0.03377847604084839,0.0,0.0,0.05813953488372093,0.006573262579724806,8.05616653574234,0.05813953488372093,3.3076923076923075,1.5750115277427617
MYD88,6201,0.002580228995323335,16,0.002580228995323335,0.0,0.0,0.0,2546,0.006677140612725845,48,0.018853102906520033,0.0,0.0,0.14583333333333334,0.004096911617402509,7.30675569520817,0.14583333333333334,3.0,1.5738521873061886
XBP1,6201,0.001451378809869376,10,0.0016126431220770843,0.0,0.0,0.0,2546,0.01335428122545169,35,0.013747054202670856,0.0,0.0,0.0,0.011902902415582313,8.524548311076197,0.0,3.5,1.5726282203346478
MAPKAPK2,6201,0.004999193678438961,31,0.004999193678438961,0.0,0.0,0.0,2546,0.04124116260801257,105,0.04124116260801257,0.0,0.0,0.0,0.036241968929573605,8.249562881686643,0.0,3.3870967741935485,1.567671082743484
LFNG,6201,0.003709079180777294,25,0.004031607805192711,0.0,0.0,0.04,2546,0.01610369206598586,83,0.03260015710919089,0.0,0.0,0.0,0.012394612885208565,8.086142969363708,-0.04,3.32,1.5659979346656556
NDRG2,6201,0.005644250927269795,38,0.00612804386389292,0.0,0.0,0.0,2546,0.01178318931657502,127,0.04988216810683425,0.0,0.0,0.03937007874015748,0.006138938389305224,8.139982221854716,0.03937007874015748,3.3421052631578947,1.5650202769412025
STAT5A,6201,0.004999193678438961,31,0.004999193678438961,0.0,0.0,0.0,2546,0.019638648860958365,106,0.041633935585231735,0.0,0.0,0.009433962264150943,0.014639455182519405,8.328130147226517,0.009433962264150943,3.4193548387096775,1.5639608187159804
GADD45A,6201,0.0006450572488308337,4,0.0006450572488308337,0.0,0.0,0.0,2546,0.003534956794972506,14,0.0054988216810683424,0.0,0.0,0.0,0.0028898995461416723,8.524548311076197,0.0,3.5,1.5636152174652072
LTC4S,6201,0.0003225286244154169,2,0.0003225286244154169,0.0,0.0,0.0,2546,0.0027494108405341712,7,0.0027494108405341712,0.0,0.0,0.0,0.0024268822161187544,8.524548311076197,0.0,3.5,1.5631522001351843
ALDH18A1,6201,0.008869537171423964,60,0.009675858732462506,0.0,0.0,0.0,2546,0.016496465043205028,194,0.07619795758051846,0.0,0.0,0.061855670103092786,0.007626927871781064,7.875058915946583,0.061855670103092786,3.2333333333333334,1.5595803911708903
RPL34,6201,0.001128850185453959,7,0.001128850185453959,0.0,0.0,0.0,2546,0.009033778476040848,23,0.009033778476040848,0.0,0.0,0.043478260869565216,0.00790492829058689,8.0026371899899,0.043478260869565216,3.2857142857142856,1.555753564124114
HLA-C,6201,0.008869537171423964,64,0.01032091598129334,0.0,0.0,0.0,2546,0.07541241162608013,201,0.07894736842105263,0.0,1.0,0.024875621890547265,0.06654287445465616,7.649259868421052,0.024875621890547265,3.140625,1.5557450687238215
AMH,6201,0.0019351717464925011,12,0.0019351717464925011,0.0,0.0,0.0,2546,0.01610369206598586,41,0.01610369206598586,0.0,0.0,0.0,0.014168520319493358,8.321582875098192,0.0,3.4166666666666665,1.5533537904204082
CHKA,6201,0.005321722302854378,36,0.005805515239477504,0.0,0.0,0.0,2546,0.014925373134328358,113,0.044383346425765906,0.0,0.0,0.07964601769911504,0.00960365083147398,7.645031421838177,0.07964601769911504,3.138888888888889,1.5530872417827133
NDUFS1,6201,0.009030801483631673,59,0.009514594420254797,0.0,0.0,0.0,2546,0.01610369206598586,153,0.0600942655145326,0.0,0.0,0.24836601307189543,0.007072890582354186,6.316009160264689,0.24836601307189543,2.593220338983051,1.5523567057086196
SOX9,6201,0.007901951298177712,52,0.008385744234800839,0.0,0.0,0.019230769230769232,2546,0.05734485467399843,147,0.05773762765121759,0.0,1.0,0.14965986394557823,0.04944290337582072,6.885212097407698,0.130429094714809,2.826923076923077,1.551713936430805
CTNNA1,6201,0.010804708917916465,85,0.013707466537655217,0.0,0.0,0.0,2546,0.024351924587588374,266,0.1044776119402985,0.0,0.0,0.07518796992481203,0.01354721566967191,7.621949078138718,0.07518796992481203,3.1294117647058823,1.54989917530385
APOC1,6201,0.0016126431220770843,10,0.0016126431220770843,0.0,0.0,0.0,2546,0.012961508248232521,33,0.012961508248232521,0.0,0.0,0.030303030303030304,0.011348865126155436,8.037431264728987,0.030303030303030304,3.3,1.54987969676271
IL6ST,6201,0.011127237542331882,74,0.011933559103370425,0.0,0.0,0.0,2546,0.023959151610369208,234,0.09190887666928516,0.0,0.0,0.0641025641025641,0.012831914068037326,7.701715462516719,0.0641025641025641,3.1621621621621623,1.5473074834334746
CNN2,6201,0.004031607805192711,26,0.0041928721174004195,0.0,0.0,0.0,2546,0.012568735271013355,84,0.032992930086410056,0.0,0.0,0.047619047619047616,0.008537127465820644,7.868813825608798,0.047619047619047616,3.230769230769231,1.545550053111224
RORA,6201,0.004999193678438961,31,0.004999193678438961,0.0,0.0,0.0,2546,0.015710919088766692,85,0.03338570306362922,0.0,0.0,0.18823529411764706,0.010711725410327732,6.6782175708891875,0.18823529411764706,2.7419354838709675,1.5441872720674223
MREG,6201,0.0020964360587002098,14,0.002257700370907918,0.0,0.0,0.0,2546,0.01178318931657502,44,0.01728201099764336,0.0,0.0,0.06818181818181818,0.00968675325787481,7.654696442599034,0.06818181818181818,3.142857142857143,1.542823505825143
SIDT1,6201,0.0133849379132398,95,0.015320109659732302,0.0,0.0,0.0,2546,0.023959151610369208,322,0.12647289866457187,0.0,0.0,0.0,0.010574213697129409,8.255352048621159,0.0,3.389473684210526,1.5426290171880996
DLG1,6201,0.009998387356877922,67,0.010804708917916465,0.0,0.0,0.0,2546,0.018853102906520033,213,0.08366064414768264,0.0,0.0,0.056338028169014086,0.00885471554964211,7.742979915817613,0.056338028169014086,3.1791044776119404,1.5402966461819578
TCP11,6201,0.008869537171423964,58,0.009353330108047089,0.0,0.0,0.0,2546,0.01728201099764336,175,0.06873527101335428,0.0,0.0,0.10285714285714286,0.008412473826219397,7.3487485440312055,0.10285714285714286,3.0172413793103448,1.540234088787483
MAFF,6201,0.0008063215610385422,6,0.0009675858732462506,0.0,0.0,0.0,2546,0.004713275726630008,18,0.007069913589945012,0.0,0.0,0.1111111111111111,0.003906954165591466,7.30675569520817,0.1111111111111111,3.0,1.5389400076321553
NLGN2,6201,0.009998387356877922,68,0.010965973230124174,0.0,0.0,0.0,2546,0.08366064414768264,213,0.08366064414768264,0.0,1.0,0.0,0.07366225679080471,7.629112564114412,0.0,3.1323529411764706,1.5356567445339713
MAPK12,6201,0.0027414933075310434,17,0.0027414933075310434,0.0,0.0,0.0,2546,0.015318146111547526,57,0.022388059701492536,0.0,0.0,0.0,0.012576652804016483,8.166374012291483,0.0,3.3529411764705883,1.5349712618070053
LONP1,6201,0.006773101112723754,42,0.006773101112723754,0.0,0.0,0.0,2546,0.02199528672427337,133,0.05223880597014925,0.0,0.0,0.045112781954887216,0.015222185611549616,7.712686567164179,0.045112781954887216,3.1666666666666665,1.5319679765986325
CDC42EP1,6201,0.004999193678438961,38,0.00612804386389292,0.0,0.0,0.0,2546,0.045168892380204245,116,0.04556166535742341,0.0,0.0,0.05172413793103448,0.04016969870176528,7.434944391615331,0.05172413793103448,3.0526315789473686,1.5311297794723306
IRS2,6201,0.006450572488308337,46,0.007418158361554588,0.0,0.0,0.0,2546,0.05145326001571092,131,0.05145326001571092,0.0,1.0,0.10687022900763359,0.04500268752740258,6.936123159943987,0.10687022900763359,2.847826086956522,1.5301506249834096
PGM1,6201,0.006450572488308337,41,0.006611836800516046,0.0,0.0,0.0,2546,0.018460329929300863,117,0.04595443833464258,0.0,0.0,0.13675213675213677,0.012009757440992527,6.950328588124844,0.13675213675213677,2.8536585365853657,1.5288279732848906
SESN1,6201,0.003386550556361877,22,0.0035478148685695854,0.0,0.0,0.0,2546,0.01178318931657502,70,0.02749410840534171,0.0,0.0,0.04285714285714286,0.008396638760213142,7.749589373705635,0.04285714285714286,3.1818181818181817,1.5271133716063907
SLBP,6201,0.0016126431220770843,10,0.0016126431220770843,0.0,0.0,0.0,2546,0.004713275726630008,30,0.01178318931657502,0.0,0.0,0.1,0.003100632604552924,7.306755695208169,0.1,3.0,1.5270225749600057
NR3C1,6201,0.009514594420254797,69,0.011127237542331882,0.0,0.0,0.0,2546,0.016889238020424194,220,0.08641005498821681,0.0,0.0,0.04090909090909091,0.007374643600169397,7.7656340722019195,0.04090909090909091,3.1884057971014492,1.525975411086711
BEST1,6201,0.005321722302854378,35,0.005644250927269795,0.0,0.0,0.0,2546,0.018067556952081697,116,0.04556166535742341,0.0,0.0,0.0,0.012745834649227319,8.072225339468075,0.0,3.3142857142857145,1.524816239772817
GPHN,6201,0.010804708917916465,75,0.012094823415578132,0.0,0.0,0.0,2546,0.019638648860958365,219,0.08601728201099765,0.0,0.0,0.1141552511415525,0.0088339399430419,7.111908876669286,0.1141552511415525,2.92,1.5231752241581757
VAMP8,6201,0.0004837929366231253,3,0.0004837929366231253,0.0,0.0,0.0,2546,0.003927729772191673,10,0.003927729772191673,0.0,0.0,0.0,0.003443936835568548,8.118617439120188,0.0,3.3333333333333335,1.5206149522822403
ETV1,6201,0.010482180293501049,78,0.012578616352201259,0.0,0.0,0.0,2546,0.02356637863315004,249,0.09780047132757266,0.0,0.0,0.028112449799196786,0.01308419833964899,7.775137470542027,0.028112449799196786,3.1923076923076925,1.5199719029667522
DES,6201,0.005321722302854378,34,0.005482986615062087,0.0,0.0,0.0,2546,0.01767478397486253,112,0.04399057344854674,0.0,0.0,0.0,0.012353061672008152,8.023104292777598,0.0,3.2941176470588234,1.5189943126055157
TMEM97,6201,0.0027414933075310434,18,0.002902757619738752,0.0,0.0,0.0,2546,0.010604870384917517,27,0.010604870384917517,0.0,0.0,0.6666666666666666,0.007863377077386473,3.6533778476040846,0.6666666666666666,1.5,1.5189762379084994
EIF4G1,6201,0.020964360587002098,165,0.026608611514271893,0.0,0.0,0.0,2546,0.034956794972505895,481,0.1889238020424195,0.0,0.0,0.10395010395010396,0.013992434385503797,7.1000999785760195,0.10395010395010396,2.915151515151515,1.5166717624119572
CASP5,6201,0.011127237542331882,76,0.01225608772778584,0.0,0.0,0.0,2546,0.0396700706991359,238,0.09347996857816182,0.0,0.0,0.025210084033613446,0.028542833156804014,7.627227436226072,0.025210084033613446,3.1315789473684212,1.5155289196816935
GHRL,6201,0.0024189646831156266,16,0.002580228995323335,0.0,0.0,0.0,2546,0.00589159465828751,53,0.020816967792615867,0.0,0.0,0.0,0.003472629975171883,8.067876080125687,0.0,3.3125,1.515063516343588
ARHGEF3,6201,0.007901951298177712,54,0.008708272859216255,0.0,0.0,0.0,2546,0.019638648860958365,171,0.06716417910447761,0.0,0.0,0.029239766081871343,0.011736697562780653,7.712686567164179,0.029239766081871343,3.1666666666666665,1.5126094726768475
EIF2S2,6201,0.0027414933075310434,19,0.00306402193194646,0.0,0.0,0.0,2546,0.01178318931657502,60,0.02356637863315004,0.0,0.0,0.03333333333333333,0.009041696009043976,7.691321784429652,0.03333333333333333,3.1578947368421053,1.5115528805701404
AKT1S1,6201,0.0016126431220770843,11,0.0017739074342847927,0.0,0.0,0.0,2546,0.007462686567164179,36,0.014139827179890024,0.0,0.0,0.0,0.005850043445087095,7.971006212954367,0.0,3.272727272727273,1.5067007080218928
CES1,6201,0.011449766166747298,80,0.012901144976616674,0.0,0.0,0.0,2546,0.05970149253731343,247,0.09701492537313433,0.0,1.0,0.008097165991902834,0.048251726370566135,7.519869402985075,0.008097165991902834,3.0875,1.5056027242381316
CRAT,6201,0.008547008547008548,54,0.008708272859216255,0.0,0.0,0.0,2546,0.0192458758837392,175,0.06873527101335428,0.0,0.0,0.0,0.010698867336730651,7.893100288033517,0.0,3.240740740740741,1.5028274143187723
SLC6A9,6201,0.010965973230124174,79,0.012739880664408966,0.0,0.0,0.0,2546,0.021602513747054203,256,0.10054988216810684,0.0,0.0,0.0,0.01063654051693003,7.892529358537096,0.0,3.240506329113924,1.5027008862861992
STAT1,6201,0.011772294791162716,78,0.012578616352201259,0.0,0.0,0.0,2546,0.022780832678711706,241,0.09465828750981932,0.0,0.0,0.04149377593360996,0.01100853788754899,7.525333857030636,0.04149377593360996,3.08974358974359,1.502397317779009
BID,6201,0.0027414933075310434,17,0.0027414933075310434,0.0,0.0,0.0,2546,0.009426551453260016,53,0.020816967792615867,0.0,0.0,0.03773584905660377,0.006685058145728973,7.593295134235941,0.03773584905660377,3.1176470588235294,1.5022559902740358
GALE,6201,0.0006450572488308337,4,0.0006450572488308337,0.0,0.0,0.0,2546,0.005106048703849175,13,0.005106048703849175,0.0,0.0,0.0,0.004460991455018342,7.915652003142184,0.0,3.25,1.499122195053817
MAST4,6201,0.023544589582325432,181,0.029188840509595228,0.0,0.0,0.0,2546,0.07344854673998429,547,0.21484681853888452,0.0,1.0,0.018281535648994516,0.04990395715765886,7.360580783202336,0.018281535648994516,3.022099447513812,1.4985662086051939
AFAP1L2,6201,0.01032091598129334,75,0.012094823415578132,0.0,0.0,0.013333333333333334,2546,0.01728201099764336,224,0.08798114689709348,0.0,0.0,0.08482142857142858,0.006961095016350021,7.2742812254516895,0.07148809523809524,2.986666666666667,1.4984540662123884
RRM1,6201,0.004676665054023544,32,0.00516045799064667,0.0,0.0,0.0,2546,0.016496465043205028,103,0.040455616653574236,0.0,0.0,0.0,0.011819799989181484,7.839539964650433,0.0,3.21875,1.4979074545267355
PEA15,6201,0.0016126431220770843,10,0.0016126431220770843,0.0,0.0,0.0,2546,0.0054988216810683424,30,0.01178318931657502,0.0,0.0,0.06666666666666667,0.0038861785589912583,7.306755695208169,0.06666666666666667,3.0,1.4944747875811106
BCAT1,6201,0.006773101112723754,42,0.006773101112723754,0.0,0.0,0.0,2546,0.01335428122545169,117,0.04595443833464258,0.0,0.0,0.1282051282051282,0.006581180112727935,6.784844574121872,0.1282051282051282,2.7857142857142856,1.4938179680561179
SLC2A8,6201,0.003709079180777294,24,0.0038703434929850023,0.0,0.0,0.0,2546,0.01610369206598586,67,0.02631578947368421,0.0,0.0,0.11940298507462686,0.012394612885208565,6.7993421052631575,0.11940298507462686,2.7916666666666665,1.4926898020590735
CACNA1A,6201,0.03773584905660377,316,0.05095952265763586,0.0,0.0,0.0,2546,0.18931657501963864,810,0.31814611154752553,0.0,2.0,0.05308641975308642,0.15158072596303487,6.243114043374069,0.05308641975308642,2.5632911392405062,1.4915711955683506
ST3GAL4,6201,0.0043541364296081275,29,0.004676665054023544,0.0,0.0,0.0,2546,0.01178318931657502,93,0.03652788688138256,0.0,0.0,0.0,0.007429052886966892,7.810669881084595,0.0,3.206896551724138,1.490245345829956
HMOX2,6201,0.002257700370907918,15,0.0024189646831156266,0.0,0.0,0.0,2546,0.01021209740769835,48,0.018853102906520033,0.0,0.0,0.0,0.007954397036790432,7.793872741555381,0.0,3.2,1.4888624160772408
ELN,6201,0.01435252378648605,102,0.01644895984518626,0.0,0.0,0.0,2546,0.022388059701492536,325,0.12765121759622938,0.0,0.0,0.003076923076923077,0.008035535915006485,7.760443140335474,0.003076923076923077,3.1862745098039214,1.4882117688971026
CLNS1A,6201,0.0012901144976616675,8,0.0012901144976616675,0.0,0.0,0.0,2546,0.00432050274941084,22,0.00864100549882168,0.0,0.0,0.13636363636363635,0.003030388251749173,6.697859387274155,0.13636363636363635,2.75,1.4871891326127487
NCOA3,6201,0.02048056765037897,143,0.023060796645702306,0.0,0.0,0.0,2546,0.04124116260801257,270,0.10604870384917518,0.0,0.0,0.43703703703703706,0.020760594957633598,4.598657430550596,0.43703703703703706,1.8881118881118881,1.487177275887975
NUDT9,6201,0.004031607805192711,25,0.004031607805192711,0.0,0.0,0.0,2546,0.00864100549882168,58,0.022780832678711706,0.0,0.0,0.27586206896551724,0.00460939769362897,5.6505577376276515,0.27586206896551724,2.32,1.4820250075699926
FDXR,6201,0.006611836800516046,45,0.00725689404934688,0.0,0.0,0.0,2546,0.012961508248232521,143,0.05616653574234093,0.0,0.0,0.0,0.006349671447716475,7.739748625294579,0.0,3.1777777777777776,1.481083918733655
PCYT2,6201,0.004515400741815836,29,0.004676665054023544,0.0,0.0,0.0,2546,0.011390416339355853,92,0.03613511390416339,0.0,0.0,0.0,0.0068750155975400165,7.7266841834385245,0.0,3.1724137931034484,1.4801133141187268
GOSR2,6201,0.002902757619738752,18,0.002902757619738752,0.0,0.0,0.0,2546,0.007855459544383346,56,0.02199528672427337,0.0,0.0,0.017857142857142856,0.004952701924644594,7.577376276512176,0.017857142857142856,3.111111111111111,1.478790735678502
SFPQ,6201,0.006773101112723754,51,0.00822447992259313,0.0,0.0,0.0,2546,0.05852317360565593,150,0.0589159465828751,0.0,1.0,0.02,0.051750072492932175,7.163485975694284,0.02,2.9411764705882355,1.4782741725875332
CD99,6201,0.0020964360587002098,14,0.002257700370907918,0.0,0.0,0.0,2546,0.00864100549882168,42,0.016496465043205028,0.0,0.0,0.047619047619047616,0.006544569440121471,7.30675569520817,0.047619047619047616,3.0,1.4780855594146218
CHFR,6201,0.008385744234800839,55,0.008869537171423964,0.0,0.0,0.0,2546,0.02199528672427337,172,0.06755695208169678,0.0,0.0,0.0,0.01360954248947253,7.616739270156395,0.0,3.1272727272727274,1.4741691001172696
SMAD3,6201,0.008869537171423964,57,0.009192065795839382,0.0,0.0,0.0,2546,0.023173605655930872,166,0.06520031421838178,0.0,0.0,0.060240963855421686,0.014304068484506908,7.093107867862901,0.060240963855421686,2.912280701754386,1.4724106707433253
APBB1,6201,0.010159651669085631,68,0.010965973230124174,0.0,0.0,0.0,2546,0.023173605655930872,210,0.08248232521602514,0.0,0.0,0.009523809523809525,0.013013953986845241,7.521660274478998,0.009523809523809525,3.088235294117647,1.4720017727042476
TBRG4,6201,0.004999193678438961,35,0.005644250927269795,0.0,0.0,0.0,2546,0.01767478397486253,102,0.04006284367635507,0.0,0.0,0.058823529411764705,0.01267559029642357,7.097991246773652,0.058823529411764705,2.914285714285714,1.4699679758455078
NEDD4L,6201,0.010804708917916465,73,0.011772294791162716,0.0,0.0,0.0,2546,0.0204241948153967,220,0.08641005498821681,0.0,0.0,0.031818181818181815,0.009619485897480236,7.340119876464828,0.031818181818181815,3.0136986301369864,1.4693680770999098
PMEPA1,6201,0.007901951298177712,55,0.008869537171423964,0.0,0.0,0.0,2546,0.020031421838177535,171,0.06716417910447761,0.0,0.0,0.0,0.012129470539999822,7.572455902306649,0.0,3.109090909090909,1.4675365512338818
ACVR2A,6201,0.01128850185453959,77,0.01241735203999355,0.0,0.0,0.0,2546,0.045168892380204245,217,0.08523173605655932,0.0,0.0,0.06451612903225806,0.033880390525664654,6.863922016710705,0.06451612903225806,2.8181818181818183,1.4675348053021562
NOP2,6201,0.008708272859216255,57,0.009192065795839382,0.0,0.0,0.0,2546,0.04477611940298507,169,0.06637863315003928,0.0,0.0,0.01775147928994083,0.036067846543768815,7.221296564270062,0.01775147928994083,2.9649122807017543,1.4674000747829
FLT3LG,6201,0.002580228995323335,17,0.0027414933075310434,0.0,0.0,0.0,2546,0.011390416339355853,53,0.020816967792615867,0.0,0.0,0.0,0.008810187344032518,7.593295134235941,0.0,3.1176470588235294,1.4666452704157356
DIAPH3,6201,0.01661022415739397,128,0.02064183196258668,0.0,0.0,0.0,2546,0.04006284367635507,380,0.14925373134328357,0.0,0.0,0.02631578947368421,0.0234526195189611,7.230643656716417,0.02631578947368421,2.96875,1.4644854486560632
CTBP1,6201,0.0032252862441541686,21,0.003386550556361877,0.0,0.0,0.0,2546,0.01335428122545169,65,0.025530243519245877,0.0,0.0,0.0,0.010128994981297521,7.538716193468747,0.0,3.0952380952380953,1.4615924822877127
WIZ,6201,0.011933559103370425,88,0.014191259474278342,0.0,0.0,0.011363636363636364,2546,0.05420267085624509,261,0.10251374705420267,0.0,1.0,0.007662835249042145,0.042269111752874663,7.223724380489895,-0.0037008011145942188,2.965909090909091,1.4598459264132353
CRMP1,6201,0.013868730849862926,95,0.015320109659732302,0.0,0.0,0.0,2546,0.036920659858601726,289,0.11351139041633936,0.0,0.0,0.0,0.0230519290087388,7.409306652333898,0.0,3.042105263157895,1.4592437757929144
ADAM8,6201,0.005321722302854378,35,0.005644250927269795,0.0,0.0,0.0,2546,0.022780832678711706,106,0.041633935585231735,0.0,0.0,0.009433962264150943,0.017459110375857328,7.376343844686343,0.009433962264150943,3.0285714285714285,1.4591574159860399
PTPRE,6201,0.010159651669085631,80,0.012901144976616674,0.0,0.0,0.0,2546,0.021209740769835034,239,0.09387274155538099,0.0,0.0,0.02510460251046025,0.011050089100749403,7.276310879811469,0.02510460251046025,2.9875,1.4564048342468696
PPP4R2,6201,0.00306402193194646,20,0.0032252862441541686,0.0,0.0,0.0,2546,0.006677140612725845,49,0.0192458758837392,0.0,0.0,0.20408163265306123,0.0036131186807793845,5.967183817753339,0.20408163265306123,2.45,1.4557586705348746
VPS37B,6201,0.004515400741815836,29,0.004676665054023544,0.0,0.0,0.0,2546,0.03377847604084839,86,0.03377847604084839,0.0,0.0,0.011627906976744186,0.02926307529903255,7.222769997562099,0.011627906976744186,2.9655172413793105,1.4546509366898
HLA-B,6201,0.01241735203999355,96,0.015481373971940009,0.0,0.0,0.0,2546,0.10094265514532601,260,0.1021209740769835,0.0,1.0,0.03076923076923077,0.08852530310533246,6.596376669285154,0.03076923076923077,2.7083333333333335,1.4538187328821341
PTBP2,6201,0.006450572488308337,46,0.007418158361554588,0.0,0.0,0.0,2546,0.015710919088766692,141,0.05538098978790259,0.0,0.0,0.0,0.009260346600458356,7.4655982103213905,0.0,3.0652173913043477,1.4521238478022238
SCP2,6201,0.006450572488308337,43,0.006934365424931463,0.0,0.0,0.0,2546,0.01178318931657502,115,0.045168892380204245,0.0,0.0,0.12173913043478261,0.005332616828266682,6.513774456968523,0.12173913043478261,2.6744186046511627,1.4506624970307478
GUK1,6201,0.00306402193194646,20,0.0032252862441541686,0.0,0.0,0.0,2546,0.012961508248232521,61,0.023959151610369208,0.0,0.0,0.0,0.00989748631628606,7.428534956794973,0.0,3.05,1.4483732734374661
BCL11B,6201,0.01451378809869376,110,0.017739074342847928,0.0,0.0,0.0,2546,0.03809897879025923,296,0.11626080125687353,0.0,0.0,0.0945945945945946,0.02358519069156547,6.5539384417624795,0.0945945945945946,2.690909090909091,1.4471016798917322
PAM,6201,0.010482180293501049,72,0.011611030478955007,0.0,0.0,0.0,2546,0.022780832678711706,214,0.0840534171249018,0.0,0.0,0.018691588785046728,0.012298652385210657,7.239100549882168,0.018691588785046728,2.9722222222222223,1.4467342420059823
EGR3,6201,0.005805515239477504,38,0.00612804386389292,0.0,0.0,0.0,2546,0.019638648860958365,115,0.045168892380204245,0.0,0.0,0.0,0.01383313362148086,7.3708500434117505,0.0,3.026315789473684,1.4454413907588772
POLD3,6201,0.005644250927269795,35,0.005644250927269795,0.0,0.0,0.0,2546,0.021602513747054203,101,0.0396700706991359,0.0,0.0,0.039603960396039604,0.015958262819784408,7.028403097295477,0.039603960396039604,2.8857142857142857,1.4454006837513769
GAPDH,6201,0.0032252862441541686,20,0.0032252862441541686,0.0,0.0,0.0,2546,0.00864100549882168,61,0.023959151610369208,0.0,0.0,0.0,0.005415719254667512,7.428534956794973,0.0,3.05,1.4438915063758477
BNIP3L,6201,0.0012901144976616675,8,0.0012901144976616675,0.0,0.0,0.0,2546,0.005106048703849175,22,0.00864100549882168,0.0,0.0,0.09090909090909091,0.003815934206187508,6.697859387274155,0.09090909090909091,2.75,1.4425201331126416
CD3G,6201,0.002257700370907918,14,0.002257700370907918,0.0,0.0,0.0,2546,0.01610369206598586,41,0.01610369206598586,0.0,0.0,0.024390243902439025,0.01384599169507794,7.132785321512736,0.024390243902439025,2.9285714285714284,1.4409925178960523
TPSAB1,6201,0.004837929366231253,34,0.005482986615062087,0.0,0.0,0.0,2546,0.0384917517674784,100,0.03927729772191673,0.0,0.0,0.0,0.033653822401247147,7.163485975694283,0.0,2.9411764705882355,1.4401779224958484
EPB41,6201,0.008708272859216255,61,0.009837123044670215,0.0,0.0,0.0,2546,0.019638648860958365,171,0.06716417910447761,0.0,0.0,0.06432748538011696,0.01093037600174211,6.8276241742109125,0.06432748538011696,2.80327868852459,1.439769718754931
PSMB2,6201,0.0016126431220770843,10,0.0016126431220770843,0.0,0.0,0.0,2546,0.006284367635506678,28,0.010997643362136685,0.0,0.0,0.07142857142857142,0.0046717245134295935,6.819638648860958,0.07142857142857142,2.8,1.4395914602860707
REEP6,6201,0.001451378809869376,9,0.001451378809869376,0.0,0.0,0.0,2546,0.009819324430479183,26,0.01021209740769835,0.0,0.0,0.038461538461538464,0.008367945620609806,7.036135113904163,0.038461538461538464,2.888888888888889,1.4376305639104685
INPP4B,6201,0.014997581035316884,107,0.0172552814062248,0.0,0.0,0.009345794392523364,2546,0.02749410840534171,293,0.11508248232521602,0.0,0.0,0.08873720136518772,0.012496527370024827,6.669406288772566,0.07939140697266435,2.7383177570093458,1.4359799592261453
RSU1,6201,0.002580228995323335,16,0.002580228995323335,0.0,0.0,0.0,2546,0.01021209740769835,42,0.016496465043205028,0.0,0.0,0.11904761904761904,0.007631868412375016,6.393411233307148,0.11904761904761904,2.625,1.4341215366144964
PIK3CD,6201,0.010159651669085631,71,0.011449766166747298,0.0,0.0,0.0,2546,0.037706205813040065,205,0.0805184603299293,0.0,0.0,0.014634146341463415,0.027546554143954433,7.032323556421009,0.014634146341463415,2.887323943661972,1.432507365482441
CTNND1,6201,0.014836316723109175,107,0.0172552814062248,0.0,0.0,0.0,2546,0.027101335428122545,247,0.09701492537313433,0.0,0.0,0.22267206477732793,0.01226501870501337,5.622332263914075,0.22267206477732793,2.308411214953271,1.432237516553424
ACRV1,6201,0.0038703434929850023,26,0.0041928721174004195,0.0,0.0,0.0,2546,0.008248232521602514,58,0.022780832678711706,0.0,0.0,0.25862068965517243,0.004377889028617512,5.433228593872742,0.25862068965517243,2.230769230769231,1.4313279244888721
PLEC,6201,0.055958716336074826,540,0.08708272859216255,0.0,1.0,0.003703703703703704,2546,0.11154752553024352,1506,0.591516103692066,0.0,7.0,0.01859229747675963,0.0555888091941687,6.792576590730557,0.014888593773055925,2.7888888888888888,1.4305017837935081
ETV4,6201,0.005644250927269795,35,0.005644250927269795,0.0,0.0,0.0,2546,0.010604870384917517,93,0.03652788688138256,0.0,0.0,0.10752688172043011,0.004960619457647722,6.471697901470093,0.10752688172043011,2.657142857142857,1.4304625899818921
NKX6-1,6201,0.003709079180777294,25,0.004031607805192711,0.0,0.0,0.0,2546,0.02749410840534171,70,0.02749410840534171,0.0,0.0,0.04285714285714286,0.02378502922456442,6.819638648860958,0.04285714285714286,2.8,1.430133336425777
MRPS11,6201,0.002580228995323335,16,0.002580228995323335,0.0,0.0,0.0,2546,0.007462686567164179,48,0.018853102906520033,0.0,0.0,0.0,0.0048824575718408435,7.30675569520817,0.0,3.0,1.4288043999272937
MRAS,6201,0.002902757619738752,18,0.002902757619738752,0.0,0.0,0.0,2546,0.01021209740769835,45,0.01767478397486253,0.0,0.0,0.15555555555555556,0.007309339787959598,6.088963079340142,0.15555555555555556,2.5,1.428256793480967
PDIA6,6201,0.006450572488308337,42,0.006773101112723754,0.0,0.0,0.0,2546,0.01178318931657502,120,0.04713275726630008,0.0,0.0,0.041666666666666664,0.005332616828266682,6.958814947817304,0.041666666666666664,2.857142857142857,1.4281322158058138
NME3,6201,0.0006450572488308337,4,0.0006450572488308337,0.0,0.0,0.0,2546,0.004713275726630008,12,0.004713275726630008,0.0,0.0,0.0,0.0040682184777991745,7.30675569520817,0.0,3.0,1.427990160833252
LDB3,6201,0.011933559103370425,77,0.01241735203999355,0.0,0.0,0.0,2546,0.027101335428122545,228,0.08955223880597014,0.0,0.0,0.0,0.01516777632475212,7.21186276410157,0.0,2.961038961038961,1.4276003831527213
MAP7,6201,0.011772294791162716,78,0.012578616352201259,0.0,0.0,0.0,2546,0.020816967792615867,203,0.07973291437549096,0.0,0.0,0.11822660098522167,0.009044673001453151,6.338766692851531,0.11822660098522167,2.6025641025641026,1.427294896438222
P2RX4,6201,0.004031607805192711,28,0.004515400741815836,0.0,0.0,0.0,2546,0.014139827179890024,81,0.03181461115475255,0.0,0.0,0.024691358024691357,0.010108219374697313,7.04580013466502,0.024691358024691357,2.892857142857143,1.426802629723567
RANBP1,6201,0.0012901144976616675,8,0.0012901144976616675,0.0,0.0,0.0,2546,0.003534956794972506,24,0.009426551453260016,0.0,0.0,0.0,0.0022448422973108386,7.30675569520817,0.0,3.0,1.4261667846527637
FKBP1B,6201,0.0006450572488308337,4,0.0006450572488308337,0.0,0.0,0.0,2546,0.0027494108405341712,12,0.004713275726630008,0.0,0.0,0.0,0.0021043535917033376,7.30675569520817,0.0,3.0,1.4260262959471561
PGM3,6201,0.003709079180777294,23,0.003709079180777294,0.0,0.0,0.0,2546,0.01178318931657502,65,0.025530243519245877,0.0,0.0,0.046153846153846156,0.008074110135797726,6.883175654906247,0.046153846153846156,2.8260869565217392,1.4258116003076902
D2HGDH,6201,0.006611836800516046,43,0.006934365424931463,0.0,0.0,0.0,2546,0.02199528672427337,127,0.04988216810683425,0.0,0.0,0.0,0.015383449923757325,7.193472661173934,0.0,2.953488372093023,1.425574089714304
HPGD,6201,0.002580228995323335,17,0.0027414933075310434,0.0,0.0,0.0,2546,0.010604870384917517,47,0.018460329929300863,0.0,0.0,0.06382978723404255,0.008024641389594182,6.7336768171526264,0.06382978723404255,2.764705882352941,1.4242916530925993
BCL2L13,6201,0.004837929366231253,32,0.00516045799064667,0.0,0.0,0.0,2546,0.009819324430479183,79,0.031029065200314218,0.0,0.0,0.16455696202531644,0.0049813950642479295,6.012851040848389,0.16455696202531644,2.46875,1.424135505426527
CNOT2,6201,0.006289308176100629,45,0.00725689404934688,0.0,0.0,0.0,2546,0.023959151610369208,61,0.023959151610369208,0.0,0.0,0.639344262295082,0.017669843434268577,3.301571091908877,0.639344262295082,1.3555555555555556,1.422847251348847
TNNT2,6201,0.0059667795516852125,40,0.006450572488308337,0.0,0.0,0.0,2546,0.010997643362136685,112,0.04399057344854674,0.0,0.0,0.05357142857142857,0.005030863810451472,6.819638648860958,0.05357142857142857,2.8,1.4220934567259498
DCTN4,6201,0.004031607805192711,25,0.004031607805192711,0.0,0.0,0.0,2546,0.012568735271013355,74,0.029065200314218383,0.0,0.0,0.0,0.008537127465820644,7.2093322859387285,0.0,2.96,1.4206615377008913
TTC39A,6201,0.006773101112723754,49,0.007901951298177712,0.0,0.0,0.0,2546,0.013747054202670856,129,0.05066771406127259,0.0,0.0,0.10077519379844961,0.006973953089947102,6.412050916203088,0.10077519379844961,2.63265306122449,1.4177091441563414
STAM,6201,0.007095629737139171,48,0.0077406869859700045,0.0,0.0,0.0,2546,0.012175962293794187,135,0.05302435192458759,0.0,0.0,0.044444444444444446,0.005080332556655016,6.85008346425766,0.044444444444444446,2.8125,1.4169017605684582
ENO3,6201,0.004837929366231253,33,0.005321722302854378,0.0,0.0,0.0,2546,0.015710919088766692,97,0.03809897879025923,0.0,0.0,0.0,0.010872989722535439,7.1591444690423485,0.0,2.9393939393939394,1.4168651281619349
CUL4A,6201,0.008385744234800839,54,0.008708272859216255,0.0,0.0,0.0,2546,0.020031421838177535,144,0.056559308719560095,0.0,0.0,0.08333333333333333,0.011645677603376696,6.494893951296151,0.08333333333333333,2.6666666666666665,1.4160538125712043
ETFB,6201,0.0024189646831156266,16,0.002580228995323335,0.0,0.0,0.0,2546,0.012961508248232521,47,0.018460329929300863,0.0,0.0,0.0,0.010542543565116896,7.154531618224666,0.0,2.9375,1.4159691625083655
GYPC,6201,0.002257700370907918,15,0.0024189646831156266,0.0,0.0,0.06666666666666667,2546,0.007855459544383346,41,0.01610369206598586,0.0,0.0,0.0,0.0055977591734754275,6.657266300078554,-0.06666666666666667,2.7333333333333334,1.4147722854506088
HDAC9,6201,0.027414933075310434,214,0.0345105628124496,0.0,0.0,0.0,2546,0.04124116260801257,591,0.2321288295365279,0.0,0.0,0.049069373942470386,0.013826229532702135,6.726312485775746,0.049069373942470386,2.7616822429906542,1.414380132338778
KCNMA1,6201,0.019996774713755845,160,0.02580228995323335,0.0,0.0,0.00625,2546,0.05616653574234093,441,0.17321288295365278,0.0,1.0,0.034013605442176874,0.03616976102858509,6.7130817949725055,0.027763605442176875,2.75625,1.4137040076259095
SYBU,6201,0.010965973230124174,73,0.011772294791162716,0.0,0.0,0.0,2546,0.022780832678711706,199,0.0781618224666143,0.0,0.0,0.06030150753768844,0.011814859448587532,6.639472070075003,0.06030150753768844,2.7260273972602738,1.412297686441668
FGGY,6201,0.00822447992259313,56,0.009030801483631673,0.0,0.0,0.0,2546,0.01767478397486253,164,0.06441476826394343,0.0,0.0,0.0,0.0094503040522694,7.132785321512736,0.0,2.9285714285714284,1.4122065863508046
TSPAN4,6201,0.0017739074342847927,11,0.0017739074342847927,0.0,0.0,0.0,2546,0.006677140612725845,30,0.01178318931657502,0.0,0.0,0.06666666666666667,0.004903233178441052,6.642505177461972,0.06666666666666667,2.727272727272727,1.4121481715243733
SVIL,6201,0.027092404450895016,210,0.033865505563618774,0.0,0.0,0.0,2546,0.08248232521602514,575,0.2258444619010212,0.0,1.0,0.01217391304347826,0.05538992076513012,6.668864324991582,0.01217391304347826,2.738095238095238,1.4115851905189885
NR4A3,6201,0.008385744234800839,60,0.009675858732462506,0.0,0.0,0.0,2546,0.031029065200314218,150,0.0589159465828751,0.0,0.0,0.12,0.02264332096551338,6.088963079340141,0.12,2.5,1.408035219102965
DBI,6201,0.002257700370907918,14,0.002257700370907918,0.0,0.0,0.0,2546,0.0054988216810683424,41,0.01610369206598586,0.0,0.0,0.0,0.0032411213101604243,7.132785321512736,0.0,2.9285714285714284,1.4059974036086957
DAP3,6201,0.0043541364296081275,29,0.004676665054023544,0.0,0.0,0.0,2546,0.012175962293794187,69,0.027101335428122545,0.0,0.0,0.17391304347826086,0.00782182586418606,5.795013137578893,0.17391304347826086,2.3793103448275863,1.404776669802267
RTN3,6201,0.012739880664408966,93,0.014997581035316884,0.0,0.0,0.010752688172043012,2546,0.02749410840534171,264,0.10369206598586017,0.0,0.0,0.022727272727272728,0.014754227740932746,6.9139193675088055,0.011974584555229716,2.838709677419355,1.4022047860588176
ABR,6201,0.012578616352201259,85,0.013707466537655217,0.0,0.0,0.0,2546,0.029065200314218383,237,0.09308719560094265,0.0,0.0,0.02531645569620253,0.016486583962017125,6.7909847049581815,0.02531645569620253,2.788235294117647,1.4016231172770772
ABI1,6201,0.006611836800516046,43,0.006934365424931463,0.0,0.0,0.0,2546,0.00589159465828751,64,0.02513747054202671,0.0,0.0,0.5625,-0.0007202421422285365,3.625057089095526,0.5625,1.4883720930232558,1.401561776058712
CXCR4,6201,0.0077406869859700045,52,0.008385744234800839,0.0,0.0,0.0,2546,0.014925373134328358,140,0.05498821681068342,0.0,0.0,0.06428571428571428,0.007184686148358353,6.557344854673998,0.06428571428571428,2.6923076923076925,1.4008431386777915
CCT4,6201,0.0032252862441541686,21,0.003386550556361877,0.0,0.0,0.0,2546,0.014139827179890024,57,0.022388059701492536,0.0,0.0,0.05263157894736842,0.010914540935735855,6.610874200426439,0.05263157894736842,2.7142857142857144,1.3999769798193948
EGLN3,6201,0.0016126431220770843,10,0.0016126431220770843,0.0,0.0,0.0,2546,0.007069913589945012,29,0.011390416339355853,0.0,0.0,0.0,0.005457270467867928,7.063197172034564,0.0,2.9,1.3996202392414396
NUB1,6201,0.00612804386389292,40,0.006450572488308337,0.0,0.0,0.0,2546,0.020031421838177535,105,0.04124116260801257,0.0,0.0,0.0761904761904762,0.013903377974284615,6.393411233307148,0.0761904761904762,2.625,1.3975359033192631
PAK1,6201,0.004999193678438961,31,0.004999193678438961,0.0,0.0,0.0,2546,0.00864100549882168,85,0.03338570306362922,0.0,0.0,0.047058823529411764,0.0036418118203827192,6.6782175708891875,0.047058823529411764,2.7419354838709675,1.395940887889242
TPRKB,6201,0.001451378809869376,9,0.001451378809869376,0.0,0.0,0.0,2546,0.0054988216810683424,26,0.01021209740769835,0.0,0.0,0.0,0.004047442871198966,7.036135113904163,0.0,2.888888888888889,1.394848522699519
PHKG1,6201,0.0041928721174004195,30,0.004837929366231253,0.0,0.0,0.0,2546,0.01335428122545169,85,0.03338570306362922,0.0,0.0,0.011764705882352941,0.00916140910805127,6.90082482325216,0.011764705882352941,2.8333333333333335,1.3947460964599008
NAA38,6201,0.0027414933075310434,17,0.0027414933075310434,0.0,0.0,0.0,2546,0.007855459544383346,49,0.0192458758837392,0.0,0.0,0.0,0.005113966236852303,7.020216256180398,0.0,2.8823529411764706,1.3939321718028135
HERC3,6201,0.011449766166747298,80,0.012901144976616674,0.0,0.0,0.0,2546,0.01767478397486253,192,0.07541241162608013,0.0,0.0,0.15625,0.006225017808115232,5.845404556166536,0.15625,2.4,1.3929053966769502
XPNPEP1,6201,0.00822447992259313,53,0.008547008547008548,0.0,0.0,0.0,2546,0.014925373134328358,152,0.05970149253731343,0.0,0.0,0.0,0.006700893211735228,6.9850746268656705,0.0,2.8679245283018866,1.3911278401568303
NFYC,6201,0.004031607805192711,27,0.0043541364296081275,0.0,0.0,0.1111111111111111,2546,0.012175962293794187,68,0.02670856245090338,0.0,0.0,0.0,0.008144354488601476,6.134066509557476,-0.1111111111111111,2.5185185185185186,1.3909896948314497
FJX1,6201,0.0019351717464925011,13,0.0020964360587002098,0.0,0.0,0.0,2546,0.014532600157109192,37,0.014532600157109192,0.0,0.0,0.0,0.01259742841061669,6.932050274941084,0.0,2.8461538461538463,1.3903617967308328
DCTN1,6201,0.015803902596355425,112,0.018061602967263345,0.0,0.0,0.0,2546,0.025923016496465043,293,0.11508248232521602,0.0,0.0,0.07508532423208192,0.010119113900109618,6.371664936595219,0.07508532423208192,2.6160714285714284,1.3897008455323645
CCNK,6201,0.004515400741815836,29,0.004676665054023544,0.0,0.0,0.0,2546,0.03181461115475255,81,0.03181461115475255,0.0,0.0,0.0,0.027299210412936713,6.802841509331744,0.0,2.793103448275862,1.388639993277008
EWSR1,6201,0.008547008547008548,57,0.009192065795839382,0.0,0.0,0.0,2546,0.020031421838177535,157,0.06166535742340927,0.0,0.0,0.025477707006369428,0.011484413291168987,6.708541778641418,0.025477707006369428,2.754385964912281,1.3861439756558374
PAICS,6201,0.002257700370907918,16,0.002580228995323335,0.0,0.0,0.0,2546,0.007855459544383346,35,0.013747054202670856,0.0,0.0,0.22857142857142856,0.0055977591734754275,5.327842694422624,0.22857142857142856,2.1875,1.385981378684981
AK4,6201,0.0017739074342847927,13,0.0020964360587002098,0.0,0.0,0.0,2546,0.009033778476040848,37,0.014532600157109192,0.0,0.0,0.0,0.007259871041756055,6.932050274941084,0.0,2.8461538461538463,1.385024239361972
IL11,6201,0.0024189646831156266,17,0.0027414933075310434,0.0,0.0,0.0,2546,0.009426551453260016,46,0.018067556952081697,0.0,0.0,0.043478260869565216,0.00700758677014439,6.590407097638741,0.043478260869565216,2.7058823529411766,1.3842238931014763
VBP1,6201,0.002580228995323335,16,0.002580228995323335,0.0,0.0,0.0,2546,0.00589159465828751,35,0.013747054202670856,0.0,0.0,0.22857142857142856,0.0033113656629641746,5.327842694422624,0.22857142857142856,2.1875,1.3836949851744698
MFHAS1,6201,0.010804708917916465,73,0.011772294791162716,0.0,0.0,0.0,2546,0.07501963864886096,193,0.0758051846032993,0.0,1.0,0.0051813471502590676,0.0642149297309445,6.439286982535053,0.0051813471502590676,2.643835616438356,1.3830241048929541
EFHD1,6201,0.0041928721174004195,30,0.004837929366231253,0.0,0.0,0.0,2546,0.01335428122545169,85,0.03338570306362922,0.0,0.0,0.0,0.00916140910805127,6.90082482325216,0.0,2.8333333333333335,1.3829813905775477
EIF3J,6201,0.002580228995323335,18,0.002902757619738752,0.0,0.0,0.0,2546,0.01335428122545169,46,0.018067556952081697,0.0,0.0,0.08695652173913043,0.010774052230128355,6.224273369992145,0.08695652173913043,2.5555555555555554,1.3820300507227594
DNM1L,6201,0.006934365424931463,45,0.00725689404934688,0.0,0.0,0.0,2546,0.014139827179890024,118,0.046347211311861744,0.0,0.0,0.06779661016949153,0.007205461754958561,6.386645718774548,0.06779661016949153,2.6222222222222222,1.3815286286654842
MARK2,6201,0.009030801483631673,64,0.01032091598129334,0.0,0.0,0.0,2546,0.025530243519245877,157,0.06166535742340927,0.0,0.0,0.11464968152866242,0.016499442035614202,5.974795021602514,0.11464968152866242,2.453125,1.3803048826960682
OSBP2,6201,0.011449766166747298,84,0.013546202225447508,0.0,0.0,0.0,2546,0.023959151610369208,222,0.08719560094265515,0.0,0.0,0.05405405405405406,0.01250938544362191,6.436903826731007,0.05405405405405406,2.642857142857143,1.3798708688462216
SLC37A4,6201,0.0017739074342847927,12,0.0019351717464925011,0.0,0.0,0.0,2546,0.007462686567164179,34,0.01335428122545169,0.0,0.0,0.0,0.005688779132879386,6.900824823252161,0.0,2.8333333333333335,1.379508760602376
SCARB1,6201,0.006773101112723754,45,0.00725689404934688,0.0,0.0,0.0,2546,0.0192458758837392,124,0.04870384917517675,0.0,0.0,0.016129032258064516,0.012472774771015445,6.711390416339356,0.016129032258064516,2.7555555555555555,1.378153137128814
LSS,6201,0.0077406869859700045,51,0.00822447992259313,0.0,0.0,0.0,2546,0.025923016496465043,142,0.05577376276512176,0.0,0.0,0.0,0.01818232951049504,6.781433390323922,0.0,2.784313725490196,1.3767757105722038
SLC25A1,6201,0.002257700370907918,16,0.002580228995323335,0.0,0.0,0.0,2546,0.011390416339355853,45,0.01767478397486253,0.0,0.0,0.0,0.009132715968447934,6.85008346425766,0.0,2.8125,1.3765096995358068
IFRD1,6201,0.004837929366231253,36,0.005805515239477504,0.0,0.0,0.0,2546,0.021602513747054203,93,0.03652788688138256,0.0,0.0,0.06451612903225806,0.01676458438082295,6.291928515318146,0.06451612903225806,2.5833333333333335,1.3749015864561343
CRYAB,6201,0.0016126431220770843,10,0.0016126431220770843,0.0,0.0,0.0,2546,0.007462686567164179,27,0.010604870384917517,0.0,0.0,0.037037037037037035,0.005850043445087095,6.576080125687352,0.037037037037037035,2.7,1.3747358320023182
TMCC2,6201,0.009353330108047089,65,0.010482180293501049,0.0,0.0,0.0,2546,0.024351924587588374,181,0.07109190887666929,0.0,0.0,0.0,0.014998594479541286,6.782168106834249,0.0,2.7846153846153845,1.3736863902576648
PPP1CA,6201,0.0032252862441541686,23,0.003709079180777294,0.0,0.0,0.0,2546,0.009819324430479183,61,0.023959151610369208,0.0,0.0,0.04918032786885246,0.006594038186325014,6.459595614604325,0.04918032786885246,2.652173913043478,1.3721283910840432
TXNL4A,6201,0.0016126431220770843,10,0.0016126431220770843,0.0,0.0,0.0,2546,0.003534956794972506,27,0.010604870384917517,0.0,0.0,0.037037037037037035,0.0019223136728954216,6.576080125687352,0.037037037037037035,2.7,1.3708081022301264
IFNGR2,6201,0.004515400741815836,28,0.004515400741815836,0.0,0.0,0.0,2546,0.021209740769835034,74,0.029065200314218383,0.0,0.0,0.04054054054054054,0.016694340028019197,6.436903826731006,0.04054054054054054,2.642857142857143,1.3705423099171052
ATF5,6201,0.0035478148685695854,24,0.0038703434929850023,0.0,0.0,0.0,2546,0.025530243519245877,66,0.025923016496465043,0.0,0.0,0.0,0.021982428650676292,6.697859387274156,0.0,2.75,1.3697775366480394
HDAC11,6201,0.005644250927269795,35,0.005644250927269795,0.0,0.0,0.0,2546,0.01610369206598586,89,0.034956794972505895,0.0,0.0,0.07865168539325842,0.010459441138716063,6.193345303557402,0.07865168539325842,2.5428571428571427,1.3691202812044516
OXT,6201,0.0006450572488308337,4,0.0006450572488308337,0.0,0.0,0.0,2546,0.003927729772191673,10,0.003927729772191673,0.0,0.0,0.1,0.0032826725233608394,6.088963079340141,0.1,2.5,1.3686745706608126
GNG11,6201,0.0006450572488308337,4,0.0006450572488308337,0.0,0.0,0.0,2546,0.003927729772191673,10,0.003927729772191673,0.0,0.0,0.1,0.0032826725233608394,6.088963079340141,0.1,2.5,1.3686745706608126
NLRC5,6201,0.026124818577648767,196,0.03160780519271085,0.0,0.0,0.0,2546,0.04870384917517675,514,0.20188531029065201,0.0,0.0,0.038910505836575876,0.022579030597527982,6.387198005675169,0.038910505836575876,2.622448979591837,1.3680908586743785
EPHX1,6201,0.008385744234800839,54,0.008708272859216255,0.0,0.0,0.0,2546,0.0192458758837392,138,0.05420267085624509,0.0,0.0,0.07246376811594203,0.01086013164893836,6.224273369992145,0.07246376811594203,2.5555555555555554,1.367623376518381
SYTL2,6201,0.014836316723109175,107,0.0172552814062248,0.0,0.0,0.0,2546,0.031421838177533384,293,0.11508248232521602,0.0,0.0,0.006825938566552901,0.01658552145442421,6.669406288772566,0.006825938566552901,2.7383177570093458,1.3675034849044332
PRDX5,6201,0.0016126431220770843,10,0.0016126431220770843,0.0,0.0,0.0,2546,0.0054988216810683424,28,0.010997643362136685,0.0,0.0,0.0,0.0038861785589912583,6.819638648860958,0.0,2.8,1.367377342903061
EXOSC1,6201,0.0016126431220770843,10,0.0016126431220770843,0.0,0.0,0.0,2546,0.0054988216810683424,28,0.010997643362136685,0.0,0.0,0.0,0.0038861785589912583,6.819638648860958,0.0,2.8,1.367377342903061
SMAD7,6201,0.004676665054023544,34,0.005482986615062087,0.0,0.0,0.0,2546,0.0192458758837392,94,0.036920659858601726,0.0,0.0,0.0,0.014569210829715655,6.7336768171526264,0.0,2.764705882352941,1.3670064352986784
CEP131,6201,0.009353330108047089,66,0.010643444605708756,0.0,0.0,0.0,2546,0.03613511390416339,174,0.06834249803613511,0.0,0.0,0.028735632183908046,0.026781783796116305,6.42108833821324,0.028735632183908046,2.6363636363636362,1.366695958152512
RNPS1,6201,0.002902757619738752,18,0.002902757619738752,0.0,0.0,0.0,2546,0.010604870384917517,50,0.019638648860958365,0.0,0.0,0.0,0.007702112765178765,6.7655145326001564,0.0,2.7777777777777777,1.3642476496627622
NF2,6201,0.008063215610385421,51,0.00822447992259313,0.0,0.0,0.0,2546,0.01728201099764336,125,0.049096622152395915,0.0,0.0,0.104,0.00921879538725794,5.969571646411903,0.104,2.450980392156863,1.3616253809553769
SLC12A4,6201,0.011449766166747298,74,0.011933559103370425,0.0,0.0,0.02702702702702703,2546,0.028672427336999214,202,0.0793401413982718,0.0,0.0,0.024752475247524754,0.017222661170251917,6.648489416360586,-0.002274551779502275,2.72972972972973,1.3608581988164339
VIPR1,6201,0.005805515239477504,42,0.006773101112723754,0.0,0.0,0.0,2546,0.014925373134328358,116,0.04556166535742341,0.0,0.0,0.0,0.009119857894850855,6.726854449556728,0.0,2.761904761904762,1.3606745295044025
POU2F1,6201,0.0077406869859700045,50,0.008063215610385421,0.0,0.0,0.0,2546,0.01767478397486253,132,0.051846032992930086,0.0,0.0,0.03787878787878788,0.009934096988892527,6.42994501178319,0.03787878787878788,2.64,1.360184162173299
POLR3GL,6201,0.0016126431220770843,10,0.0016126431220770843,0.0,0.0,0.0,2546,0.00589159465828751,21,0.008248232521602514,0.0,0.0,0.23809523809523808,0.0042789515362104255,5.114728986645719,0.23809523809523808,2.1,1.3599274577919898
AMMECR1,6201,0.0032252862441541686,20,0.0032252862441541686,0.0,0.0,0.0,2546,0.01178318931657502,49,0.0192458758837392,0.0,0.0,0.10204081632653061,0.008557903072420851,5.967183817753339,0.10204081632653061,2.45,1.3586626385999856
TNFRSF18,6201,0.0016126431220770843,12,0.0019351717464925011,0.0,0.0,0.0,2546,0.012175962293794187,33,0.012961508248232521,0.0,0.0,0.0,0.010563319171717102,6.697859387274156,0.0,2.75,1.3583584271690803
RHOT1,6201,0.006289308176100629,45,0.00725689404934688,0.0,0.0,0.0,2546,0.013747054202670856,112,0.04399057344854674,0.0,0.0,0.08928571428571429,0.007457746026570226,6.06190102120974,0.08928571428571429,2.488888888888889,1.3583105614720863
RAP1GAP,6201,0.008385744234800839,57,0.009192065795839382,0.0,0.0,0.0,2546,0.028279654359780047,155,0.06087981146897094,0.0,0.0,0.0,0.01989391012497921,6.623082647703312,0.0,2.719298245614035,1.3579275643992283
CCT7,6201,0.005644250927269795,39,0.006289308176100629,0.0,0.0,0.02564102564102564,2546,0.013747054202670856,106,0.041633935585231735,0.0,0.0,0.03773584905660377,0.008102803275401062,6.619795758051845,0.012094823415578132,2.717948717948718,1.3578000120651015
TUBGCP6,6201,0.019351717464925013,149,0.024028382518948555,0.0,0.0,0.0,2546,0.13904163393558522,355,0.1394344069128044,0.0,1.0,0.011267605633802818,0.11968991647066021,5.802904411183222,0.011267605633802818,2.38255033557047,1.3551599818287492
NOL3,6201,0.0019351717464925011,12,0.0019351717464925011,0.0,0.0,0.0,2546,0.007855459544383346,33,0.012961508248232521,0.0,0.0,0.0,0.005920287797890845,6.697859387274156,0.0,2.75,1.353715395795254
DNAJA4,6201,0.0043541364296081275,31,0.004999193678438961,0.0,0.0,0.0,2546,0.012568735271013355,85,0.03338570306362922,0.0,0.0,0.0,0.008214598841405227,6.6782175708891875,0.0,2.7419354838709675,1.3534548513808529
COX6A2,6201,0.0006450572488308337,4,0.0006450572488308337,0.0,0.0,0.0,2546,0.00432050274941084,11,0.00432050274941084,0.0,0.0,0.0,0.0036754455005800065,6.697859387274155,0.0,2.75,1.3514705534979432
GNE,6201,0.006773101112723754,47,0.0075794226737622965,0.0,0.0,0.0,2546,0.015318146111547526,122,0.047918303220738416,0.0,0.0,0.040983606557377046,0.008545044998823772,6.322157410038275,0.040983606557377046,2.595744680851064,1.3472864836929725
ARFGAP1,6201,0.004837929366231253,32,0.00516045799064667,0.0,0.0,0.0,2546,0.014139827179890024,87,0.034171249018067555,0.0,0.0,0.0,0.00930189781365877,6.621747348782403,0.0,2.71875,1.3471603715283833
GPI,6201,0.0075794226737622965,52,0.008385744234800839,0.0,0.0,0.0,2546,0.018067556952081697,134,0.05263157894736842,0.0,0.0,0.04477611940298507,0.0104881342783194,6.276315789473683,0.04477611940298507,2.576923076923077,1.3467417343573629
GTF2H3,6201,0.003386550556361877,22,0.0035478148685695854,0.0,0.0,0.0,2546,0.00864100549882168,60,0.02356637863315004,0.0,0.0,0.0,0.005254454942459803,6.642505177461972,0.0,2.727272727272727,1.3458327266217254
MAPK8IP2,6201,0.004515400741815836,33,0.005321722302854378,0.0,0.0,0.0,2546,0.032992930086410056,84,0.032992930086410056,0.0,0.0,0.03571428571428571,0.02847752934459422,6.199671498964508,0.03571428571428571,2.5454545454545454,1.3450800343362672
IL16,6201,0.017739074342847928,128,0.02064183196258668,0.0,0.0,0.0,2546,0.0408483896307934,317,0.12450903377847604,0.0,0.0,0.06309148264984227,0.023109315287945475,6.0318790504713276,0.06309148264984227,2.4765625,1.3435075777367076
HSPB1,6201,0.0009675858732462506,7,0.001128850185453959,0.0,0.0,0.0,2546,0.007462686567164179,19,0.007462686567164179,0.0,0.0,0.0,0.0064951006939179285,6.610874200426439,0.0,2.7142857142857144,1.3429259606302086
SLC11A2,6201,0.005805515239477504,40,0.006450572488308337,0.0,0.0,0.0,2546,0.014925373134328358,101,0.0396700706991359,0.0,0.0,0.0594059405940594,0.009119857894850855,6.149852710133542,0.0594059405940594,2.525,1.3424703744413762
SPP1,6201,0.004837929366231253,31,0.004999193678438961,0.0,0.0,0.0,2546,0.012175962293794187,84,0.032992930086410056,0.0,0.0,0.0,0.007338032927562934,6.599650305349315,0.0,2.7096774193548385,1.34229308614726
LAMTOR5,6201,0.001128850185453959,7,0.001128850185453959,0.0,0.0,0.0,2546,0.006677140612725845,19,0.007462686567164179,0.0,0.0,0.0,0.005548290427271885,6.610874200426439,0.0,2.7142857142857144,1.3419791503635625
EGFR,6201,0.0382196419932269,304,0.04902435091114336,0.0,0.0,0.0,2546,0.0816967792615868,612,0.2403770620581304,0.0,3.0,0.21568627450980393,0.0434771372683599,4.903217637573904,0.21568627450980393,2.013157894736842,1.3415137957745797
POLR1D,6201,0.0024189646831156266,16,0.002580228995323335,0.0,0.0,0.0,2546,0.010997643362136685,42,0.016496465043205028,0.0,0.0,0.023809523809523808,0.008578678679021057,6.393411233307148,0.023809523809523808,2.625,1.3398302516430471
AGER,6201,0.0027414933075310434,20,0.0032252862441541686,0.0,0.0,0.0,2546,0.01021209740769835,54,0.021209740769835034,0.0,0.0,0.0,0.007470604100167307,6.576080125687352,0.0,2.7,1.3393193556203613
PABPC1,6201,0.01435252378648605,101,0.01628769553297855,0.0,0.0,0.0,2546,0.09387274155538099,240,0.09426551453260015,0.0,1.0,0.0375,0.07952021776889494,5.787529263531224,0.0375,2.376237623762376,1.3389600338455252
ADRA2C,6201,0.004515400741815836,32,0.00516045799064667,0.0,0.0,0.0,2546,0.03260015710919089,83,0.03260015710919089,0.0,0.0,0.012048192771084338,0.028084756367375053,6.317299194815397,0.012048192771084338,2.59375,1.3372270660114267
SOD3,6201,0.0019351717464925011,12,0.0019351717464925011,0.0,0.0,0.0,2546,0.012175962293794187,31,0.012175962293794187,0.0,0.0,0.03225806451612903,0.010240790547301686,6.291928515318147,0.03225806451612903,2.5833333333333335,1.3361197281064838
CNP,6201,0.003709079180777294,24,0.0038703434929850023,0.0,0.0,0.0,2546,0.012961508248232521,62,0.024351924587588374,0.0,0.0,0.03225806451612903,0.009252429067455228,6.291928515318147,0.03225806451612903,2.5833333333333335,1.3351313666266373
HOPX,6201,0.001451378809869376,9,0.001451378809869376,0.0,0.0,0.0,2546,0.006677140612725845,23,0.009033778476040848,0.0,0.0,0.043478260869565216,0.005225761802856469,6.224273369992145,0.043478260869565216,2.5555555555555554,1.3330034994259221
APP,6201,0.011449766166747298,86,0.013868730849862926,0.0,0.0,0.011627906976744186,2546,0.018460329929300863,214,0.0840534171249018,0.0,0.0,0.07476635514018691,0.007010563762553565,6.060642320831582,0.06313844816344272,2.488372093023256,1.3315378590205056
ECD,6201,0.0043541364296081275,28,0.004515400741815836,0.0,0.0,0.0,2546,0.015318146111547526,71,0.02788688138256088,0.0,0.0,0.04225352112676056,0.010964009681939398,6.1759482661878575,0.04225352112676056,2.5357142857142856,1.330805265696634
CCND3,6201,0.00306402193194646,22,0.0035478148685695854,0.0,0.0,0.0,2546,0.006677140612725845,59,0.023173605655930872,0.0,0.0,0.0,0.0036131186807793845,6.531796757837607,0.0,2.6818181818181817,1.3295995647276666
DYNLT3,6201,0.0009675858732462506,6,0.0009675858732462506,0.0,0.0,0.0,2546,0.006284367635506678,16,0.006284367635506678,0.0,0.0,0.0,0.005316781762260427,6.494893951296151,0.0,2.6666666666666665,1.3263915833967546
DTNB,6201,0.00725689404934688,49,0.007901951298177712,0.0,0.0,0.0,2546,0.016496465043205028,130,0.05106048703849175,0.0,0.0,0.0,0.009239570993858148,6.461756737258926,0.0,2.6530612244897958,1.3258832644949579
PRCP,6201,0.005482986615062087,34,0.005482986615062087,0.0,0.0,0.0,2546,0.015318146111547526,90,0.03534956794972506,0.0,0.0,0.0,0.00983515949648544,6.4471373781248555,0.0,2.6470588235294117,1.3245176929401572
SLC1A5,6201,0.005644250927269795,36,0.005805515239477504,0.0,0.0,0.0,2546,0.018067556952081697,95,0.03731343283582089,0.0,0.0,0.0,0.012423306024811901,6.427238805970148,0.0,2.638888888888889,1.3244302873943818
LGALS7,6201,0.0003225286244154169,3,0.0004837929366231253,0.0,0.0,0.0,2546,0.003142183817753339,8,0.003142183817753339,0.0,0.0,0.0,0.002819655193337922,6.494893951296151,0.0,2.6666666666666665,1.3238944568278321
PSMC3IP,6201,0.0024189646831156266,15,0.0024189646831156266,0.0,0.0,0.0,2546,0.005106048703849175,40,0.015710919088766692,0.0,0.0,0.0,0.0026870840207335487,6.4948939512961505,0.0,2.6666666666666665,1.3237618856552273
MTF2,6201,0.0059667795516852125,42,0.006773101112723754,0.0,0.0,0.0,2546,0.018067556952081697,97,0.03809897879025923,0.0,0.0,0.1134020618556701,0.012100777400396483,5.625042082818988,0.1134020618556701,2.3095238095238093,1.3232123826718534
RPA1,6201,0.005321722302854378,35,0.005644250927269795,0.0,0.0,0.0,2546,0.016889238020424194,85,0.03338570306362922,0.0,0.0,0.07058823529411765,0.011567515717569817,5.91499270564471,0.07058823529411765,2.4285714285714284,1.32270048070814
SRM,6201,0.003709079180777294,23,0.003709079180777294,0.0,0.0,0.0,2546,0.023173605655930872,60,0.02356637863315004,0.0,0.0,0.0,0.01946452647515358,6.353700604528843,0.0,2.608695652173913,1.321521016043975
EFNA3,6201,0.001451378809869376,9,0.001451378809869376,0.0,0.0,0.0,2546,0.007855459544383346,20,0.007855459544383346,0.0,0.0,0.15,0.00640408073451397,5.412411626080125,0.15,2.2222222222222223,1.3214923290685179
SHOX2,6201,0.006773101112723754,44,0.007095629737139171,0.0,0.0,0.022727272727272728,2546,0.03574234092694423,108,0.04241948153967007,0.0,0.0,0.06481481481481481,0.028969239814220473,5.978254659715775,0.04208754208754208,2.4545454545454546,1.3207084380973755
CLCF1,6201,0.0024189646831156266,16,0.002580228995323335,0.0,0.0,0.0,2546,0.007855459544383346,36,0.014139827179890024,0.0,0.0,0.1388888888888889,0.0054364948612677195,5.480066771406127,0.1388888888888889,2.25,1.319909017730647
FOXC1,6201,0.0043541364296081275,29,0.004676665054023544,0.0,0.0,0.034482758620689655,2546,0.022780832678711706,58,0.022780832678711706,0.0,0.0,0.25862068965517243,0.018426696249103577,4.871170463472113,0.22413793103448276,2.0,1.319471458211664
PIF1,6201,0.005644250927269795,40,0.006450572488308337,0.0,0.0,0.0,2546,0.023959151610369208,104,0.0408483896307934,0.0,0.0,0.0,0.018314900683099412,6.332521602513747,0.0,2.6,1.3174871881204
PFKL,6201,0.0075794226737622965,48,0.0077406869859700045,0.0,0.0,0.020833333333333332,2546,0.02670856245090338,124,0.04870384917517675,0.0,0.0,0.016129032258064516,0.019129139777141084,6.291928515318147,-0.0047043010752688165,2.5833333333333335,1.317454313895463
CTSB,6201,0.004031607805192711,26,0.0041928721174004195,0.0,0.0,0.0,2546,0.014532600157109192,58,0.022780832678711706,0.0,0.0,0.13793103448275862,0.010500992351916481,5.433228593872742,0.13793103448275862,2.230769230769231,1.3167613726397573
APOBEC3G,6201,0.005321722302854378,37,0.0059667795516852125,0.0,0.0,0.0,2546,0.015318146111547526,97,0.03809897879025923,0.0,0.0,0.0,0.009996423808693148,6.385182904821553,0.0,2.6216216216216215,1.3163249259966925
PTCH1,6201,0.025157232704402517,187,0.030156426382841477,0.0,0.0,0.0,2546,0.047918303220738416,434,0.17046347211311863,0.0,0.0,0.08986175115207373,0.0227610705163359,5.6526416608205805,0.08986175115207373,2.320855614973262,1.3144896591250805
TAF6,6201,0.008063215610385421,58,0.009353330108047089,0.0,0.0,0.0,2546,0.018067556952081697,137,0.053809897879025924,0.0,0.0,0.08759124087591241,0.010004341341696275,5.753020288755859,0.08759124087591241,2.3620689655172415,1.3144382566521722
PPOX,6201,0.006289308176100629,41,0.006611836800516046,0.0,0.0,0.0,2546,0.01610369206598586,107,0.0420267085624509,0.0,0.0,0.0,0.00981438388988523,6.356283409652635,0.0,2.6097560975609757,1.3122220370150837
VDAC2,6201,0.0024189646831156266,16,0.002580228995323335,0.0,0.0,0.0,2546,0.006677140612725845,42,0.016496465043205028,0.0,0.0,0.0,0.004258175929610218,6.393411233307148,0.0,2.625,1.3117002250841125
POLR2J,6201,0.0012901144976616675,8,0.0012901144976616675,0.0,0.0,0.0,2546,0.004713275726630008,21,0.008248232521602514,0.0,0.0,0.0,0.003423161228968341,6.393411233307148,0.0,2.625,1.3108652103834706
ADAR,6201,0.0133849379132398,94,0.015158845347524593,0.0,0.0,0.0,2546,0.029065200314218383,236,0.09269442262372349,0.0,0.0,0.025423728813559324,0.015680262400978584,6.114873560528823,0.025423728813559324,2.5106382978723403,1.3101442712062947
NTM,6201,0.011933559103370425,88,0.014191259474278342,0.0,0.0,0.0,2546,0.023959151610369208,219,0.08601728201099765,0.0,0.0,0.0365296803652968,0.012025592506998783,6.061285974434051,0.0365296803652968,2.4886363636363638,1.3100352765835865
NUP50,6201,0.003386550556361877,23,0.003709079180777294,0.0,0.0,0.0,2546,0.012961508248232521,55,0.021602513747054203,0.0,0.0,0.07272727272727272,0.009574957691870644,5.82422555415144,0.07272727272727272,2.391304347826087,1.309633912572593
PFKFB3,6201,0.007095629737139171,47,0.0075794226737622965,0.0,0.0,0.0,2546,0.018067556952081697,122,0.047918303220738416,0.0,0.0,0.0,0.010971927214942525,6.322157410038275,0.0,2.595744680851064,1.3087297593517142
RAB2A,6201,0.002902757619738752,18,0.002902757619738752,0.0,0.0,0.0,2546,0.009426551453260016,42,0.016496465043205028,0.0,0.0,0.09523809523809523,0.006523793833521264,5.683032207384132,0.09523809523809523,2.3333333333333335,1.3081865163293256
ST3GAL5,6201,0.004676665054023544,30,0.004837929366231253,0.0,0.0,0.0,2546,0.00864100549882168,72,0.028279654359780047,0.0,0.0,0.06944444444444445,0.003964340444798136,5.845404556166535,0.06944444444444445,2.4,1.3038391637580777
MEST,6201,0.003709079180777294,24,0.0038703434929850023,0.0,0.0,0.0,2546,0.010604870384917517,61,0.023959151610369208,0.0,0.0,0.01639344262295082,0.006895791204140223,6.1904457973291445,0.01639344262295082,2.5416666666666665,1.3028952254882045
DTX2,6201,0.009030801483631673,64,0.01032091598129334,0.0,0.0,0.0,2546,0.038884524744697564,159,0.0624509033778476,0.0,0.0,0.012578616352201259,0.02985372326106589,6.050907060094265,0.012578616352201259,2.484375,1.3024414286076604
TPD52,6201,0.003386550556361877,21,0.003386550556361877,0.0,0.0,0.0,2546,0.007462686567164179,44,0.01728201099764336,0.0,0.0,0.18181818181818182,0.004076136010802302,5.103130961732689,0.18181818181818182,2.0952380952380953,1.3015490491842696
UBE2T,6201,0.0016126431220770843,11,0.0017739074342847927,0.0,0.0,0.0,2546,0.006677140612725845,26,0.01021209740769835,0.0,0.0,0.07692307692307693,0.005064497490648761,5.756837820467043,0.07692307692307693,2.3636363636363638,1.299395396428956
MTX2,6201,0.002257700370907918,14,0.002257700370907918,0.0,0.0,0.0,2546,0.007069913589945012,35,0.013747054202670856,0.0,0.0,0.02857142857142857,0.004812213219037093,6.088963079340141,0.02857142857142857,2.5,1.2987755399279173
LPIN1,6201,0.015320109659732302,111,0.017900338655055636,0.0,0.0,0.0,2546,0.02356637863315004,266,0.1044776119402985,0.0,0.0,0.06015037593984962,0.008246268973417736,5.836627672448568,0.06015037593984962,2.3963963963963963,1.2975440440645813
SLC31A2,6201,0.0009675858732462506,7,0.001128850185453959,0.0,0.0,0.0,2546,0.007069913589945012,18,0.007069913589945012,0.0,0.0,0.0,0.006102327716698761,6.262933453035574,0.0,2.5714285714285716,1.2957389512764068
ISG15,6201,0.001128850185453959,7,0.001128850185453959,0.0,0.0,0.0,2546,0.007069913589945012,18,0.007069913589945012,0.0,0.0,0.0,0.0059410634044910525,6.262933453035574,0.0,2.5714285714285716,1.295577686964199
CD82,6201,0.003709079180777294,25,0.004031607805192711,0.0,0.0,0.04,2546,0.014532600157109192,61,0.023959151610369208,0.0,0.0,0.0,0.010823520976331897,5.942827965435979,-0.04,2.44,1.2953855197494695
STOM,6201,0.0017739074342847927,12,0.0019351717464925011,0.0,0.0,0.0,2546,0.009033778476040848,27,0.010604870384917517,0.0,0.0,0.1111111111111111,0.007259871041756055,5.480066771406127,0.1111111111111111,2.25,1.2939546161333575
HAS1,6201,0.01032091598129334,69,0.011127237542331882,0.0,0.0,0.0,2546,0.03613511390416339,173,0.06794972505891594,0.0,0.0,0.0,0.025814197922870055,6.106612247686054,0.0,2.5072463768115942,1.2936926705080825
MCM3,6201,0.007418158361554588,55,0.008869537171423964,0.0,0.0,0.0,2546,0.014139827179890024,126,0.04948939512961508,0.0,0.0,0.09523809523809523,0.006721668818335436,5.579704349068057,0.09523809523809523,2.290909090909091,1.2928023960716748
WEE1,6201,0.005321722302854378,36,0.005805515239477504,0.0,0.0,0.0,2546,0.02513747054202671,86,0.03377847604084839,0.0,0.0,0.046511627906976744,0.019815748239172332,5.818342498036135,0.046511627906976744,2.388888888888889,1.2927966024250943
EIF4E3,6201,0.001128850185453959,8,0.0012901144976616675,0.0,0.0,0.0,2546,0.003534956794972506,15,0.00589159465828751,0.0,0.0,0.26666666666666666,0.0024061066095185466,4.5667223095051055,0.26666666666666666,1.875,1.292732019140363
CAPZB,6201,0.002580228995323335,16,0.002580228995323335,0.0,0.0,0.0,2546,0.008248232521602514,41,0.01610369206598586,0.0,0.0,0.0,0.0056680035262791795,6.241187156323644,0.0,2.5625,1.2923059877899483
DGKH,6201,0.010643444605708756,73,0.011772294791162716,0.0,0.0,0.0,2546,0.031029065200314218,173,0.06794972505891594,0.0,0.0,0.05202312138728324,0.020385620594605462,5.772003357401887,0.05202312138728324,2.3698630136986303,1.2920585214697158
DAP,6201,0.0012901144976616675,8,0.0012901144976616675,0.0,0.0,0.0,2546,0.006284367635506678,18,0.007069913589945012,0.0,0.0,0.1111111111111111,0.00499425313784501,5.480066771406127,0.1111111111111111,2.25,1.2916889982294464
PTGES3,6201,0.001128850185453959,7,0.001128850185453959,0.0,0.0,0.0,2546,0.003142183817753339,18,0.007069913589945012,0.0,0.0,0.0,0.0020133336322993795,6.262933453035574,0.0,2.5714285714285716,1.2916499571920075
RUVBL2,6201,0.004999193678438961,36,0.005805515239477504,0.0,0.0,0.027777777777777776,2546,0.014532600157109192,91,0.03574234092694423,0.0,0.0,0.03296703296703297,0.00953340647867023,6.156618224666143,0.005189255189255192,2.5277777777777777,1.289613035513913
EPB41L3,6201,0.028221254636348975,206,0.03322044831478794,0.0,0.0,0.0048543689320388345,2546,0.0408483896307934,491,0.19285153181461115,0.0,0.0,0.05702647657841141,0.012627134994444428,5.80520557661361,0.052172107646372576,2.383495145631068,1.2893399073699698
ESR1,6201,0.010643444605708756,67,0.010804708917916465,0.0,0.0,0.0,2546,0.02788688138256088,164,0.06441476826394343,0.0,0.0,0.024390243902439025,0.017243436776852125,5.96173101499572,0.024390243902439025,2.4477611940298507,1.2889146525938142
ANXA13,6201,0.004676665054023544,31,0.004999193678438961,0.0,0.0,0.0,2546,0.015710919088766692,75,0.02945797329143755,0.0,0.0,0.04,0.011034254034743148,5.89254491549046,0.04,2.4193548387096775,1.288327453943984
ANTXR2,6201,0.005321722302854378,36,0.005805515239477504,0.0,0.0,0.0,2546,0.019638648860958365,86,0.03377847604084839,0.0,0.0,0.046511627906976744,0.014316926558103987,5.818342498036135,0.046511627906976744,2.388888888888889,1.287297780744026
UNC13B,6201,0.018222867279471054,134,0.02160941783583293,0.0,0.0,0.0,2546,0.06087981146897094,323,0.12686567164179105,0.0,1.0,0.009287925696594427,0.04265694418949988,5.870850969035421,0.009287925696594427,2.41044776119403,1.2860856552890987
SHC1,6201,0.007901951298177712,50,0.008063215610385421,0.0,0.0,0.0,2546,0.0204241948153967,126,0.04948939512961508,0.0,0.0,0.0,0.012522243517218989,6.137674783974862,0.0,2.52,1.2847621257621458
NFAT5,6201,0.014997581035316884,111,0.017900338655055636,0.0,0.0,0.0,2546,0.036920659858601726,252,0.09897879025923016,0.0,0.0,0.07936507936507936,0.02192307882328484,5.529436742319696,0.07936507936507936,2.27027027027027,1.284461660277534
EVL,6201,0.00516045799064667,35,0.005644250927269795,0.0,0.0,0.0,2546,0.018460329929300863,88,0.03456402199528672,0.0,0.0,0.0,0.013299871938654194,6.123757154079228,0.0,2.5142857142857142,1.2835879678027573
IFNAR1,6201,0.006611836800516046,44,0.007095629737139171,0.0,0.0,0.0,2546,0.012961508248232521,109,0.04281225451688924,0.0,0.0,0.01834862385321101,0.006349671447716475,6.033608869527959,0.01834862385321101,2.477272727272727,1.2822510415498125
CADM2,6201,0.014029995162070633,104,0.016771488469601678,0.0,0.0,0.0,2546,0.019638648860958365,218,0.08562450903377848,0.0,0.0,0.16055045871559634,0.005608653698887732,5.105361351139042,0.16055045871559634,2.0961538461538463,1.2821792270413492
SLC29A1,6201,0.006289308176100629,40,0.006450572488308337,0.0,0.0,0.0,2546,0.013747054202670856,101,0.0396700706991359,0.0,0.0,0.0,0.007457746026570226,6.149852710133542,0.0,2.525,1.281402321979036
CYP51A1,6201,0.0035478148685695854,24,0.0038703434929850023,0.0,0.0,0.0,2546,0.013747054202670856,58,0.022780832678711706,0.0,0.0,0.034482758620689655,0.01019923933410127,5.8859976433621375,0.034482758620689655,2.4166666666666665,1.2810248400750077
PDK2,6201,0.0027414933075310434,26,0.0041928721174004195,0.0,0.0,0.0,2546,0.018067556952081697,65,0.025530243519245877,0.0,0.0,0.0,0.015326063644550653,6.088963079340141,0.0,2.5,1.2807179617820024
TK1,6201,0.0016126431220770843,11,0.0017739074342847927,0.0,0.0,0.0,2546,0.007462686567164179,24,0.009426551453260016,0.0,0.0,0.125,0.005850043445087095,5.314004141969578,0.125,2.1818181818181817,1.2804729090184424
NCAPH,6201,0.008869537171423964,60,0.009675858732462506,0.0,0.0,0.0,2546,0.018067556952081697,151,0.059308719560094265,0.0,0.0,0.0,0.009198019780657733,6.1295561665357425,0.0,2.5166666666666666,1.2802998229766696
UCK1,6201,0.0035478148685695854,22,0.0035478148685695854,0.0,0.0,0.0,2546,0.008248232521602514,52,0.0204241948153967,0.0,0.0,0.057692307692307696,0.004700417653032928,5.756837820467043,0.057692307692307696,2.3636363636363638,1.279800547360571
ACAT2,6201,0.003709079180777294,24,0.0038703434929850023,0.0,0.0,0.0,2546,0.012175962293794187,58,0.022780832678711706,0.0,0.0,0.034482758620689655,0.008466883113016892,5.8859976433621375,0.034482758620689655,2.4166666666666665,1.2792924838539232
CNTROB,6201,0.009030801483631673,61,0.009837123044670215,0.0,0.0,0.0,2546,0.020031421838177535,147,0.05773762765121759,0.0,0.0,0.034013605442176874,0.011000620354545862,5.869361132216398,0.034013605442176874,2.4098360655737703,1.2789381532918749
CASP8,6201,0.014029995162070633,100,0.016126431220770843,0.0,0.0,0.0,2546,0.03260015710919089,221,0.08680282796543598,0.0,0.0,0.09954751131221719,0.01857016194712026,5.382643362136686,0.09954751131221719,2.21,1.2785528243333446
PRM2,6201,0.0016126431220770843,10,0.0016126431220770843,0.0,0.0,0.0,2546,0.007855459544383346,24,0.009426551453260016,0.0,0.0,0.041666666666666664,0.006242816422306262,5.845404556166536,0.041666666666666664,2.4,1.2783398619578081
DPYSL2,6201,0.0059667795516852125,43,0.006934365424931463,0.0,0.0,0.0,2546,0.021602513747054203,107,0.0420267085624509,0.0,0.0,0.0,0.01563573419536899,6.060642320831582,0.0,2.488372093023256,1.2770245812898784
STAU1,6201,0.008869537171423964,59,0.009514594420254797,0.0,0.0,0.0,2546,0.014925373134328358,141,0.05538098978790259,0.0,0.0,0.0425531914893617,0.006055835962904394,5.820635892792948,0.0425531914893617,2.389830508474576,1.2754145538136235
KIF2C,6201,0.008547008547008548,60,0.009675858732462506,0.0,0.0,0.0,2546,0.018460329929300863,150,0.0589159465828751,0.0,0.0,0.0,0.009913321382292315,6.088963079340141,0.0,2.5,1.275305219519744
KAZN,6201,0.009675858732462506,68,0.010965973230124174,0.0,0.0,0.0,2546,0.031029065200314218,163,0.06402199528672427,0.0,0.0,0.024539877300613498,0.021353206467851712,5.838241070190841,0.024539877300613498,2.3970588235294117,1.2752764482924819
EI24,6201,0.003386550556361877,22,0.0035478148685695854,0.0,0.0,0.0,2546,0.012568735271013355,55,0.021602513747054203,0.0,0.0,0.0,0.009182184714651478,6.088963079340142,0.0,2.5,1.274574082852103
P2RX6,6201,0.004031607805192711,26,0.0041928721174004195,0.0,0.0,0.0,2546,0.012961508248232521,65,0.025530243519245877,0.0,0.0,0.0,0.00892990044303981,6.088963079340141,0.0,2.5,1.2743217985804915
ARHGDIG,6201,0.001451378809869376,10,0.0016126431220770843,0.0,0.0,0.0,2546,0.009819324430479183,25,0.009819324430479183,0.0,0.0,0.0,0.008367945620609806,6.088963079340141,0.0,2.5,1.2737598437580615
SGK1,6201,0.007901951298177712,62,0.009998387356877922,0.0,0.0,0.0,2546,0.01610369206598586,149,0.05852317360565593,0.0,0.0,0.03355704697986577,0.008201740767808146,5.853261282720523,0.03355704697986577,2.403225806451613,1.2733362458296056
TYK2,6201,0.017739074342847928,126,0.020319303338171262,0.0,0.0,0.0,2546,0.03181461115475255,302,0.11861743912018853,0.0,0.0,0.029801324503311258,0.014075536811904623,5.83767253955785,0.029801324503311258,2.3968253968253967,1.2731770824896123
SNX2,6201,0.0032252862441541686,20,0.0032252862441541686,0.0,0.0,0.0,2546,0.010997643362136685,45,0.01767478397486253,0.0,0.0,0.08888888888888889,0.007772357117982517,5.480066771406127,0.08888888888888889,2.25,1.2722448799873618
DDX4,6201,0.009514594420254797,71,0.011449766166747298,0.0,0.0,0.0,2546,0.02199528672427337,159,0.0624509033778476,0.0,0.0,0.0880503144654088,0.012480692304018572,5.454338758394831,0.0880503144654088,2.23943661971831,1.2721364065923888
AMFR,6201,0.0059667795516852125,39,0.006289308176100629,0.0,0.0,0.0,2546,0.020816967792615867,93,0.03652788688138256,0.0,0.0,0.03225806451612903,0.014850188240930654,5.807934014139827,0.03225806451612903,2.3846153846153846,1.272049771021073
SIRT1,6201,0.006773101112723754,44,0.007095629737139171,0.0,0.0,0.045454545454545456,2546,0.024351924587588374,102,0.04006284367635507,0.0,0.0,0.09803921568627451,0.01757882347486462,5.6461294008426774,0.05258467023172905,2.3181818181818183,1.2710509533744083
F7,6201,0.008385744234800839,54,0.008708272859216255,0.0,0.0,0.0,2546,0.0204241948153967,128,0.05027494108405342,0.0,0.0,0.0390625,0.012038450580595862,5.7732390678188015,0.0390625,2.3703703703703702,1.2709331868132416
TIAL1,6201,0.00516045799064667,39,0.006289308176100629,0.0,0.0,0.0,2546,0.009033778476040848,85,0.03338570306362922,0.0,0.0,0.11764705882352941,0.0038733204853941784,5.308326787117046,0.11764705882352941,2.1794871794871793,1.2702436716945238
PSMG1,6201,0.002257700370907918,14,0.002257700370907918,0.0,0.0,0.0,2546,0.007069913589945012,35,0.013747054202670856,0.0,0.0,0.0,0.004812213219037093,6.088963079340141,0.0,2.5,1.2702041113564888
LMNA,6201,0.00725689404934688,45,0.00725689404934688,0.0,0.0,0.0,2546,0.018853102906520033,108,0.04241948153967007,0.0,0.0,0.027777777777777776,0.011596208857173152,5.845404556166535,0.027777777777777776,2.4,1.269804365503786
TSPO,6201,0.0006450572488308337,4,0.0006450572488308337,0.0,0.0,0.0,2546,0.003927729772191673,10,0.003927729772191673,0.0,0.0,0.0,0.0032826725233608394,6.088963079340141,0.0,2.5,1.2686745706608125
RIPK1,6201,0.006934365424931463,44,0.007095629737139171,0.0,0.0,0.0,2546,0.016496465043205028,98,0.0384917517674784,0.0,0.0,0.09183673469387756,0.009562099618273565,5.424712561593944,0.09183673469387756,2.227272727272727,1.2684035460376317
SIRPA,6201,0.00725689404934688,48,0.0077406869859700045,0.0,0.0,0.020833333333333332,2546,0.04124116260801257,115,0.045168892380204245,0.0,0.0,0.02608695652173913,0.03398426855866569,5.835256284367636,0.005253623188405797,2.3958333333333335,1.2681846765441585
EZH1,6201,0.009998387356877922,65,0.010482180293501049,0.0,0.0,0.0,2546,0.015710919088766692,127,0.04988216810683425,0.0,0.0,0.2047244094488189,0.00571253173188877,4.758758837391987,0.2047244094488189,1.9538461538461538,1.2680117324900468
IFI27,6201,0.001451378809869376,10,0.0016126431220770843,0.0,0.0,0.0,2546,0.003927729772191673,25,0.009819324430479183,0.0,0.0,0.0,0.002476350962322297,6.088963079340141,0.0,2.5,1.267868249099774
TRIAP1,6201,0.0003225286244154169,2,0.0003225286244154169,0.0,0.0,0.0,2546,0.0019638648860958365,5,0.0019638648860958365,0.0,0.0,0.0,0.0016413362616804197,6.088963079340141,0.0,2.5,1.2670332343991322
FLII,6201,0.011933559103370425,82,0.013223673601032092,0.0,0.0,0.0,2546,0.031029065200314218,197,0.07737627651217596,0.0,0.0,0.015228426395939087,0.01909550609694379,5.851345007951258,0.015228426395939087,2.402439024390244,1.2656217364583646
KCNQ2,6201,0.01854539590388647,124,0.019996774713755845,0.0,0.0,0.0,2546,0.047918303220738416,296,0.11626080125687353,0.0,0.0,0.010135135135135136,0.029372907316851948,5.813977649950587,0.010135135135135136,2.3870967741935485,1.2653369011064453
GM2A,6201,0.0027414933075310434,18,0.002902757619738752,0.0,0.0,0.0,2546,0.013747054202670856,35,0.013747054202670856,0.0,0.0,0.2,0.011005560895139812,4.73586017282011,0.2,1.9444444444444444,1.2645961062119748
ITGA7,6201,0.019190453152717304,140,0.02257700370907918,0.0,0.0,0.0,2546,0.03181461115475255,322,0.12647289866457187,0.0,0.0,0.055900621118012424,0.012624158002035247,5.60184603299293,0.055900621118012424,2.3,1.2627269104518049
MXI1,6201,0.0027414933075310434,17,0.0027414933075310434,0.0,0.0,0.0,2546,0.008248232521602514,42,0.016496465043205028,0.0,0.0,0.0,0.005506739214071471,6.017328219583199,0.0,2.4705882352941178,1.2607421087460275
NQO1,6201,0.0027414933075310434,19,0.00306402193194646,0.0,0.0,0.0,2546,0.006284367635506678,47,0.018460329929300863,0.0,0.0,0.0,0.003542874327975634,6.024868731136561,0.0,2.473684210526316,1.2598522228540467
MTHFD2L,6201,0.004676665054023544,31,0.004999193678438961,0.0,0.0,0.0,2546,0.013747054202670856,66,0.025923016496465043,0.0,0.0,0.12121212121212122,0.009070389148647311,5.185439525631605,0.12121212121212122,2.129032258064516,1.2593333962783069
PDGFA,6201,0.0019351717464925011,12,0.0019351717464925011,0.0,0.0,0.0,2546,0.010604870384917517,27,0.010604870384917517,0.0,0.0,0.07407407407407407,0.008669698638425016,5.480066771406127,0.07407407407407407,2.25,1.2583274066929895
C2,6201,0.0077406869859700045,69,0.011127237542331882,0.0,0.0,0.0,2546,0.018460329929300863,159,0.0624509033778476,0.0,0.0,0.050314465408805034,0.01071964294333086,5.612435534000478,0.050314465408805034,2.3043478260869565,1.2568389758176268
NEDD4,6201,0.012094823415578132,92,0.014836316723109175,0.0,0.0,0.0,2546,0.03338570306362922,206,0.08091123330714847,0.0,0.0,0.06310679611650485,0.02129087964805109,5.453593018887258,0.06310679611650485,2.239130434782609,1.2558875281053536
RRP12,6201,0.014029995162070633,102,0.01644895984518626,0.0,0.0,0.0,2546,0.03613511390416339,219,0.08601728201099765,0.0,0.0,0.0958904109589041,0.022105118742092762,5.229344762256828,0.0958904109589041,2.1470588235294117,1.2541195018115574
TMEM45A,6201,0.002902757619738752,20,0.0032252862441541686,0.0,0.0,0.0,2546,0.009426551453260016,44,0.01728201099764336,0.0,0.0,0.09090909090909091,0.006523793833521264,5.358287509819324,0.09090909090909091,2.2,1.2540447858154897
FGF13,6201,0.008385744234800839,57,0.009192065795839382,0.0,0.0,0.0,2546,0.018853102906520033,112,0.04399057344854674,0.0,0.0,0.17857142857142858,0.010467358671719194,4.785711332534006,0.17857142857142858,1.9649122807017543,1.2512829213140313
RAF1,6201,0.008708272859216255,61,0.009837123044670215,0.0,0.0,0.0,2546,0.015710919088766692,139,0.054595443833464256,0.0,0.0,0.05755395683453238,0.007002646229550437,5.549940118218227,0.05755395683453238,2.278688524590164,1.250865329852748
UBE2L3,6201,0.001451378809869376,10,0.0016126431220770843,0.0,0.0,0.0,2546,0.00432050274941084,22,0.00864100549882168,0.0,0.0,0.09090909090909091,0.002869123939541464,5.358287509819324,0.09090909090909091,2.2,1.2503901159215098
GABBR1,6201,0.015320109659732302,103,0.01661022415739397,0.0,0.0,0.0,2546,0.03456402199528672,247,0.09701492537313433,0.0,0.0,0.0,0.01924391233555442,5.840675264454427,0.0,2.3980582524271843,1.2489831814107404
DGUOK,6201,0.0035478148685695854,23,0.003709079180777294,0.0,0.0,0.0,2546,0.009426551453260016,56,0.02199528672427337,0.0,0.0,0.0,0.0058787365846904305,5.930120564226921,0.0,2.4347826086956523,1.2486087665105654
GCK,6201,0.008708272859216255,65,0.010482180293501049,0.0,0.0,0.0,2546,0.020031421838177535,150,0.0589159465828751,0.0,0.0,0.04,0.01132314897896128,5.620581304006284,0.04,2.3076923076923075,1.248359144785689
TMEM8B,6201,0.005644250927269795,40,0.006450572488308337,0.0,0.0,0.0,2546,0.02670856245090338,92,0.03613511390416339,0.0,0.0,0.03260869565217391,0.021064311523633583,5.60184603299293,0.03260869565217391,2.3,1.2478751385075648
MAP4K1,6201,0.010159651669085631,70,0.01128850185453959,0.0,0.0,0.0,2546,0.06284367635506677,160,0.06284367635506677,0.0,1.0,0.00625,0.052684024685981136,5.567051958253844,0.00625,2.2857142857142856,1.2478518633263893
DLD,6201,0.004837929366231253,31,0.004999193678438961,0.0,0.0,0.0,2546,0.00864100549882168,64,0.02513747054202671,0.0,0.0,0.140625,0.003803076132590427,5.028304994551859,0.140625,2.064516129032258,1.2477467713661445
CTH,6201,0.0038703434929850023,26,0.0041928721174004195,0.0,0.0,0.0,2546,0.01178318931657502,63,0.02474469756480754,0.0,0.0,0.0,0.007912845823590017,5.901610369206598,0.0,2.423076923076923,1.246520436477922
PTPN2,6201,0.004999193678438961,31,0.004999193678438961,0.0,0.0,0.0,2546,0.01021209740769835,45,0.01767478397486253,0.0,0.0,0.4222222222222222,0.0052129037292593895,3.535526949294276,0.4222222222222222,1.4516129032258065,1.2462292183041537
FXN,6201,0.001128850185453959,7,0.001128850185453959,0.0,0.0,0.0,2546,0.006677140612725845,17,0.006677140612725845,0.0,0.0,0.0,0.005548290427271885,5.914992705644709,0.0,2.4285714285714284,1.2460930201237244
CCT6B,6201,0.006773101112723754,44,0.007095629737139171,0.0,0.0,0.0,2546,0.018067556952081697,100,0.03927729772191673,0.0,0.0,0.05,0.011294455839357943,5.53542098121831,0.05,2.272727272727273,1.2453840397479774
RANBP9,6201,0.0059667795516852125,38,0.00612804386389292,0.0,0.0,0.0,2546,0.031421838177533384,80,0.031421838177533384,0.0,0.0,0.1,0.02545505862584817,5.1275478562864345,0.1,2.1052631578947367,1.2451025245390004
SHMT2,6201,0.006773101112723754,44,0.007095629737139171,0.0,0.0,0.0,2546,0.01767478397486253,100,0.03927729772191673,0.0,0.0,0.05,0.010901682862138776,5.53542098121831,0.05,2.272727272727273,1.244991266770758
SWAP70,6201,0.004837929366231253,34,0.005482986615062087,0.0,0.0,0.0,2546,0.018460329929300863,78,0.030636292223095052,0.0,0.0,0.038461538461538464,0.01362240056306961,5.587519061041542,0.038461538461538464,2.2941176470588234,1.2441135658446998
SPC24,6201,0.001128850185453959,7,0.001128850185453959,0.0,0.0,0.0,2546,0.00432050274941084,17,0.006677140612725845,0.0,0.0,0.0,0.003191652563956881,5.914992705644709,0.0,2.4285714285714284,1.2437363822604093
ICA1,6201,0.008869537171423964,66,0.010643444605708756,0.0,0.0,0.030303030303030304,2546,0.020031421838177535,153,0.0600942655145326,0.0,0.0,0.0,0.011161884666753571,5.646129400842677,-0.030303030303030304,2.3181818181818183,1.2423523746375982
MINPP1,6201,0.0027414933075310434,17,0.0027414933075310434,0.0,0.0,0.0,2546,0.00864100549882168,36,0.014139827179890024,0.0,0.0,0.1111111111111111,0.005899512191290637,5.157709902499884,0.1111111111111111,2.1176470588235294,1.2415683820899357
TLE1,6201,0.009192065795839382,60,0.009675858732462506,0.0,0.0,0.0,2546,0.025923016496465043,143,0.05616653574234093,0.0,0.0,0.0,0.016730950700625663,5.804811468970935,0.0,2.3833333333333333,1.241213701080154
GALC,6201,0.007418158361554588,51,0.00822447992259313,0.0,0.0,0.0,2546,0.018853102906520033,115,0.045168892380204245,0.0,0.0,0.05217391304347826,0.011434944544965445,5.492005914698951,0.05217391304347826,2.2549019607843137,1.241033237755436
HAX1,6201,0.0038703434929850023,26,0.0041928721174004195,0.0,0.0,0.0,2546,0.014139827179890024,60,0.02356637863315004,0.0,0.0,0.03333333333333333,0.010269483686905022,5.620581304006284,0.03333333333333333,2.3076923076923075,1.240638812826966
HDAC5,6201,0.008547008547008548,61,0.009837123044670215,0.0,0.0,0.0,2546,0.030243519245875882,142,0.05577376276512176,0.0,0.0,0.014084507042253521,0.021696510698867334,5.669722998467542,0.014084507042253521,2.3278688524590163,1.2402121667811998
PSMD9,6201,0.002257700370907918,15,0.0024189646831156266,0.0,0.0,0.0,2546,0.009426551453260016,36,0.014139827179890024,0.0,0.0,0.0,0.007168851082352098,5.845404556166535,0.0,2.4,1.237599229951187
SOD2,6201,0.002580228995323335,16,0.002580228995323335,0.0,0.0,0.0,2546,0.006284367635506678,32,0.012568735271013355,0.0,0.0,0.15625,0.0037041386401833426,4.871170463472113,0.15625,2.0,1.2368609695682609
THBD,6201,0.004676665054023544,32,0.00516045799064667,0.0,0.0,0.0,2546,0.02945797329143755,75,0.02945797329143755,0.0,0.0,0.0,0.024781308237414007,5.708402886881383,0.0,2.34375,1.2349950304910016
CEL,6201,0.01128850185453959,78,0.012578616352201259,0.0,0.0,0.0,2546,0.06637863315003928,169,0.06637863315003928,0.0,1.0,0.03550295857988166,0.05509013129549969,5.277101335428123,0.03550295857988166,2.1666666666666665,1.2343542124472549
NDUFAB1,6201,0.0008063215610385422,5,0.0008063215610385422,0.0,0.0,0.0,2546,0.004713275726630008,12,0.004713275726630008,0.0,0.0,0.0,0.003906954165591466,5.845404556166536,0.0,2.4,1.2343373330344265
TGFB1,6201,0.002580228995323335,16,0.002580228995323335,0.0,0.0,0.0,2546,0.014925373134328358,38,0.014925373134328358,0.0,0.0,0.0,0.012345144139005023,5.784514925373134,0.0,2.375,1.233840762102853
LIG1,6201,0.012578616352201259,88,0.014191259474278342,0.0,0.0,0.022727272727272728,2546,0.024351924587588374,208,0.0816967792615868,0.0,0.0,0.019230769230769232,0.011773308235387116,5.756837820467043,-0.003496503496503496,2.3636363636363638,1.2326776337471208
GNAS,6201,0.02789872601193356,200,0.032252862441541685,0.0,0.0,0.0,2546,0.07069913589945012,443,0.1739984289080911,0.0,1.0,0.02708803611738149,0.04280040988751656,5.394821288295365,0.02708803611738149,2.215,1.2322297545489755
SH2B1,6201,0.010482180293501049,69,0.011127237542331882,0.0,0.0,0.0,2546,0.04556166535742341,158,0.062058130400628436,0.0,0.0,0.006329113924050633,0.03507948506392236,5.577137197308651,0.006329113924050633,2.289855072463768,1.2318609926951953
RAD17,6201,0.006289308176100629,48,0.0077406869859700045,0.0,0.0,0.0,2546,0.014925373134328358,114,0.04477611940298507,0.0,0.0,0.0,0.008636064958227729,5.784514925373134,0.0,2.375,1.2301316829220759
MYB,6201,0.008385744234800839,55,0.008869537171423964,0.0,0.0,0.0,2546,0.014925373134328358,121,0.04752553024351924,0.0,0.0,0.06611570247933884,0.006539628899527519,5.358287509819324,0.06611570247933884,2.2,1.2292672324517437
COX4I1,6201,0.0027414933075310434,19,0.00306402193194646,0.0,0.0,0.0,2546,0.010997643362136685,45,0.01767478397486253,0.0,0.0,0.0,0.008256150054605641,5.76849133832224,0.0,2.3684210526315788,1.2273871864333625
TGFBR2,6201,0.015320109659732302,101,0.01628769553297855,0.0,0.0,0.0,2546,0.047918303220738416,225,0.08837391987431265,0.0,0.0,0.02666666666666667,0.032598193561006114,5.425808684560522,0.02666666666666667,2.227722772277228,1.226440167829887
FHL2,6201,0.002580228995323335,16,0.002580228995323335,0.0,0.0,0.0,2546,0.006284367635506678,38,0.014925373134328358,0.0,0.0,0.0,0.0037041386401833426,5.784514925373134,0.0,2.375,1.2251997566040314
SLC1A4,6201,0.004515400741815836,28,0.004515400741815836,0.0,0.0,0.0,2546,0.014532600157109192,66,0.025923016496465043,0.0,0.0,0.0,0.010017199415293356,5.741022331949276,0.0,2.357142857142857,1.2250816135752307
VAPA,6201,0.0024189646831156266,18,0.002902757619738752,0.0,0.0,0.0,2546,0.012175962293794187,40,0.015710919088766692,0.0,0.0,0.05,0.00975699761067856,5.412411626080125,0.05,2.2222222222222223,1.2248452459446826
HMBS,6201,0.0035478148685695854,26,0.0041928721174004195,0.0,0.0,0.0,2546,0.01021209740769835,59,0.023173605655930872,0.0,0.0,0.03389830508474576,0.006664282539128765,5.526904948939513,0.03389830508474576,2.269230769230769,1.2233482638623143
TAP2,6201,0.005321722302854378,35,0.005644250927269795,0.0,0.0,0.0,2546,0.029850746268656716,76,0.029850746268656716,0.0,0.0,0.05263157894736842,0.024529023965802338,5.288699360341152,0.05263157894736842,2.1714285714285713,1.2227676927237867
CCNE1,6201,0.005482986615062087,36,0.005805515239477504,0.0,0.0,0.0,2546,0.012961508248232521,80,0.031421838177533384,0.0,0.0,0.05,0.007478521633170435,5.412411626080125,0.05,2.2222222222222223,1.2225667699671743
KHNYN,6201,0.006289308176100629,42,0.006773101112723754,0.0,0.0,0.0,2546,0.022388059701492536,98,0.0384917517674784,0.0,0.0,0.0,0.016098751525391905,5.683032207384132,0.0,2.3333333333333335,1.222523378783101
SCAMP1,6201,0.002257700370907918,14,0.002257700370907918,0.0,0.0,0.0,2546,0.007855459544383346,33,0.012961508248232521,0.0,0.0,0.0,0.0055977591734754275,5.741022331949276,0.0,2.357142857142857,1.2206621733334129
MAPK11,6201,0.0027414933075310434,18,0.002902757619738752,0.0,0.0,0.0,2546,0.016496465043205028,42,0.016496465043205028,0.0,0.0,0.0,0.013754971735673985,5.683032207384132,0.0,2.3333333333333335,1.220179598993383
WAS,6201,0.007418158361554588,48,0.0077406869859700045,0.0,0.0,0.0,2546,0.04241948153967007,108,0.04241948153967007,0.0,0.0,0.009259259259259259,0.03500132317811548,5.480066771406127,0.009259259259259259,2.25,1.2198442164178651
MAP3K11,6201,0.006773101112723754,44,0.007095629737139171,0.0,0.0,0.0,2546,0.03652788688138256,93,0.03652788688138256,0.0,0.0,0.06451612903225806,0.029754785768658806,5.147941512533029,0.06451612903225806,2.1136363636363638,1.2172410466210983
LOXL1,6201,0.0035478148685695854,24,0.0038703434929850023,0.0,0.0,0.0,2546,0.020816967792615867,53,0.020816967792615867,0.0,0.0,0.03773584905660377,0.017269152924046283,5.378584053417125,0.03773584905660377,2.2083333333333335,1.2148039589450643
TNIP2,6201,0.005644250927269795,36,0.005805515239477504,0.0,0.0,0.0,2546,0.016889238020424194,80,0.031421838177533384,0.0,0.0,0.0375,0.011244987093154399,5.412411626080125,0.0375,2.2222222222222223,1.2138332354271584
SET,6201,0.003386550556361877,25,0.004031607805192711,0.0,0.0,0.0,2546,0.007069913589945012,48,0.018853102906520033,0.0,0.0,0.16666666666666666,0.003683363033583135,4.6763236449332295,0.16666666666666666,1.92,1.213506626709151
USP14,6201,0.004515400741815836,29,0.004676665054023544,0.0,0.0,0.0,2546,0.014532600157109192,65,0.025530243519245877,0.0,0.0,0.03076923076923077,0.010017199415293356,5.45907034699461,0.03076923076923077,2.2413793103448274,1.2131246479292153
DBF4,6201,0.0075794226737622965,54,0.008708272859216255,0.0,0.0,0.0,2546,0.015318146111547526,121,0.04752553024351924,0.0,0.0,0.03305785123966942,0.007738723437785229,5.45751505629746,0.03305785123966942,2.240740740740741,1.2128939717011724
PSMB9,6201,0.0020964360587002098,13,0.0020964360587002098,0.0,0.0,0.0,2546,0.011390416339355853,29,0.011390416339355853,0.0,0.0,0.034482758620689655,0.009293980280655643,5.433228593872742,0.034482758620689655,2.230769230769231,1.2121060847064276
ANO1,6201,0.01451378809869376,112,0.018061602967263345,0.0,0.0,0.0,2546,0.031029065200314218,258,0.10133542812254517,0.0,0.0,0.0,0.016515277101620457,5.610544551677702,0.0,2.3035714285714284,1.2120341300191932
ATXN1,6201,0.01628769553297855,117,0.018867924528301886,0.0,0.0,0.0,2546,0.061272584446190104,165,0.06480754124116261,0.0,1.0,0.3696969696969697,0.04498488891321155,3.4347996857816185,0.3696969696969697,1.4102564102564104,1.2110171261134064
SNN,6201,0.0009675858732462506,6,0.0009675858732462506,0.0,0.0,0.0,2546,0.0054988216810683424,14,0.0054988216810683424,0.0,0.0,0.0,0.004531235807822092,5.683032207384132,0.0,2.3333333333333335,1.210955863065531
ODF1,6201,0.008063215610385421,59,0.009514594420254797,0.0,0.0,0.0,2546,0.028672427336999214,73,0.028672427336999214,0.0,0.0,0.4931506849315068,0.020609211726613792,3.013520710453087,0.4931506849315068,1.2372881355932204,1.2102815548719608
AR,6201,0.01854539590388647,132,0.021286889211417512,0.0,0.0,0.0,2546,0.06323644933228594,197,0.07737627651217596,0.0,1.0,0.3248730964467005,0.04469105342839946,3.6349264443333573,0.3248730964467005,1.4924242424242424,1.2100372985918084
BATF3,6201,0.001451378809869376,10,0.0016126431220770843,0.0,0.0,0.0,2546,0.00864100549882168,22,0.00864100549882168,0.0,0.0,0.045454545454545456,0.007189626688952304,5.358287509819324,0.045454545454545456,2.2,1.2092560732163753
TUBB2A,6201,0.004031607805192711,25,0.004031607805192711,0.0,0.0,0.0,2546,0.01178318931657502,53,0.020816967792615867,0.0,0.0,0.07547169811320754,0.0077515815113823085,5.16344069128044,0.07547169811320754,2.12,1.2087112744562647
NAT1,6201,0.0027414933075310434,17,0.0027414933075310434,0.0,0.0,0.0,2546,0.009033778476040848,37,0.014532600157109192,0.0,0.0,0.05405405405405406,0.006292285168509805,5.30097962201377,0.05405405405405406,2.176470588235294,1.2079042755296658
ECH1,6201,0.0024189646831156266,15,0.0024189646831156266,0.0,0.0,0.06666666666666667,2546,0.012568735271013355,32,0.012568735271013355,0.0,0.0,0.0,0.01014977058789773,5.195915161036921,-0.06666666666666667,2.1333333333333333,1.2075594866178798
PLSCR1,6201,0.002902757619738752,19,0.00306402193194646,0.0,0.0,0.0,2546,0.009819324430479183,44,0.01728201099764336,0.0,0.0,0.0,0.00691656681074043,5.640302641915078,0.0,2.3157894736842106,1.206926927302133
GAS1,6201,0.0020964360587002098,13,0.0020964360587002098,0.0,0.0,0.0,2546,0.01178318931657502,30,0.01178318931657502,0.0,0.0,0.0,0.00968675325787481,5.620581304006284,0.0,2.3076923076923075,1.2067227490646026
SPHK2,6201,0.00822447992259313,57,0.009192065795839382,0.0,0.0,0.0,2546,0.016889238020424194,128,0.05027494108405342,0.0,0.0,0.0234375,0.008664758097831064,5.469384380038864,0.0234375,2.245614035087719,1.206036031606941
NT5C3A,6201,0.0059667795516852125,39,0.006289308176100629,0.0,0.0,0.0,2546,0.009033778476040848,79,0.031029065200314218,0.0,0.0,0.11392405063291139,0.003066998924355636,4.933621366849961,0.11392405063291139,2.0256410256410255,1.2044785814236947
PARN,6201,0.004837929366231253,33,0.005321722302854378,0.0,0.0,0.0,2546,0.013747054202670856,76,0.029850746268656716,0.0,0.0,0.0,0.008909124836439603,5.609226594301221,0.0,2.303030303030303,1.2042285858937005
KLF7,6201,0.003386550556361877,23,0.003709079180777294,0.0,0.0,0.0,2546,0.01021209740769835,53,0.020816967792615867,0.0,0.0,0.0,0.006825546851336474,5.612435534000478,0.0,2.3043478260869565,1.2026304143168274
PXN,6201,0.006773101112723754,46,0.007418158361554588,0.0,0.0,0.0,2546,0.018067556952081697,98,0.0384917517674784,0.0,0.0,0.061224489795918366,0.011294455839357943,5.188855493698555,0.061224489795918366,2.130434782608696,1.2021219386665347
FSTL3,6201,0.0012901144976616675,10,0.0016126431220770843,0.0,0.0,0.0,2546,0.009033778476040848,23,0.009033778476040848,0.0,0.0,0.0,0.007743663978379181,5.60184603299293,0.0,2.3,1.2019457953101365
LY6E,6201,0.001451378809869376,10,0.0016126431220770843,0.0,0.0,0.0,2546,0.009033778476040848,23,0.009033778476040848,0.0,0.0,0.0,0.007582399666171472,5.60184603299293,0.0,2.3,1.2017845309979287
FCGR1A,6201,0.005644250927269795,37,0.0059667795516852125,0.0,0.0,0.0,2546,0.00589159465828751,77,0.030243519245875882,0.0,0.0,0.09090909090909091,0.0002473437310177148,5.068650347126387,0.09090909090909091,2.081081081081081,1.2011454863439552
NT5C,6201,0.0016126431220770843,10,0.0016126431220770843,0.0,0.0,0.0,2546,0.008248232521602514,23,0.009033778476040848,0.0,0.0,0.0,0.00663558939952543,5.60184603299293,0.0,2.3,1.2008377207312826
STAT2,6201,0.010804708917916465,78,0.012578616352201259,0.0,0.0,0.0,2546,0.01610369206598586,162,0.0636292223095051,0.0,0.0,0.08641975308641975,0.005298983148069394,5.058523173605655,0.08641975308641975,2.076923076923077,1.2000376253307805
RARA,6201,0.00612804386389292,38,0.00612804386389292,0.0,0.0,0.0,2546,0.014532600157109192,87,0.034171249018067555,0.0,0.0,0.0,0.008404556293216271,5.576208293711498,0.0,2.289473684210526,1.1987157078199864
SPARC,6201,0.00516045799064667,32,0.00516045799064667,0.0,0.0,0.0,2546,0.015710919088766692,68,0.02670856245090338,0.0,0.0,0.058823529411764705,0.010550461098120023,5.17561861743912,0.058823529411764705,2.125,1.1968358684080036
ADRA1B,6201,0.0059667795516852125,39,0.006289308176100629,0.0,0.0,0.0,2546,0.034171249018067555,87,0.034171249018067555,0.0,0.0,0.0,0.028204469466382342,5.433228593872741,0.0,2.230769230769231,1.1965338152714646
PSME3,6201,0.0027414933075310434,17,0.0027414933075310434,0.0,0.0,0.0,2546,0.00589159465828751,39,0.015318146111547526,0.0,0.0,0.0,0.003150101350756466,5.587519061041542,0.0,2.2941176470588234,1.195179728170848
NPHP1,6201,0.01032091598129334,69,0.011127237542331882,0.0,0.0,0.0,2546,0.030243519245875882,154,0.060487038491751764,0.0,0.0,0.006493506493506494,0.01992260326458254,5.435943850541343,0.006493506493506494,2.2318840579710146,1.1951674340113771
IL4I1,6201,0.00725689404934688,48,0.0077406869859700045,0.0,0.0,0.0,2546,0.018853102906520033,109,0.04281225451688924,0.0,0.0,0.0,0.011596208857173152,5.530808130400629,0.0,2.2708333333333335,1.1949797204981298
ACSL1,6201,0.008063215610385421,61,0.009837123044670215,0.0,0.0,0.0,2546,0.020031421838177535,137,0.053809897879025924,0.0,0.0,0.0072992700729927005,0.011968206227792114,5.470084864718684,0.0072992700729927005,2.2459016393442623,1.1933095208165727
SPRY4,6201,0.0041928721174004195,26,0.0041928721174004195,0.0,0.0,0.0,2546,0.014532600157109192,59,0.023173605655930872,0.0,0.0,0.0,0.010339728039708772,5.526904948939513,0.0,2.269230769230769,1.1931254042781487
SAP30,6201,0.002257700370907918,15,0.0024189646831156266,0.0,0.0,0.0,2546,0.01335428122545169,34,0.01335428122545169,0.0,0.0,0.0,0.01109658085454377,5.520659858601729,0.0,2.2666666666666666,1.192924976419262
VPS45,6201,0.005805515239477504,41,0.006611836800516046,0.0,0.0,0.0,2546,0.013747054202670856,71,0.02788688138256088,0.0,0.0,0.22535211267605634,0.007941538963193353,4.2177207671526835,0.22535211267605634,1.7317073170731707,1.1922071429761083
BCL2L10,6201,0.001451378809869376,11,0.0017739074342847927,0.0,0.0,0.0,2546,0.009426551453260016,25,0.009819324430479183,0.0,0.0,0.0,0.00797517264339064,5.53542098121831,0.0,2.272727272727273,1.19206475655201
COX7A2,6201,0.001128850185453959,7,0.001128850185453959,0.0,0.0,0.0,2546,0.003927729772191673,16,0.006284367635506678,0.0,0.0,0.0,0.0027988795867377137,5.567051958253844,0.0,2.2857142857142856,1.191716718227146
IL6,6201,0.0041928721174004195,29,0.004676665054023544,0.0,0.0,0.0,2546,0.009819324430479183,57,0.022388059701492536,0.0,0.0,0.12280701754385964,0.005626452313078763,4.7871847658260425,0.12280701754385964,1.9655172413793103,1.190932239118093
RBM38,6201,0.002902757619738752,19,0.00306402193194646,0.0,0.0,0.0,2546,0.012961508248232521,43,0.016889238020424194,0.0,0.0,0.0,0.01005875062849377,5.512113945507918,0.0,2.263157894736842,1.1905756963902607
MAP2K5,6201,0.0035478148685695854,22,0.0035478148685695854,0.0,0.0,0.0,2546,0.009819324430479183,50,0.019638648860958365,0.0,0.0,0.0,0.006271509561909597,5.53542098121831,0.0,2.272727272727273,1.190361093470529
PRKAG1,6201,0.0035478148685695854,24,0.0038703434929850023,0.0,0.0,0.0,2546,0.007462686567164179,51,0.020031421838177535,0.0,0.0,0.058823529411764705,0.003914871698594594,5.175618617439121,0.058823529411764705,2.125,1.1902002790084787
TCIRG1,6201,0.0077406869859700045,53,0.008547008547008548,0.0,0.0,0.0,2546,0.022388059701492536,113,0.044383346425765906,0.0,0.0,0.04424778761061947,0.014647372715522532,5.19285153181461,0.04424778761061947,2.1320754716981134,1.1891436278863268
PBX2,6201,0.006289308176100629,39,0.006289308176100629,0.0,0.0,0.0,2546,0.03338570306362922,85,0.03338570306362922,0.0,0.0,0.011764705882352941,0.027096394887528595,5.308326787117046,0.011764705882352941,2.1794871794871793,1.1875843931554817
AMD1,6201,0.0035478148685695854,22,0.0035478148685695854,0.0,0.0,0.0,2546,0.006677140612725845,50,0.019638648860958365,0.0,0.0,0.0,0.0031293257441562593,5.53542098121831,0.0,2.272727272727273,1.1872189096527757
ATP6V1E1,6201,0.0024189646831156266,15,0.0024189646831156266,0.0,0.0,0.0,2546,0.00589159465828751,34,0.01335428122545169,0.0,0.0,0.0,0.003472629975171883,5.520659858601729,0.0,2.2666666666666666,1.1853010255398901
CLPB,6201,0.008869537171423964,58,0.009353330108047089,0.0,0.0,0.0,2546,0.018853102906520033,128,0.05027494108405342,0.0,0.0,0.015625,0.009983565735096069,5.37508464934854,0.015625,2.206896551724138,1.184858754460667
CDKN1A,6201,0.006773101112723754,43,0.006934365424931463,0.0,0.0,0.0,2546,0.015710919088766692,88,0.03456402199528672,0.0,0.0,0.07954545454545454,0.008937817976042938,4.9844534975063475,0.07954545454545454,2.046511627906977,1.1845011147732767
EPHX2,6201,0.00822447992259313,54,0.008708272859216255,0.0,0.0,0.0,2546,0.01728201099764336,114,0.04477611940298507,0.0,0.0,0.05263157894736842,0.00905753107505023,5.141791044776119,0.05263157894736842,2.111111111111111,1.1836583301886319
KLF1,6201,0.0020964360587002098,13,0.0020964360587002098,0.0,0.0,0.0,2546,0.010997643362136685,28,0.010997643362136685,0.0,0.0,0.03571428571428571,0.008901207303436475,5.245875883739198,0.03571428571428571,2.1538461538461537,1.183389699801854
PAK3,6201,0.01128850185453959,84,0.013546202225447508,0.0,0.0,0.0,2546,0.020031421838177535,163,0.06402199528672427,0.0,0.0,0.12269938650306748,0.008742919983637945,4.726195152059252,0.12269938650306748,1.9404761904761905,1.1833464137647105
RPE,6201,0.00306402193194646,20,0.0032252862441541686,0.0,0.0,0.0,2546,0.009033778476040848,45,0.01767478397486253,0.0,0.0,0.0,0.005969756544094388,5.480066771406127,0.0,2.25,1.1815533905245847
GALK2,6201,0.0043541364296081275,27,0.0043541364296081275,0.0,0.0,0.0,2546,0.007069913589945012,56,0.02199528672427337,0.0,0.0,0.07142857142857142,0.0027157771603368843,5.051584184341451,0.07142857142857142,2.074074074074074,1.1813172544468178
WNK4,6201,0.01564263828414772,118,0.019029188840509595,0.0,0.0,0.00847457627118644,2546,0.05734485467399843,252,0.09897879025923016,0.0,1.0,0.015873015873015872,0.04170221638985071,5.201419308453273,0.0073984396018294315,2.135593220338983,1.1807316620027013
RPS9,6201,0.0019351717464925011,12,0.0019351717464925011,0.0,0.0,0.0,2546,0.006284367635506678,27,0.010604870384917517,0.0,0.0,0.0,0.004349195889014177,5.480066771406127,0.0,2.25,1.1799328298695047
SNCG,6201,0.0017739074342847927,11,0.0017739074342847927,0.0,0.0,0.0,2546,0.003927729772191673,11,0.00432050274941084,0.0,0.0,0.6363636363636364,0.00215382233790688,2.4355852317360562,0.6363636363636364,1.0,1.179557562444101
PDLIM7,6201,0.004676665054023544,30,0.004837929366231253,0.0,0.0,0.0,2546,0.014925373134328358,67,0.02631578947368421,0.0,0.0,0.0,0.010248708080304814,5.439473684210526,0.0,2.2333333333333334,1.1795483382425997
ADD3,6201,0.0075794226737622965,52,0.008385744234800839,0.0,0.0,0.0,2546,0.020031421838177535,112,0.04399057344854674,0.0,0.0,0.026785714285714284,0.012451999164415238,5.245875883739198,0.026785714285714284,2.1538461538461537,1.1780119202342614
ANKZF1,6201,0.00612804386389292,45,0.00725689404934688,0.0,0.0,0.022222222222222223,2546,0.023173605655930872,96,0.037706205813040065,0.0,0.0,0.052083333333333336,0.01704556179203795,5.195915161036921,0.029861111111111113,2.1333333333333333,1.1776497222664646
PDHX,6201,0.006289308176100629,41,0.006611836800516046,0.0,0.0,0.0,2546,0.019638648860958365,91,0.03574234092694423,0.0,0.0,0.0,0.013349340684857736,5.405811124097101,0.0,2.2195121951219514,1.1774077266588374
CD86,6201,0.008547008547008548,61,0.009837123044670215,0.0,0.0,0.0,2546,0.01610369206598586,125,0.049096622152395915,0.0,0.0,0.072,0.007556683518977311,4.990953343721427,0.072,2.0491803278688523,1.1766600583024747
UPK3B,6201,0.0038703434929850023,27,0.0043541364296081275,0.0,0.0,0.0,2546,0.012568735271013355,59,0.023173605655930872,0.0,0.0,0.01694915254237288,0.008698391778028353,5.322204765645457,0.01694915254237288,2.185185185185185,1.1765683664070001
ARHGEF2,6201,0.014675052410901468,97,0.01564263828414772,0.0,0.0,0.0,2546,0.022780832678711706,204,0.08012568735271014,0.0,0.0,0.049019607843137254,0.008105780267810237,5.12226172447583,0.049019607843137254,2.1030927835051547,1.1759097986265648
GBF1,6201,0.020158039025963553,140,0.02257700370907918,0.0,0.0,0.0,2546,0.03613511390416339,297,0.1166535742340927,0.0,0.0,0.03367003367003367,0.01597707487819984,5.166920098754349,0.03367003367003367,2.1214285714285714,1.175699467655295
VEGFB,6201,0.002580228995323335,17,0.0027414933075310434,0.0,0.0,0.0,2546,0.012961508248232521,34,0.01335428122545169,0.0,0.0,0.08823529411764706,0.010381279252909187,4.871170463472113,0.08823529411764706,2.0,1.1755234042986338
MDH1,6201,0.0041928721174004195,27,0.0043541364296081275,0.0,0.0,0.0,2546,0.009819324430479183,59,0.023173605655930872,0.0,0.0,0.01694915254237288,0.005626452313078763,5.322204765645457,0.01694915254237288,2.185185185185185,1.1734964269420507
SULT2B1,6201,0.004676665054023544,33,0.005321722302854378,0.0,0.0,0.0,2546,0.01610369206598586,73,0.028672427336999214,0.0,0.0,0.0,0.011427027011962314,5.387809755052489,0.0,2.212121212121212,1.1726712947477278
KRT15,6201,0.008869537171423964,62,0.009998387356877922,0.0,0.0,0.0,2546,0.051846032992930086,132,0.051846032992930086,0.0,1.0,0.0,0.042976495821506124,5.185439525631605,0.0,2.129032258064516,1.1720273817390445
WLS,6201,0.009030801483631673,61,0.009837123044670215,0.0,0.0,0.0,2546,0.0204241948153967,122,0.047918303220738416,0.0,0.0,0.08196721311475409,0.011393393331765029,4.871170463472113,0.08196721311475409,2.0,1.1702674373745967
CLEC4A,6201,0.0043541364296081275,27,0.0043541364296081275,0.0,0.0,0.0,2546,0.009033778476040848,60,0.02356637863315004,0.0,0.0,0.0,0.004679642046432721,5.412411626080126,0.0,2.2222222222222223,1.1697678903804372
ITGBL1,6201,0.009675858732462506,65,0.010482180293501049,0.0,0.0,0.0,2546,0.022780832678711706,143,0.05616653574234093,0.0,0.0,0.0,0.0131049739462492,5.358287509819324,0.0,2.2,1.1697168750191267
CDK2,6201,0.0024189646831156266,17,0.0027414933075310434,0.0,0.0,0.0,2546,0.006677140612725845,34,0.01335428122545169,0.0,0.0,0.08823529411764706,0.004258175929610218,4.871170463472113,0.08823529411764706,2.0,1.1694003009753349
ALDH3A1,6201,0.006934365424931463,45,0.00725689404934688,0.0,0.0,0.0,2546,0.022780832678711706,95,0.03731343283582089,0.0,0.0,0.031578947368421054,0.015846467253780243,5.141791044776118,0.031578947368421054,2.111111111111111,1.169394634788414
COX7A2L,6201,0.001451378809869376,9,0.001451378809869376,0.0,0.0,0.0,2546,0.005106048703849175,20,0.007855459544383346,0.0,0.0,0.0,0.003654669893979799,5.412411626080125,0.0,2.2222222222222223,1.1687429182279838
RXRB,6201,0.005644250927269795,36,0.005805515239477504,0.0,0.0,0.027777777777777776,2546,0.019638648860958365,78,0.030636292223095052,0.0,0.0,0.038461538461538464,0.01399439793368857,5.277101335428123,0.010683760683760687,2.1666666666666665,1.1684392811893227
CHGA,6201,0.005644250927269795,39,0.006289308176100629,0.0,0.0,0.0,2546,0.018067556952081697,74,0.029065200314218383,0.0,0.0,0.12162162162162163,0.012423306024811901,4.621366849960722,0.12162162162162163,1.8974358974358974,1.1674725931576913
TUBD1,6201,0.005321722302854378,35,0.005644250927269795,0.0,0.0,0.0,2546,0.010997643362136685,75,0.02945797329143755,0.0,0.0,0.02666666666666667,0.005675921059282307,5.2191112108629785,0.02666666666666667,2.142857142857143,1.1668224115628207
SHMT1,6201,0.004837929366231253,30,0.004837929366231253,0.0,0.0,0.0,2546,0.013747054202670856,66,0.025923016496465043,0.0,0.0,0.0,0.008909124836439603,5.358287509819324,0.0,2.2,1.1655210259093172
DENND5A,6201,0.012094823415578132,88,0.014191259474278342,0.0,0.0,0.0,2546,0.031029065200314218,184,0.07227022780832679,0.0,0.0,0.03260869565217391,0.018934241784736086,5.092587302720846,0.03260869565217391,2.090909090909091,1.1654685928312587
RFC5,6201,0.003709079180777294,29,0.004676665054023544,0.0,0.0,0.0,2546,0.00864100549882168,55,0.021602513747054203,0.0,0.0,0.12727272727272726,0.0049319263180443865,4.619213370533901,0.12727272727272726,1.896551724137931,1.16524915748387
SASS6,6201,0.006450572488308337,41,0.006611836800516046,0.0,0.0,0.0,2546,0.021209740769835034,82,0.03220738413197172,0.0,0.0,0.07317073170731707,0.014759168281526697,4.8711704634721125,0.07317073170731707,2.0,1.164836730916921
CENPN,6201,0.0041928721174004195,28,0.004515400741815836,0.0,0.0,0.0,2546,0.01178318931657502,51,0.020031421838177535,0.0,0.0,0.1568627450980392,0.0075903171991746,4.436244529233532,0.1568627450980392,1.8214285714285714,1.1643943603171576
ZNF112,6201,0.0133849379132398,87,0.014029995162070633,0.0,0.0,0.0,2546,0.022780832678711706,186,0.07305577376276512,0.0,0.0,0.021505376344086023,0.009395894765471906,5.207113254056397,0.021505376344086023,2.1379310344827585,1.16345002399743
SLC25A10,6201,0.002580228995323335,16,0.002580228995323335,0.0,0.0,0.0,2546,0.012961508248232521,35,0.013747054202670856,0.0,0.0,0.0,0.010381279252909187,5.327842694422624,0.0,2.1875,1.1621934701929864
USP15,6201,0.011933559103370425,81,0.013062409288824383,0.0,0.0,0.0,2546,0.021209740769835034,175,0.06873527101335428,0.0,0.0,0.011428571428571429,0.009276181666464609,5.2620668586890105,0.011428571428571429,2.1604938271604937,1.1620678722729187
WIPI1,6201,0.004999193678438961,33,0.005321722302854378,0.0,0.0,0.0,2546,0.016496465043205028,63,0.02474469756480754,0.0,0.0,0.1111111111111111,0.011497271364766068,4.649753624223381,0.1111111111111111,1.9090909090909092,1.1610731397913527
PDE4B,6201,0.011772294791162716,80,0.012901144976616674,0.0,0.0,0.0,2546,0.020816967792615867,175,0.06873527101335428,0.0,0.0,0.0,0.009044673001453151,5.327842694422624,0.0,2.1875,1.1608568639415302
TCP1,6201,0.0038703434929850023,28,0.004515400741815836,0.0,0.0,0.0,2546,0.012175962293794187,52,0.0204241948153967,0.0,0.0,0.1346153846153846,0.008305618800809185,4.523229716081248,0.1346153846153846,1.8571428571428572,1.1587366055377712
DHRS7,6201,0.0041928721174004195,27,0.0043541364296081275,0.0,0.0,0.037037037037037035,2546,0.008248232521602514,59,0.023173605655930872,0.0,0.0,0.03389830508474576,0.004055360404202095,5.322204765645457,-0.0031387319522912724,2.185185185185185,1.1581149144430922
TH,6201,0.0077406869859700045,56,0.009030801483631673,0.0,0.0,0.0,2546,0.019638648860958365,118,0.046347211311861744,0.0,0.0,0.025423728813559324,0.011897961874988362,5.132126024015262,0.025423728813559324,2.107142857142857,1.157716022788572
MDH2,6201,0.0038703434929850023,25,0.004031607805192711,0.0,0.0,0.0,2546,0.009033778476040848,51,0.020031421838177535,0.0,0.0,0.058823529411764705,0.0051634349830558465,4.968593872741556,0.058823529411764705,2.04,1.1573511512932255
IRF7,6201,0.0041928721174004195,27,0.0043541364296081275,0.0,0.0,0.0,2546,0.010604870384917517,59,0.023173605655930872,0.0,0.0,0.0,0.006411998267517097,5.322204765645457,0.0,2.185185185185185,1.157332820354116
MLPH,6201,0.007418158361554588,47,0.0075794226737622965,0.0,0.0,0.0,2546,0.016889238020424194,101,0.0396700706991359,0.0,0.0,0.009900990099009901,0.009471079658869607,5.233917200113653,0.009900990099009901,2.148936170212766,1.1562297884711794
JAG2,6201,0.010965973230124174,76,0.01225608772778584,0.0,0.0,0.0,2546,0.037706205813040065,157,0.06166535742340927,0.0,0.0,0.025477707006369428,0.026740232582915892,5.031406333981065,0.025477707006369428,2.0657894736842106,1.1560509654586375
EPSTI1,6201,0.0038703434929850023,26,0.0041928721174004195,0.0,0.0,0.0,2546,0.013747054202670856,54,0.021209740769835034,0.0,0.0,0.037037037037037035,0.009876710709685854,5.058523173605655,0.037037037037037035,2.076923076923077,1.1552326368430144
WNT1,6201,0.00306402193194646,20,0.0032252862441541686,0.0,0.0,0.0,2546,0.016496465043205028,42,0.016496465043205028,0.0,0.0,0.023809523809523808,0.013432443111258567,5.114728986645719,0.023809523809523808,2.1,1.1547952350813238
WNT5A,6201,0.005644250927269795,39,0.006289308176100629,0.0,0.0,0.0,2546,0.016496465043205028,82,0.03220738413197172,0.0,0.0,0.024390243902439025,0.010852214115935233,5.120974076983503,0.024390243902439025,2.1025641025641026,1.1538165242233933
SRI,6201,0.0017739074342847927,11,0.0017739074342847927,0.0,0.0,0.0,2546,0.005106048703849175,24,0.009426551453260016,0.0,0.0,0.0,0.0033321412695643824,5.314004141969578,0.0,2.1818181818181817,1.1529550068429195
DOCK9,6201,0.01951298177713272,133,0.02144815352362522,0.0,0.0,0.0,2546,0.038884524744697564,263,0.103299293008641,0.0,0.0,0.06463878326996197,0.019371542967564843,4.816232450726187,0.06463878326996197,1.9774436090225564,1.1515158525664821
OLFM1,6201,0.009675858732462506,64,0.01032091598129334,0.0,0.0,0.0,2546,0.021209740769835034,138,0.05420267085624509,0.0,0.0,0.0,0.011533882037372527,5.251730655930872,0.0,2.15625,1.1512450318435774
EVI5,6201,0.012578616352201259,83,0.0133849379132398,0.0,0.0,0.0,2546,0.01728201099764336,160,0.06284367635506677,0.0,0.0,0.1,0.004703394645442102,4.695104061177941,0.1,1.927710843373494,1.1511630831931112
EIF4E,6201,0.002902757619738752,18,0.002902757619738752,0.0,0.0,0.0,2546,0.00589159465828751,34,0.01335428122545169,0.0,0.0,0.11764705882352941,0.0029888370385487578,4.6005498821681075,0.11764705882352941,1.8888888888888888,1.1503535014669002
KLK11,6201,0.005482986615062087,35,0.005644250927269795,0.0,0.0,0.0,2546,0.01335428122545169,72,0.028279654359780047,0.0,0.0,0.041666666666666664,0.007871294610389603,5.010346762428459,0.041666666666666664,2.057142857142857,1.1498732251752368
UNG,6201,0.0027414933075310434,19,0.00306402193194646,0.0,0.0,0.0,2546,0.009033778476040848,36,0.014139827179890024,0.0,0.0,0.1111111111111111,0.006292285168509805,4.614793070657791,0.1111111111111111,1.894736842105263,1.1496609502760158
OAT,6201,0.0041928721174004195,30,0.004837929366231253,0.0,0.0,0.0,2546,0.01021209740769835,60,0.02356637863315004,0.0,0.0,0.06666666666666667,0.006019225290297931,4.8711704634721125,0.06666666666666667,2.0,1.1495927228850418
CD79B,6201,0.0032252862441541686,21,0.003386550556361877,0.0,0.0,0.0,2546,0.00864100549882168,43,0.016889238020424194,0.0,0.0,0.046511627906976744,0.005415719254667512,4.987150712602402,0.046511627906976744,2.0476190476190474,1.1483957915373082
SPCS1,6201,0.0009675858732462506,6,0.0009675858732462506,0.0,0.0,0.0,2546,0.005106048703849175,13,0.005106048703849175,0.0,0.0,0.0,0.004138462830602925,5.277101335428123,0.0,2.1666666666666665,1.1478995854024765
TLK1,6201,0.008708272859216255,63,0.010159651669085631,0.0,0.0,0.0,2546,0.020031421838177535,124,0.04870384917517675,0.0,0.0,0.07258064516129033,0.01132314897896128,4.793850297385254,0.07258064516129033,1.9682539682539681,1.1475536750695512
M6PR,6201,0.0020964360587002098,13,0.0020964360587002098,0.0,0.0,0.0,2546,0.007462686567164179,21,0.008248232521602514,0.0,0.0,0.23809523809523808,0.005366250508463969,3.934406912804399,0.23809523809523808,1.6153846153846154,1.1465467939308227
ERCC8,6201,0.003709079180777294,24,0.0038703434929850023,0.0,0.0,0.0,2546,0.006677140612725845,41,0.01610369206598586,0.0,0.0,0.1951219512195122,0.002968061431948551,4.160791437549096,0.1951219512195122,1.7083333333333333,1.1460327791935538
PKP3,6201,0.006934365424931463,46,0.007418158361554588,0.0,0.0,0.0,2546,0.021602513747054203,98,0.0384917517674784,0.0,0.0,0.0,0.01466814832212274,5.188855493698555,0.0,2.130434782608696,1.144271141353381
SSPN,6201,0.002257700370907918,14,0.002257700370907918,0.0,0.0,0.0,2546,0.008248232521602514,30,0.01178318931657502,0.0,0.0,0.0,0.0059905321506945955,5.219111210862978,0.0,2.142857142857143,1.1404703559875664
IL1R1,6201,0.008547008547008548,57,0.009192065795839382,0.0,0.0,0.0,2546,0.014532600157109192,112,0.04399057344854674,0.0,0.0,0.07142857142857142,0.005985591610100644,4.785711332534006,0.07142857142857142,1.9649122807017543,1.1396582971095555
CXCL3,6201,0.001128850185453959,7,0.001128850185453959,0.0,0.0,0.0,2546,0.00589159465828751,15,0.00589159465828751,0.0,0.0,0.0,0.00476274447283355,5.219111210862978,0.0,2.142857142857143,1.1392425683097054
ACADM,6201,0.006450572488308337,46,0.007418158361554588,0.0,0.0,0.0,2546,0.010604870384917517,91,0.03574234092694423,0.0,0.0,0.06593406593406594,0.00415429789660918,4.818222958434373,0.06593406593406594,1.9782608695652173,1.1379360647879397
PPIA,6201,0.0009675858732462506,7,0.001128850185453959,0.0,0.0,0.0,2546,0.00432050274941084,15,0.00589159465828751,0.0,0.0,0.0,0.0033529168761645897,5.219111210862978,0.0,2.142857142857143,1.1378327407130364
PDZK1,6201,0.002902757619738752,19,0.00306402193194646,0.0,0.0,0.0,2546,0.009819324430479183,38,0.014925373134328358,0.0,0.0,0.05263157894736842,0.00691656681074043,4.871170463472113,0.05263157894736842,2.0,1.1364549766861864
GP1BA,6201,0.007901951298177712,57,0.009192065795839382,0.0,0.0,0.0,2546,0.03613511390416339,95,0.03731343283582089,0.0,0.0,0.17894736842105263,0.02823316260598568,4.059308719560094,0.17894736842105263,1.6666666666666667,1.1352632077458291
MYOT,6201,0.005482986615062087,38,0.00612804386389292,0.0,0.0,0.0,2546,0.012568735271013355,69,0.027101335428122545,0.0,0.0,0.13043478260869565,0.007085748655951268,4.42251002604705,0.13043478260869565,1.8157894736842106,1.134932163393217
DDAH1,6201,0.003386550556361877,23,0.003709079180777294,0.0,0.0,0.0,2546,0.008248232521602514,49,0.0192458758837392,0.0,0.0,0.0,0.004861681965240637,5.188855493698555,0.0,2.130434782608696,1.134464674996499
NCOR2,6201,0.029511369134010642,232,0.037413320432188354,0.0,0.0,0.0,2546,0.08955223880597014,399,0.15671641791044777,0.0,2.0,0.12030075187969924,0.0600408696719595,4.188786670097787,0.12030075187969924,1.7198275862068966,1.133694328583418
TMPO,6201,0.00516045799064667,35,0.005644250927269795,0.0,0.0,0.0,2546,0.0204241948153967,71,0.02788688138256088,0.0,0.0,0.028169014084507043,0.015263736824750032,4.940758612950287,0.028169014084507043,2.0285714285714285,1.1321224081871968
GLRX5,6201,0.0004837929366231253,3,0.0004837929366231253,0.0,0.0,0.0,2546,0.0019638648860958365,5,0.0019638648860958365,0.0,0.0,0.2,0.0014800719494727113,4.059308719560094,0.2,1.6666666666666667,1.1295627486682636
SLC25A37,6201,0.005482986615062087,35,0.005644250927269795,0.0,0.0,0.0,2546,0.011390416339355853,74,0.029065200314218383,0.0,0.0,0.0,0.005907429724293766,5.149523061384806,0.0,2.1142857142857143,1.1291347769812006
DHRS7B,6201,0.00306402193194646,19,0.00306402193194646,0.0,0.0,0.0,2546,0.007855459544383346,35,0.013747054202670856,0.0,0.0,0.11428571428571428,0.004791437612436886,4.48660437425063,0.11428571428571428,1.8421052631578947,1.128239524437309
ABCB7,6201,0.009192065795839382,66,0.010643444605708756,0.0,0.0,0.0,2546,0.016496465043205028,133,0.05223880597014925,0.0,0.0,0.03759398496240601,0.007304399247365647,4.908073270013569,0.03759398496240601,2.015151515151515,1.128070970072384
ALAD,6201,0.0041928721174004195,27,0.0043541364296081275,0.0,0.0,0.0,2546,0.01021209740769835,57,0.022388059701492536,0.0,0.0,0.0,0.006019225290297931,5.141791044776119,0.0,2.111111111111111,1.1279884454565112
STAT3,6201,0.010804708917916465,73,0.011772294791162716,0.0,0.0,0.0,2546,0.01767478397486253,144,0.056559308719560095,0.0,0.0,0.05555555555555555,0.006870075056946066,4.804442100958797,0.05555555555555555,1.9726027397260273,1.1279019539445607
CD81,6201,0.0024189646831156266,19,0.00306402193194646,0.0,0.0,0.0,2546,0.010604870384917517,40,0.015710919088766692,0.0,0.0,0.0,0.008185905701801891,5.1275478562864345,0.0,2.1052631578947367,1.127833371614954
TGFBR1,6201,0.006934365424931463,48,0.0077406869859700045,0.0,0.0,0.0,2546,0.014139827179890024,79,0.031029065200314218,0.0,0.0,0.20253164556962025,0.007205461754958561,4.008567360565594,0.20253164556962025,1.6458333333333333,1.1277398449932696
SERBP1,6201,0.0043541364296081275,28,0.004515400741815836,0.0,0.0,0.0,2546,0.010604870384917517,54,0.021209740769835034,0.0,0.0,0.07407407407407407,0.006250733955309389,4.69720008977668,0.07407407407407407,1.9285714285714286,1.1271524693057677
RNF144B,6201,0.0019351717464925011,12,0.0019351717464925011,0.0,0.0,0.0,2546,0.009426551453260016,24,0.009426551453260016,0.0,0.0,0.041666666666666664,0.0074913797067675154,4.871170463472113,0.041666666666666664,2.0,1.1260648773015118
PDHA1,6201,0.005644250927269795,39,0.006289308176100629,0.0,0.0,0.0,2546,0.012961508248232521,82,0.03220738413197172,0.0,0.0,0.0,0.007317257320962727,5.120974076983503,0.0,2.1025641025641026,1.1258913235259818
SPAG4,6201,0.0059667795516852125,44,0.007095629737139171,0.0,0.0,0.0,2546,0.020031421838177535,88,0.03456402199528672,0.0,0.0,0.03409090909090909,0.014064642286492322,4.8711704634721125,0.03409090909090909,2.0,1.1250623823054786
ALDH7A1,6201,0.004837929366231253,31,0.004999193678438961,0.0,0.0,0.0,2546,0.01335428122545169,65,0.025530243519245877,0.0,0.0,0.0,0.008516351859220436,5.106872260091732,0.0,2.096774193548387,1.1247839083560167
CDCA3,6201,0.002902757619738752,19,0.00306402193194646,0.0,0.0,0.0,2546,0.007855459544383346,40,0.015710919088766692,0.0,0.0,0.0,0.004952701924644594,5.1275478562864345,0.0,2.1052631578947367,1.1246001678377968
NR4A1,6201,0.006773101112723754,49,0.007901951298177712,0.0,0.0,0.0,2546,0.015710919088766692,99,0.038884524744697564,0.0,0.0,0.030303030303030304,0.008937817976042938,4.920876284527951,0.030303030303030304,2.020408163265306,1.1245781266961368
PIN1,6201,0.0016126431220770843,10,0.0016126431220770843,0.0,0.0,0.0,2546,0.008248232521602514,21,0.008248232521602514,0.0,0.0,0.0,0.00663558939952543,5.114728986645719,0.0,2.1,1.1241888575600667
PHLDA1,6201,0.003709079180777294,24,0.0038703434929850023,0.0,0.0,0.041666666666666664,2546,0.018067556952081697,46,0.018067556952081697,0.0,0.0,0.10869565217391304,0.014358477771304404,4.668205027494109,0.06702898550724637,1.9166666666666667,1.123112776704059
ARHGEF11,6201,0.019190453152717304,143,0.023060796645702306,0.0,0.0,0.0,2546,0.04006284367635507,290,0.11390416339355852,0.0,0.0,0.013793103448275862,0.020872390523637766,4.939298721702492,0.013793103448275862,2.027972027972028,1.123109379497408
ACVR1B,6201,0.010643444605708756,74,0.011933559103370425,0.0,0.0,0.0,2546,0.022388059701492536,114,0.04477611940298507,0.0,0.0,0.24561403508771928,0.01174461509578378,3.752117789431222,0.24561403508771928,1.5405405405405406,1.1228018387149208
OGFR,6201,0.008869537171423964,72,0.011611030478955007,0.0,0.0,0.0,2546,0.047918303220738416,124,0.04870384917517675,0.0,0.0,0.12903225806451613,0.039048766049314454,4.194619010212097,0.12903225806451613,1.7222222222222223,1.1225571276317248
NEXN,6201,0.009353330108047089,73,0.011772294791162716,0.0,0.0,0.0,2546,0.027101335428122545,124,0.04870384917517675,0.0,0.0,0.16129032258064516,0.017748005320075456,4.13715847582563,0.16129032258064516,1.6986301369863013,1.1223912482285145
COX11,6201,0.0020964360587002098,13,0.0020964360587002098,0.0,0.0,0.0,2546,0.009033778476040848,26,0.01021209740769835,0.0,0.0,0.038461538461538464,0.006937342417340639,4.871170463472113,0.038461538461538464,2.0,1.1223057118069566
NR1H4,6201,0.009837123044670215,68,0.010965973230124174,0.0,0.0,0.0,2546,0.015710919088766692,120,0.04713275726630008,0.0,0.0,0.14166666666666666,0.005873796044096477,4.29809158541657,0.14166666666666666,1.7647058823529411,1.1217399596418756
CBR1,6201,0.0016126431220770843,11,0.0017739074342847927,0.0,0.0,0.0,2546,0.009033778476040848,23,0.009033778476040848,0.0,0.0,0.0,0.007421135353963764,5.092587302720846,0.0,2.090909090909091,1.1213467907483123
TP53,6201,0.28543783260764394,1963,0.3165618448637317,0.0,1.0,0.0010188487009679063,2546,0.41280439905734484,2889,1.1347211311861745,0.0,4.0,0.16510903426791276,0.1273665664497009,3.5845164210318226,0.16409018556694485,1.4717269485481406,1.1209942018169379
PRKCD,6201,0.008869537171423964,62,0.009998387356877922,0.0,0.0,0.0,2546,0.020031421838177535,129,0.05066771406127259,0.0,0.0,0.0,0.011161884666753571,5.067588627321796,0.0,2.0806451612903225,1.120975969511504
HNRNPA3,6201,0.003386550556361877,22,0.0035478148685695854,0.0,0.0,0.0,2546,0.01021209740769835,46,0.018067556952081697,0.0,0.0,0.0,0.006825546851336474,5.092587302720846,0.0,2.090909090909091,1.1207512022456851
WDR74,6201,0.0032252862441541686,21,0.003386550556361877,0.0,0.0,0.0,2546,0.008248232521602514,44,0.01728201099764336,0.0,0.0,0.0,0.005022946277448346,5.103130961732689,0.0,2.0952380952380953,1.1206776776327336
PALLD,6201,0.013707466537655217,108,0.01741654571843251,0.0,0.0,0.0,2546,0.04399057344854674,207,0.08130400628436764,0.0,0.0,0.04830917874396135,0.030283106910891523,4.668205027494109,0.04830917874396135,1.9166666666666667,1.120317599080361
CD44,6201,0.007095629737139171,47,0.0075794226737622965,0.0,0.0,0.0,2546,0.015318146111547526,98,0.0384917517674784,0.0,0.0,0.0,0.008222516374408354,5.078454312981565,0.0,2.0851063829787235,1.119825774633368
FEN1,6201,0.0024189646831156266,16,0.002580228995323335,0.0,0.0,0.0,2546,0.012568735271013355,32,0.012568735271013355,0.0,0.0,0.03125,0.01014977058789773,4.871170463472113,0.03125,2.0,1.1183066015159753
FADS2,6201,0.0059667795516852125,39,0.006289308176100629,0.0,0.0,0.0,2546,0.015710919088766692,81,0.03181461115475255,0.0,0.0,0.0,0.009744139537081479,5.058523173605655,0.0,2.076923076923077,1.1180630286333728
FES,6201,0.00822447992259313,61,0.009837123044670215,0.0,0.0,0.0,2546,0.022780832678711706,121,0.04752553024351924,0.0,0.0,0.03305785123966942,0.014556352756118576,4.831242836722341,0.03305785123966942,1.9836065573770492,1.1176971806194245
RBCK1,6201,0.004999193678438961,33,0.005321722302854378,0.0,0.0,0.0,2546,0.012175962293794187,61,0.023959151610369208,0.0,0.0,0.09836065573770492,0.007176768615355226,4.5021423980575594,0.09836065573770492,1.8484848484848484,1.1175277871051814
APH1A,6201,0.00306402193194646,21,0.003386550556361877,0.0,0.0,0.0,2546,0.008248232521602514,40,0.015710919088766692,0.0,0.0,0.075,0.005184210589656054,4.639209965211537,0.075,1.9047619047619047,1.1167810086378132
APRT,6201,0.0019351717464925011,12,0.0019351717464925011,0.0,0.0,0.0,2546,0.008248232521602514,21,0.008248232521602514,0.0,0.0,0.14285714285714285,0.006313060775110013,4.262274155538099,0.14285714285714285,1.75,1.11658630534766
RAP1GDS1,6201,0.006611836800516046,45,0.00725689404934688,0.0,0.0,0.0,2546,0.010997643362136685,85,0.03338570306362922,0.0,0.0,0.08235294117647059,0.004385806561620639,4.600549882168107,0.08235294117647059,1.8888888888888888,1.1164563533429133
MAGIX,6201,0.0041928721174004195,26,0.0041928721174004195,0.0,0.0,0.0,2546,0.012175962293794187,54,0.021209740769835034,0.0,0.0,0.0,0.007983090176393768,5.058523173605655,0.0,2.076923076923077,1.1163019792726852
USH1C,6201,0.010159651669085631,81,0.013062409288824383,0.0,0.0,0.0,2546,0.05145326001571092,159,0.0624509033778476,0.0,1.0,0.012578616352201259,0.041293608346625287,4.780963603037444,0.012578616352201259,1.962962962962963,1.1152954262563222
ORC6,6201,0.0012901144976616675,8,0.0012901144976616675,0.0,0.0,0.0,2546,0.0054988216810683424,14,0.0054988216810683424,0.0,0.0,0.14285714285714285,0.004208707183406675,4.2622741555380985,0.14285714285714285,1.75,1.1144819517559565
CHPF2,6201,0.009514594420254797,63,0.010159651669085631,0.0,0.0,0.0,2546,0.027101335428122545,129,0.05066771406127259,0.0,0.0,0.0,0.017586741007867748,4.987150712602402,0.0,2.0476190476190474,1.1140551853835319
COPZ2,6201,0.0024189646831156266,15,0.0024189646831156266,0.0,0.0,0.0,2546,0.012175962293794187,31,0.012175962293794187,0.0,0.0,0.0,0.00975699761067856,5.033542812254517,0.0,2.066666666666667,1.1139441863148487
ECI1,6201,0.002580228995323335,17,0.0027414933075310434,0.0,0.0,0.0,2546,0.00864100549882168,30,0.01178318931657502,0.0,0.0,0.13333333333333333,0.006060776503498346,4.29809158541657,0.13333333333333333,1.7647058823529411,1.1135936067679442
SH3BP5,6201,0.004031607805192711,26,0.0041928721174004195,0.0,0.0,0.0,2546,0.012961508248232521,50,0.019638648860958365,0.0,0.0,0.06,0.00892990044303981,4.68381775333857,0.06,1.9230769230769231,1.1134058665037352
CYLD,6201,0.01225608772778584,85,0.013707466537655217,0.0,0.0,0.0,2546,0.023173605655930872,156,0.061272584446190104,0.0,0.0,0.09615384615384616,0.010917517928145031,4.470015248833233,0.09615384615384616,1.8352941176470587,1.1132055876729336
RAB5A,6201,0.0020964360587002098,14,0.002257700370907918,0.0,0.0,0.0,2546,0.007855459544383346,29,0.011390416339355853,0.0,0.0,0.0,0.005759023485683136,5.045140837167546,0.0,2.0714285714285716,1.1118666248464144
CAP1,6201,0.0032252862441541686,20,0.0032252862441541686,0.0,0.0,0.0,2546,0.007855459544383346,39,0.015318146111547526,0.0,0.0,0.05128205128205128,0.004630173300229178,4.74939120188531,0.05128205128205128,1.95,1.111859015293141
PPARGC1A,6201,0.015803902596355425,117,0.018867924528301886,0.0,0.0,0.0,2546,0.030636292223095052,231,0.09073055773762766,0.0,0.0,0.030303030303030304,0.014832389626739627,4.808719560094266,0.030303030303030304,1.9743589743589745,1.111348400419242
PARD6G,6201,0.003386550556361877,22,0.0035478148685695854,0.0,0.0,0.0,2546,0.01767478397486253,45,0.01767478397486253,0.0,0.0,0.0,0.014288233418500653,4.9818788830964795,0.0,2.0454545454545454,1.10987576597008
CFI,6201,0.010965973230124174,78,0.012578616352201259,0.0,0.0,0.0,2546,0.021602513747054203,146,0.05734485467399843,0.0,0.0,0.07534246575342465,0.01063654051693003,4.558915946582875,0.07534246575342465,1.8717948717948718,1.1082349413268966
GAL3ST1,6201,0.010159651669085631,71,0.011449766166747298,0.0,0.0,0.0,2546,0.02356637863315004,145,0.05695208169677926,0.0,0.0,0.0,0.013406726964064407,4.974082515517299,0.0,2.0422535211267605,1.10769007854277
ACSL6,6201,0.011933559103370425,82,0.013223673601032092,0.0,0.0,0.0,2546,0.01610369206598586,150,0.0589159465828751,0.0,0.0,0.1,0.0041701329626154336,4.455338838541567,0.1,1.829268292682927,1.1076176849816526
MEF2C,6201,0.009030801483631673,62,0.009998387356877922,0.0,0.0,0.0,2546,0.016496465043205028,120,0.04713275726630008,0.0,0.0,0.05,0.0074656635595733555,4.714035932392368,0.05,1.935483870967742,1.1072440752715254
SEC31A,6201,0.01451378809869376,101,0.01628769553297855,0.0,0.0,0.0,2546,0.03534956794972506,193,0.0758051846032993,0.0,0.0,0.046632124352331605,0.0208357798510313,4.654138116089692,0.046632124352331605,1.9108910891089108,1.1067084106478844
INHBB,6201,0.006934365424931463,56,0.009030801483631673,0.0,0.0,0.0,2546,0.04241948153967007,110,0.04320502749410841,0.0,0.0,0.00909090909090909,0.035485116114738605,4.784185276624397,0.00909090909090909,1.9642857142857142,1.106556361600543
ART3,6201,0.00612804386389292,39,0.006289308176100629,0.0,0.0,0.0,2546,0.01021209740769835,70,0.02749410840534171,0.0,0.0,0.11428571428571428,0.00408405354380543,4.371563236449332,0.11428571428571428,1.794871794871795,1.1063415589114145
WNT16,6201,0.007095629737139171,47,0.0075794226737622965,0.0,0.0,0.0,2546,0.021602513747054203,92,0.03613511390416339,0.0,0.0,0.03260869565217391,0.014506884009915032,4.767528538717388,0.03260869565217391,1.9574468085106382,1.1062120583511457
MON2,6201,0.015481373971940009,116,0.018706660216094177,0.0,0.0,0.0,2546,0.03456402199528672,209,0.08208955223880597,0.0,0.0,0.09569377990430622,0.019082648023346714,4.388252702007206,0.09569377990430622,1.8017241379310345,1.1058504057082188
VAMP4,6201,0.0017739074342847927,11,0.0017739074342847927,0.0,0.0,0.0,2546,0.00432050274941084,17,0.006677140612725845,0.0,0.0,0.23529411764705882,0.0025465953151260472,3.764086267228451,0.23529411764705882,1.5454545454545454,1.1057992918817312
TPI1,6201,0.0027414933075310434,19,0.00306402193194646,0.0,0.0,0.0,2546,0.009426551453260016,39,0.015318146111547526,0.0,0.0,0.0,0.006685058145728973,4.999359159879274,0.0,2.0526315789473686,1.1051905344228106
STXBP1,6201,0.008869537171423964,60,0.009675858732462506,0.0,0.0,0.0,2546,0.016496465043205028,123,0.04831107619795758,0.0,0.0,0.0,0.007626927871781064,4.992949725058916,0.0,2.05,1.105063479808748
PHTF2,6201,0.009675858732462506,68,0.010965973230124174,0.0,0.0,0.0,2546,0.019638648860958365,139,0.054595443833464256,0.0,0.0,0.0,0.009962790128495859,4.978622753107527,0.0,2.0441176470588234,1.1050058421610411
LPAR6,6201,0.00306402193194646,21,0.003386550556361877,0.0,0.0,0.0,2546,0.015318146111547526,39,0.015318146111547526,0.0,0.0,0.07692307692307693,0.012254124179601065,4.523229716081248,0.07692307692307693,1.8571428571428572,1.1049928032242553
EOMES,6201,0.007901951298177712,51,0.00822447992259313,0.0,0.0,0.0,2546,0.02356637863315004,89,0.034956794972505895,0.0,0.0,0.12359550561797752,0.015664427334972326,4.250335012245276,0.12359550561797752,1.7450980392156863,1.10440463881689
TAF12,6201,0.0008063215610385422,5,0.0008063215610385422,0.0,0.0,0.0,2546,0.003534956794972506,9,0.003534956794972506,0.0,0.0,0.1111111111111111,0.002728635233933964,4.3840534171249015,0.1111111111111111,1.8,1.1041340795353858
HSP90AB1,6201,0.01128850185453959,77,0.01241735203999355,0.0,0.0,0.0,2546,0.023173605655930872,133,0.05223880597014925,0.0,0.0,0.13533834586466165,0.011885103801391282,4.206919945725915,0.13533834586466165,1.7272727272727273,1.1040647688122234
LDLR,6201,0.012739880664408966,93,0.014997581035316884,0.0,0.0,0.0,2546,0.024351924587588374,182,0.07148468185388845,0.0,0.0,0.03296703296703297,0.011612043923179409,4.76641410941895,0.03296703296703297,1.956989247311828,1.103482312152298
PHYH,6201,0.006450572488308337,45,0.00725689404934688,0.0,0.0,0.0,2546,0.014532600157109192,92,0.03613511390416339,0.0,0.0,0.0,0.008082027668800854,4.979418695993716,0.0,2.0444444444444443,1.1032582023185826
TTC39B,6201,0.007418158361554588,53,0.008547008547008548,0.0,0.0,0.0,2546,0.01767478397486253,108,0.04241948153967007,0.0,0.0,0.0,0.010256625613307943,4.963079340141397,0.0,2.0377358490566038,1.1026964605127243
RHD,6201,0.004999193678438961,32,0.00516045799064667,0.0,0.0,0.0,2546,0.01728201099764336,65,0.025530243519245877,0.0,0.0,0.0,0.0122828173192044,4.947282501963865,0.0,2.03125,1.102070029628359
CYP4B1,6201,0.013868730849862926,102,0.01644895984518626,0.0,0.0,0.0,2546,0.02631578947368421,207,0.08130400628436764,0.0,0.0,0.0,0.012447058623821283,4.942805323229056,0.0,2.0294117647058822,1.1014811765888068
AKAP12,6201,0.018867924528301886,155,0.024995968392194808,0.0,0.0,0.0,2546,0.045168892380204245,297,0.1166535742340927,0.0,0.0,0.03367003367003367,0.02630096785190236,4.666895573068444,0.03367003367003367,1.9161290322580644,1.1014652707816037
CALD1,6201,0.012739880664408966,91,0.014675052410901468,0.0,0.0,0.0,2546,0.025530243519245877,177,0.06952081696779261,0.0,0.0,0.03389830508474576,0.012790362854836911,4.737347099091011,0.03389830508474576,1.945054945054945,1.100538413015297
CNTRL,6201,0.020319303338171262,153,0.02467343976777939,0.0,0.0,0.0,2546,0.04124116260801257,270,0.10604870384917518,0.0,0.0,0.1037037037037037,0.020921859269841307,4.298091585416571,0.1037037037037037,1.7647058823529411,1.0988250599046576
XPO7,6201,0.01128850185453959,78,0.012578616352201259,0.0,0.0,0.0,2546,0.024351924587588374,154,0.060487038491751764,0.0,0.0,0.01948051948051948,0.013063422733048785,4.808719560094265,0.01948051948051948,1.9743589743589745,1.0987569227030403
TFRC,6201,0.0077406869859700045,50,0.008063215610385421,0.0,0.0,0.0,2546,0.015710919088766692,94,0.036920659858601726,0.0,0.0,0.06382978723404255,0.007970232102796689,4.578900235663786,0.06382978723404255,1.88,1.097644505362418
SDF2L1,6201,0.0009675858732462506,7,0.001128850185453959,0.0,0.0,0.0,2546,0.005106048703849175,13,0.005106048703849175,0.0,0.0,0.07692307692307693,0.004138462830602925,4.523229716081248,0.07692307692307693,1.8571428571428572,1.0968771418752572
PGR,6201,0.016932752781809387,117,0.018867924528301886,0.0,0.0,0.0,2546,0.04320502749410841,226,0.08876669285153181,0.0,0.0,0.022123893805309734,0.02627227471229902,4.704634721131186,0.022123893805309734,1.9316239316239316,1.096527941374538
NKIRAS1,6201,0.002257700370907918,15,0.0024189646831156266,0.0,0.0,0.0,2546,0.006677140612725845,28,0.010997643362136685,0.0,0.0,0.07142857142857142,0.004419440241817927,4.546425765907306,0.07142857142857142,1.8666666666666667,1.0958545452649275
SLC25A28,6201,0.004031607805192711,29,0.004676665054023544,0.0,0.0,0.0,2546,0.022780832678711706,58,0.022780832678711706,0.0,0.0,0.0,0.018749224873518995,4.871170463472113,0.0,2.0,1.0956560558015966
NFKBIB,6201,0.004515400741815836,31,0.004999193678438961,0.0,0.0,0.0,2546,0.012175962293794187,59,0.023173605655930872,0.0,0.0,0.05084745762711865,0.007660561551978351,4.635468666852495,0.05084745762711865,1.903225806451613,1.094441153344947
SERPINB8,6201,0.007418158361554588,47,0.0075794226737622965,0.0,0.0,0.0,2546,0.01610369206598586,95,0.03731343283582089,0.0,0.0,0.0,0.00868553370443127,4.922991425849475,0.0,2.021276595744681,1.0943799828356118
MAP3K6,6201,0.010482180293501049,75,0.012094823415578132,0.0,0.0,0.0,2546,0.03652788688138256,146,0.05734485467399843,0.0,0.0,0.0136986301369863,0.02604570658788151,4.7412725844461905,0.0136986301369863,1.9466666666666668,1.094278046530913
NDUFB6,6201,0.0020964360587002098,13,0.0020964360587002098,0.0,0.0,0.0,2546,0.003534956794972506,17,0.006677140612725845,0.0,0.0,0.35294117647058826,0.0014385207362722962,3.184996072270228,0.35294117647058826,1.3076923076923077,1.092738282062281
PPP2R2C,6201,0.008869537171423964,61,0.009837123044670215,0.0,0.0,0.0,2546,0.01767478397486253,123,0.04831107619795758,0.0,0.0,0.0,0.008805246803438567,4.911098090221884,0.0,2.0163934426229506,1.0924896824704342
TSPAN13,6201,0.002257700370907918,15,0.0024189646831156266,0.0,0.0,0.0,2546,0.011390416339355853,29,0.011390416339355853,0.0,0.0,0.034482758620689655,0.009132715968447934,4.708798114689709,0.034482758620689655,1.9333333333333333,1.092476807746299
PWP1,6201,0.005321722302854378,35,0.005644250927269795,0.0,0.0,0.0,2546,0.01178318931657502,63,0.02474469756480754,0.0,0.0,0.09523809523809523,0.006461467013720641,4.384053417124902,0.09523809523809523,1.8,1.0919938954421569
CD276,6201,0.004837929366231253,35,0.005644250927269795,0.0,0.0,0.02857142857142857,2546,0.014925373134328358,68,0.02670856245090338,0.0,0.0,0.0,0.010087443768097105,4.7319941645157675,-0.02857142857142857,1.9428571428571428,1.0915751836912133
CLASP1,6201,0.01564263828414772,106,0.017094017094017096,0.0,0.0,0.0,2546,0.028279654359780047,196,0.0769835035349568,0.0,0.0,0.0663265306122449,0.012637016075632328,4.503534956794972,0.0663265306122449,1.849056603773585,1.0912069713279575
CDC14B,6201,0.005805515239477504,39,0.006289308176100629,0.0,0.0,0.0,2546,0.012175962293794187,71,0.02788688138256088,0.0,0.0,0.08450704225352113,0.0063704470543166835,4.4340141398271795,0.08450704225352113,1.8205128205128205,1.0904084218515668
KHSRP,6201,0.004999193678438961,36,0.005805515239477504,0.0,0.0,0.0,2546,0.02670856245090338,70,0.02749410840534171,0.0,0.0,0.014285714285714285,0.02170936877246442,4.73586017282011,0.014285714285714285,1.9444444444444444,1.0895856283750138
SCNN1A,6201,0.008385744234800839,64,0.01032091598129334,0.0,0.0,0.015625,2546,0.018067556952081697,111,0.04359780047132757,0.0,0.0,0.13513513513513514,0.009681812717280858,4.224218136292223,0.11951013513513514,1.734375,1.089349914959181
AHNAK,6201,0.056281244960490244,534,0.08611514271891631,0.0,1.0,0.0,2546,0.3040062843676355,793,0.3114689709347997,0.0,1.0,0.005044136191677175,0.24772503940714524,3.6168896793383762,0.005044136191677175,1.4850187265917603,1.0893432438312902
DDX21,6201,0.005482986615062087,37,0.0059667795516852125,0.0,0.0,0.0,2546,0.01728201099764336,74,0.029065200314218383,0.0,0.0,0.0,0.011799024382581274,4.871170463472113,0.0,2.0,1.0887058553106588
IL17RB,6201,0.004031607805192711,26,0.0041928721174004195,0.0,0.0,0.0,2546,0.018853102906520033,48,0.018853102906520033,0.0,0.0,0.0625,0.014821495101327322,4.496465043205028,0.0625,1.8461538461538463,1.0882794807298721
STX5,6201,0.004676665054023544,30,0.004837929366231253,0.0,0.0,0.0,2546,0.015318146111547526,60,0.02356637863315004,0.0,0.0,0.0,0.010641481057523982,4.8711704634721125,0.0,2.0,1.087548311985601
CNBP,6201,0.0016126431220770843,12,0.0019351717464925011,0.0,0.0,0.0,2546,0.003927729772191673,23,0.009033778476040848,0.0,0.0,0.043478260869565216,0.002315086650114589,4.668205027494109,0.043478260869565216,1.9166666666666667,1.0875186609451881
MBP,6201,0.0043541364296081275,28,0.004515400741815836,0.0,0.0,0.0,2546,0.011390416339355853,55,0.021602513747054203,0.0,0.0,0.01818181818181818,0.007036279909747725,4.784185276624397,0.01818181818181818,1.9642857142857142,1.0871984344864611
SH2B3,6201,0.004031607805192711,25,0.004031607805192711,0.0,0.0,0.0,2546,0.014139827179890024,50,0.019638648860958365,0.0,0.0,0.0,0.010108219374697313,4.871170463472113,0.0,2.0,1.087015050302775
UGDH,6201,0.005482986615062087,35,0.005644250927269795,0.0,0.0,0.0,2546,0.014925373134328358,65,0.025530243519245877,0.0,0.0,0.06153846153846154,0.009442386519266271,4.523229716081248,0.06153846153846154,1.8571428571428572,1.0867964501793053
PTPN1,6201,0.005644250927269795,38,0.00612804386389292,0.0,0.0,0.0,2546,0.014925373134328358,71,0.02788688138256088,0.0,0.0,0.056338028169014086,0.009281122207058564,4.550698722454211,0.056338028169014086,1.868421052631579,1.0863957855879376
DCUN1D1,6201,0.004031607805192711,27,0.0043541364296081275,0.0,0.0,0.0,2546,0.011390416339355853,49,0.0192458758837392,0.0,0.0,0.08163265306122448,0.007358808534163142,4.420136161298769,0.08163265306122448,1.8148148148148149,1.0859652181822879
MAP6,6201,0.009030801483631673,59,0.009514594420254797,0.0,0.0,0.0,2546,0.044383346425765906,113,0.044383346425765906,0.0,0.0,0.008849557522123894,0.03535254494213423,4.664764935358888,0.008849557522123894,1.9152542372881356,1.0853203213237077
ATXN2,6201,0.013707466537655217,97,0.01564263828414772,0.0,0.0,0.0,2546,0.034956794972505895,186,0.07305577376276512,0.0,0.0,0.021505376344086023,0.021249328434850678,4.6702974546691385,0.021505376344086023,1.9175257731958764,1.0848491017235562
STARD7,6201,0.002902757619738752,19,0.00306402193194646,0.0,0.0,0.0,2546,0.010604870384917517,38,0.014925373134328358,0.0,0.0,0.0,0.007702112765178765,4.871170463472113,0.0,2.0,1.0846089436932564
PML,6201,0.009837123044670215,66,0.010643444605708756,0.0,0.0,0.0,2546,0.03652788688138256,124,0.04870384917517675,0.0,0.0,0.03225806451612903,0.026690763836712345,4.57594801114047,0.03225806451612903,1.878787878787879,1.084263997524093
ATP6V0B,6201,0.002257700370907918,14,0.002257700370907918,0.0,0.0,0.0,2546,0.008248232521602514,28,0.010997643362136685,0.0,0.0,0.0,0.0059905321506945955,4.8711704634721125,0.0,2.0,1.0828973630787717
ADAM15,6201,0.01032091598129334,73,0.011772294791162716,0.0,0.0,0.0,2546,0.018853102906520033,143,0.05616653574234093,0.0,0.0,0.013986013986013986,0.008532186925226693,4.7710779197021385,0.013986013986013986,1.9589041095890412,1.0822298979300828
POLR2F,6201,0.0017739074342847927,11,0.0017739074342847927,0.0,0.0,0.0,2546,0.007069913589945012,22,0.00864100549882168,0.0,0.0,0.0,0.005296006155660219,4.8711704634721125,0.0,2.0,1.0822028370837373
MKNK1,6201,0.0041928721174004195,30,0.004837929366231253,0.0,0.0,0.0,2546,0.009426551453260016,60,0.02356637863315004,0.0,0.0,0.0,0.005233679335859597,4.8711704634721125,0.0,2.0,1.0821405102639368
ZNF707,6201,0.0043541364296081275,29,0.004676665054023544,0.0,0.0,0.0,2546,0.009426551453260016,58,0.022780832678711706,0.0,0.0,0.0,0.005072415023651889,4.871170463472113,0.0,2.0,1.0819792459517295
FBXO9,6201,0.0041928721174004195,29,0.004676665054023544,0.0,0.0,0.0,2546,0.00864100549882168,58,0.022780832678711706,0.0,0.0,0.0,0.004448133381421261,4.871170463472113,0.0,2.0,1.0813549643094988
SCAF8,6201,0.013868730849862926,111,0.017900338655055636,0.0,0.0,0.0,2546,0.022780832678711706,189,0.07423409269442262,0.0,0.0,0.12698412698412698,0.00891210182884878,4.147077556739772,0.12698412698412698,1.7027027027027026,1.0811781371489155
GSTO1,6201,0.0024189646831156266,15,0.0024189646831156266,0.0,0.0,0.0,2546,0.006284367635506678,30,0.01178318931657502,0.0,0.0,0.0,0.003865402952391051,4.8711704634721125,0.0,2.0,1.0807722338804682
TYMS,6201,0.002257700370907918,15,0.0024189646831156266,0.0,0.0,0.0,2546,0.00589159465828751,30,0.01178318931657502,0.0,0.0,0.0,0.0036338942873795914,4.8711704634721125,0.0,2.0,1.0805407252154569
TPM3,6201,0.0041928721174004195,30,0.004837929366231253,0.0,0.0,0.0,2546,0.007855459544383346,44,0.01728201099764336,0.0,0.0,0.25,0.0036625874269829266,3.5721916732128824,0.25,1.4666666666666666,1.0805080751957548
ACHE,6201,0.008708272859216255,63,0.010159651669085631,0.0,0.0,0.0,2546,0.0192458758837392,120,0.04713275726630008,0.0,0.0,0.03333333333333333,0.010537603024522944,4.639209965211537,0.03333333333333333,1.9047619047619047,1.0804677344060134
GLUD1,6201,0.005805515239477504,38,0.00612804386389292,0.0,0.0,0.0,2546,0.012175962293794187,72,0.028279654359780047,0.0,0.0,0.041666666666666664,0.0063704470543166835,4.614793070657791,0.041666666666666664,1.894736842105263,1.0802946677173784
CCL20,6201,0.0016126431220770843,10,0.0016126431220770843,0.0,0.0,0.0,2546,0.004713275726630008,20,0.007855459544383346,0.0,0.0,0.0,0.003100632604552924,4.871170463472113,0.0,2.0,1.0800074635326304
BDNF,6201,0.006289308176100629,43,0.006934365424931463,0.0,0.0,0.0,2546,0.00864100549882168,86,0.03377847604084839,0.0,0.0,0.0,0.002351697322721051,4.8711704634721125,0.0,2.0,1.0792585282507983
FUT4,6201,0.0032252862441541686,21,0.003386550556361877,0.0,0.0,0.0,2546,0.015318146111547526,39,0.015318146111547526,0.0,0.0,0.05128205128205128,0.012092859867393358,4.523229716081248,0.05128205128205128,1.8571428571428572,1.079190513271022
SRD5A1,6201,0.004999193678438961,32,0.00516045799064667,0.0,0.0,0.0,2546,0.014139827179890024,61,0.023959151610369208,0.0,0.0,0.03278688524590164,0.009140633501451063,4.642834347996858,0.03278688524590164,1.90625,1.0791668214355175
PPP2R1B,6201,0.0059667795516852125,43,0.006934365424931463,0.0,0.0,0.0,2546,0.015710919088766692,84,0.032992930086410056,0.0,0.0,0.011904761904761904,0.009744139537081479,4.757887429437878,0.011904761904761904,1.9534883720930232,1.0790723625921097
ARPC3,6201,0.0008063215610385422,5,0.0008063215610385422,0.0,0.0,0.0,2546,0.0027494108405341712,10,0.003927729772191673,0.0,0.0,0.0,0.0019430892794956292,4.871170463472113,0.0,2.0,1.0788499202075732
GCNT2,6201,0.00612804386389292,39,0.006289308176100629,0.0,0.0,0.0,2546,0.025530243519245877,70,0.02749410840534171,0.0,0.0,0.07142857142857142,0.019402199655352954,4.371563236449332,0.07142857142857142,1.794871794871795,1.078802562165819
ATP2C1,6201,0.010804708917916465,73,0.011772294791162716,0.0,0.0,0.0,2546,0.018067556952081697,140,0.05498821681068342,0.0,0.0,0.02857142857142857,0.007262848034165232,4.670985375932163,0.02857142857142857,1.917808219178082,1.078049986328343
DDT,6201,0.00016126431220770844,1,0.00016126431220770844,0.0,0.0,0.0,2546,0.0007855459544383347,2,0.0007855459544383347,0.0,0.0,0.0,0.0006242816422306263,4.871170463472113,0.0,2.0,1.0775311125703082
DMD,6201,0.06547331075632963,558,0.0899854862119013,0.0,1.0,0.0,2546,0.08837391987431265,980,0.384917517674784,0.0,4.0,0.0836734693877551,0.022900609117983015,4.277551123837519,0.0836734693877551,1.7562724014336917,1.0768890857709064
CDH13,6201,0.01564263828414772,113,0.018222867279471054,0.0,0.0,0.0,2546,0.03338570306362922,206,0.08091123330714847,0.0,0.0,0.05825242718446602,0.017743064779481503,4.4400934313064395,0.05825242718446602,1.823008849557522,1.0766445469968744
SQSTM1,6201,0.005644250927269795,36,0.005805515239477504,0.0,0.0,0.0,2546,0.016496465043205028,71,0.02788688138256088,0.0,0.0,0.0,0.010852214115935233,4.803515318146112,0.0,1.9722222222222223,1.0761688568459398
CRYZ,6201,0.0043541364296081275,27,0.0043541364296081275,0.0,0.0,0.0,2546,0.011390416339355853,51,0.020031421838177535,0.0,0.0,0.0392156862745098,0.007036279909747725,4.6005498821681075,0.0392156862745098,1.8888888888888888,1.0759695717890796
FBXO5,6201,0.0043541364296081275,33,0.005321722302854378,0.0,0.0,0.0,2546,0.014925373134328358,65,0.025530243519245877,0.0,0.0,0.0,0.010571236704720231,4.797364850389203,0.0,1.9696969696969697,1.0748275343154197
CFLAR,6201,0.005321722302854378,36,0.005805515239477504,0.0,0.0,0.027777777777777776,2546,0.010604870384917517,69,0.027101335428122545,0.0,0.0,0.0,0.005283148082063139,4.668205027494109,-0.027777777777777776,1.9166666666666667,1.074786239285349
E2F3,6201,0.0059667795516852125,43,0.006934365424931463,0.0,0.0,0.0,2546,0.022388059701492536,75,0.02945797329143755,0.0,0.0,0.09333333333333334,0.016421280149807323,4.2481137762838195,0.09333333333333334,1.744186046511628,1.0744761642621072
MICB,6201,0.00612804386389292,41,0.006611836800516046,0.0,0.0,0.0,2546,0.013747054202670856,81,0.03181461115475255,0.0,0.0,0.0,0.007619010338777935,4.811765945624892,0.0,1.975609756097561,1.07435630379244
ECT2,6201,0.009837123044670215,69,0.011127237542331882,0.0,0.0,0.0,2546,0.016496465043205028,134,0.05263157894736842,0.0,0.0,0.014925373134328358,0.006659341998534813,4.729977116704805,0.014925373134328358,1.9420289855072463,1.074149071697317
NFKB1,6201,0.008869537171423964,59,0.009514594420254797,0.0,0.0,0.0,2546,0.01610369206598586,109,0.04281225451688924,0.0,0.0,0.05504587155963303,0.007234154894561895,4.499640512868308,0.05504587155963303,1.847457627118644,1.073815574699861
CGRRF1,6201,0.003386550556361877,22,0.0035478148685695854,0.0,0.0,0.0,2546,0.013747054202670856,35,0.013747054202670856,0.0,0.0,0.17142857142857143,0.010360503646308979,3.8747946868528174,0.17142857142857143,1.5909090909090908,1.0727198825604916
DTX4,6201,0.007418158361554588,47,0.0075794226737622965,0.0,0.0,0.0,2546,0.020816967792615867,92,0.03613511390416339,0.0,0.0,0.0,0.01339880943106128,4.767528538717388,0.0,1.9574468085106382,1.072495288120118
BRDT,6201,0.013707466537655217,112,0.018061602967263345,0.0,0.0,0.0,2546,0.025923016496465043,199,0.0781618224666143,0.0,0.0,0.08040201005025126,0.012215549958809826,4.327513045673886,0.08040201005025126,1.7767857142857142,1.0723549131789183
RMDN3,6201,0.005321722302854378,33,0.005321722302854378,0.0,0.0,0.0,2546,0.01335428122545169,65,0.025530243519245877,0.0,0.0,0.0,0.008032558922597311,4.797364850389203,0.0,1.9696969696969697,1.0722888565332969
TNNT1,6201,0.0041928721174004195,30,0.004837929366231253,0.0,0.0,0.0,2546,0.012961508248232521,59,0.023173605655930872,0.0,0.0,0.0,0.008768636130832102,4.789984289080911,0.0,1.9666666666666666,1.071751033694581
CD37,6201,0.0027414933075310434,17,0.0027414933075310434,0.0,0.0,0.0,2546,0.009033778476040848,31,0.012175962293794187,0.0,0.0,0.06451612903225806,0.006292285168509805,4.4413613049304566,0.06451612903225806,1.8235294117647058,1.0716905030808204
KIF23,6201,0.0075794226737622965,53,0.008547008547008548,0.0,0.0,0.0,2546,0.020031421838177535,100,0.03927729772191673,0.0,0.0,0.03,0.012451999164415238,4.595443833464257,0.03,1.8867924528301887,1.071257484025417
PREB,6201,0.0043541364296081275,29,0.004676665054023544,0.0,0.0,0.0,2546,0.012961508248232521,57,0.022388059701492536,0.0,0.0,0.0,0.008607371818624393,4.7871847658260425,0.0,1.9655172413793103,1.0711061410797789
PSMD13,6201,0.002580228995323335,18,0.002902757619738752,0.0,0.0,0.0,2546,0.007462686567164179,33,0.012961508248232521,0.0,0.0,0.06060606060606061,0.0048824575718408435,4.465239591516104,0.06060606060606061,1.8333333333333333,1.0707492993680099
HADH,6201,0.0038703434929850023,24,0.0038703434929850023,0.0,0.0,0.041666666666666664,2546,0.009033778476040848,45,0.01767478397486253,0.0,0.0,0.0,0.0051634349830558465,4.566722309505106,-0.041666666666666664,1.875,1.0704893475139003
KCNH2,6201,0.013868730849862926,105,0.016932752781809387,0.0,0.0,0.0,2546,0.05066771406127259,198,0.07776904948939513,0.0,1.0,0.005050505050505051,0.03679898321140966,4.592817865559421,0.005050505050505051,1.8857142857142857,1.0701855582980409
NGLY1,6201,0.006934365424931463,48,0.0077406869859700045,0.0,0.0,0.0,2546,0.014925373134328358,78,0.030636292223095052,0.0,0.0,0.15384615384615385,0.007991007709396895,3.957826001571092,0.15384615384615385,1.625,1.06965731951337
FGFR3,6201,0.011933559103370425,92,0.014836316723109175,0.0,0.0,0.0,2546,0.030636292223095052,177,0.06952081696779261,0.0,0.0,0.005649717514124294,0.018702733119724625,4.6858541958400215,0.005649717514124294,1.923913043478261,1.0691866403147738
NUP98,6201,0.020158039025963553,149,0.024028382518948555,0.0,0.0,0.0,2546,0.03456402199528672,267,0.10487038491751767,0.0,0.0,0.06741573033707865,0.014405982969323168,4.364437965594142,0.06741573033707865,1.7919463087248322,1.0684661438995526
SLC2A5,6201,0.006450572488308337,54,0.008708272859216255,0.0,0.0,0.018518518518518517,2546,0.01728201099764336,103,0.040455616653574236,0.0,0.0,0.0,0.010831438509335024,4.645653312385441,-0.018518518518518517,1.9074074074074074,1.0670887003022138
PLK2,6201,0.00822447992259313,57,0.009192065795839382,0.0,0.0,0.0,2546,0.02356637863315004,103,0.040455616653574236,0.0,0.0,0.05825242718446602,0.015341898710556908,4.4011452433125235,0.05825242718446602,1.8070175438596492,1.06705815851399
KIFAP3,6201,0.009353330108047089,70,0.01128850185453959,0.0,0.0,0.0,2546,0.01610369206598586,123,0.04831107619795758,0.0,0.0,0.08943089430894309,0.00675036195793877,4.279671192907642,0.08943089430894309,1.7571428571428571,1.066897897415474
GAPVD1,6201,0.01451378809869376,104,0.016771488469601678,0.0,0.0,0.0,2546,0.02631578947368421,186,0.07305577376276512,0.0,0.0,0.06989247311827956,0.01180200137499045,4.35595051060487,0.06989247311827956,1.7884615384615385,1.0667554817279394
NDRG1,6201,0.006934365424931463,44,0.007095629737139171,0.0,0.0,0.0,2546,0.011390416339355853,76,0.029850746268656716,0.0,0.0,0.10526315789473684,0.00445605091442439,4.206919945725916,0.10526315789473684,1.7272727272727273,1.066560527955332
ADM,6201,0.002580228995323335,16,0.002580228995323335,0.0,0.0,0.0,2546,0.01178318931657502,30,0.01178318931657502,0.0,0.0,0.03333333333333333,0.009202960321251685,4.5667223095051055,0.03333333333333333,1.875,1.0661955395187628
ARFGAP3,6201,0.005321722302854378,35,0.005644250927269795,0.0,0.0,0.0,2546,0.015710919088766692,67,0.02631578947368421,0.0,0.0,0.014925373134328358,0.010389196785912314,4.662406015037594,0.014925373134328358,1.9142857142857144,1.0660162822458474
PDHB,6201,0.0032252862441541686,20,0.0032252862441541686,0.0,0.0,0.0,2546,0.007462686567164179,34,0.01335428122545169,0.0,0.0,0.11764705882352941,0.00423740032301001,4.140494893951296,0.11764705882352941,1.7,1.0658866362886719
PMPCA,6201,0.006450572488308337,43,0.006934365424931463,0.0,0.0,0.0,2546,0.014532600157109192,84,0.032992930086410056,0.0,0.0,0.0,0.008082027668800854,4.757887429437878,0.0,1.9534883720930232,1.0655054888190674
KIF22,6201,0.005805515239477504,42,0.006773101112723754,0.0,0.0,0.0,2546,0.018460329929300863,79,0.031029065200314218,0.0,0.0,0.02531645569620253,0.012654814689823358,4.581219840646392,0.02531645569620253,1.880952380952381,1.0642314517625768
PTRH2,6201,0.0027414933075310434,17,0.0027414933075310434,0.0,0.0,0.0,2546,0.0054988216810683424,28,0.010997643362136685,0.0,0.0,0.14285714285714285,0.002757328373537299,4.011552146388799,0.14285714285714285,1.6470588235294117,1.0642129674448486
HHEX,6201,0.002580228995323335,18,0.002902757619738752,0.0,0.0,0.0,2546,0.012961508248232521,35,0.013747054202670856,0.0,0.0,0.0,0.010381279252909187,4.73586017282011,0.0,1.9444444444444444,1.0639718245697443
SIAH1,6201,0.003386550556361877,22,0.0035478148685695854,0.0,0.0,0.0,2546,0.009426551453260016,43,0.016889238020424194,0.0,0.0,0.0,0.006040000896898139,4.760462043847747,0.0,1.9545454545454546,1.0639105077734152
ASNS,6201,0.008385744234800839,60,0.009675858732462506,0.0,0.0,0.0,2546,0.01728201099764336,101,0.0396700706991359,0.0,0.0,0.1188118811881188,0.008896266762842522,4.099901806755695,0.1188118811881188,1.6833333333333333,1.063782253358629
GNAO1,6201,0.00516045799064667,34,0.005482986615062087,0.0,0.0,0.0,2546,0.02513747054202671,64,0.02513747054202671,0.0,0.0,0.015625,0.01997701255138004,4.5846310244443425,0.015625,1.8823529411764706,1.062473196877064
CDO1,6201,0.003709079180777294,23,0.003709079180777294,0.0,0.0,0.0,2546,0.007069913589945012,45,0.01767478397486253,0.0,0.0,0.0,0.003360834409167718,4.765275453396633,0.0,1.9565217391304348,1.0620665867231018
ITGAV,6201,0.013223673601032092,96,0.015481373971940009,0.0,0.0,0.0,2546,0.025923016496465043,153,0.0600942655145326,0.0,0.0,0.1568627450980392,0.01269934289543295,3.8817139630793402,0.1568627450980392,1.59375,1.061911287577082
SP110,6201,0.009030801483631673,66,0.010643444605708756,0.0,0.0,0.0,2546,0.020031421838177535,119,0.04673998428908091,0.0,0.0,0.058823529411764705,0.011000620354545862,4.391433978433193,0.058823529411764705,1.803030303030303,1.061488362979993
ECI2,6201,0.00516045799064667,32,0.00516045799064667,0.0,0.0,0.0,2546,0.013747054202670856,57,0.022388059701492536,0.0,0.0,0.07017543859649122,0.008586596212024185,4.338386194029851,0.07017543859649122,1.78125,1.060538250689937
ABCB8,6201,0.009030801483631673,63,0.010159651669085631,0.0,0.0,0.0,2546,0.018853102906520033,122,0.047918303220738416,0.0,0.0,0.0,0.00982230142288836,4.716530131298396,0.0,1.9365079365079365,1.0600371217836713
FGF16,6201,0.0020964360587002098,13,0.0020964360587002098,0.0,0.0,0.0,2546,0.009426551453260016,24,0.009426551453260016,0.0,0.0,0.041666666666666664,0.007330115394559807,4.496465043205028,0.041666666666666664,1.8461538461538463,1.0599547676897714
EXOSC8,6201,0.0020964360587002098,13,0.0020964360587002098,0.0,0.0,0.0,2546,0.009426551453260016,24,0.009426551453260016,0.0,0.0,0.041666666666666664,0.007330115394559807,4.496465043205028,0.041666666666666664,1.8461538461538463,1.0599547676897714
POM121,6201,0.012094823415578132,88,0.014191259474278342,0.0,0.0,0.0,2546,0.0396700706991359,164,0.06441476826394343,0.0,0.0,0.012195121951219513,0.027575247283557765,4.539045204599014,0.012195121951219513,1.8636363636363635,1.0584453288405404
PXMP2,6201,0.002257700370907918,15,0.0024189646831156266,0.0,0.0,0.0,2546,0.011390416339355853,29,0.011390416339355853,0.0,0.0,0.0,0.009132715968447934,4.708798114689709,0.0,1.9333333333333333,1.0579940491256095
MID1,6201,0.0077406869859700045,55,0.008869537171423964,0.0,0.0,0.0,2546,0.020031421838177535,91,0.03574234092694423,0.0,0.0,0.12087912087912088,0.012290734852207531,4.02978647432693,0.12087912087912088,1.6545454545454545,1.055400207949964
LEFTY2,6201,0.0041928721174004195,27,0.0043541364296081275,0.0,0.0,0.0,2546,0.01335428122545169,52,0.0204241948153967,0.0,0.0,0.0,0.00916140910805127,4.690756742602776,0.0,1.9259259259259258,1.0548574630282919
RPL22,6201,0.008063215610385421,51,0.00822447992259313,0.0,0.0,0.0,2546,0.03574234092694423,91,0.03574234092694423,0.0,0.0,0.04395604395604396,0.027679125316558806,4.345848158587866,0.04395604395604396,1.7843137254901962,1.0548082032179116
CALM1,6201,0.002580228995323335,17,0.0027414933075310434,0.0,0.0,0.0,2546,0.005106048703849175,33,0.012961508248232521,0.0,0.0,0.0,0.0025258197085258403,4.7279007439582275,0.0,1.9411764705882353,1.0547277404372064
IL1RL2,6201,0.010804708917916465,79,0.012739880664408966,0.0,0.0,0.0,2546,0.020816967792615867,147,0.05773762765121759,0.0,0.0,0.027210884353741496,0.010012258874699403,4.532038342597472,0.027210884353741496,1.860759493670886,1.0546323075022068
DDIT3,6201,0.003386550556361877,22,0.0035478148685695854,0.0,0.0,0.0,2546,0.00864100549882168,40,0.015710919088766692,0.0,0.0,0.05,0.005254454942459803,4.428336784974649,0.05,1.8181818181818181,1.0537400602989513
PSMB8,6201,0.0038703434929850023,24,0.0038703434929850023,0.0,0.0,0.0,2546,0.01178318931657502,41,0.01610369206598586,0.0,0.0,0.0975609756097561,0.007912845823590017,4.160791437549096,0.0975609756097561,1.7083333333333333,1.0534165879754391
ATG4A,6201,0.004515400741815836,31,0.004999193678438961,0.0,0.0,0.0,2546,0.007855459544383346,60,0.02356637863315004,0.0,0.0,0.0,0.0033400588025675098,4.714035932392368,0.0,1.935483870967742,1.0531184705145196
BTBD3,6201,0.007901951298177712,56,0.009030801483631673,0.0,0.0,0.0,2546,0.015710919088766692,100,0.03927729772191673,0.0,0.0,0.06,0.00780896779058898,4.349259342385815,0.06,1.7857142857142858,1.0516198978792153
MCCC2,6201,0.004999193678438961,33,0.005321722302854378,0.0,0.0,0.0,2546,0.014925373134328358,62,0.024351924587588374,0.0,0.0,0.016129032258064516,0.009926179455889396,4.57594801114047,0.016129032258064516,1.878787878787879,1.0513703808852055
EXT2,6201,0.008708272859216255,58,0.009353330108047089,0.0,0.0,0.0,2546,0.020031421838177535,102,0.04006284367635507,0.0,0.0,0.06862745098039216,0.01132314897896128,4.283270579949617,0.06862745098039216,1.7586206896551724,1.0513487533719887
CD83,6201,0.003386550556361877,21,0.003386550556361877,0.0,0.0,0.0,2546,0.007462686567164179,38,0.014925373134328358,0.0,0.0,0.05263157894736842,0.004076136010802302,4.40724946695096,0.05263157894736842,1.8095238095238095,1.0513010815090627
POLR2H,6201,0.0019351717464925011,14,0.002257700370907918,0.0,0.0,0.0,2546,0.006284367635506678,27,0.010604870384917517,0.0,0.0,0.0,0.004349195889014177,4.69720008977668,0.0,1.9285714285714286,1.0511768571653985
RANBP10,6201,0.0075794226737622965,49,0.007901951298177712,0.0,0.0,0.0,2546,0.012961508248232521,78,0.030636292223095052,0.0,0.0,0.15384615384615385,0.005382085574470225,3.877054042355356,0.15384615384615385,1.5918367346938775,1.0506224165924767
RPS6KA1,6201,0.010804708917916465,71,0.011449766166747298,0.0,0.0,0.0,2546,0.02199528672427337,132,0.051846032992930086,0.0,0.0,0.022727272727272728,0.011190577806356905,4.5281302899881615,0.022727272727272728,1.8591549295774648,1.0506203252619144
NQO2,6201,0.0017739074342847927,13,0.0020964360587002098,0.0,0.0,0.0,2546,0.007462686567164179,25,0.009819324430479183,0.0,0.0,0.0,0.005688779132879386,4.68381775333857,0.0,1.9230769230769231,1.0501647451935747
LAYN,6201,0.006289308176100629,40,0.006450572488308337,0.0,0.0,0.0,2546,0.010997643362136685,77,0.030243519245875882,0.0,0.0,0.0,0.004708335186036056,4.6885015710919085,0.0,1.925,1.0500080238110663
AMPD3,6201,0.013707466537655217,93,0.014997581035316884,0.0,0.0,0.0,2546,0.022780832678711706,173,0.06794972505891594,0.0,0.0,0.023121387283236993,0.009073366141056489,4.530712312799331,0.023121387283236993,1.8602150537634408,1.0493641889279195
LOX,6201,0.004031607805192711,25,0.004031607805192711,0.0,0.0,0.0,2546,0.012961508248232521,44,0.01728201099764336,0.0,0.0,0.06818181818181818,0.00892990044303981,4.286630007855459,0.06818181818181818,1.76,1.0491455313781
CLIC3,6201,0.0019351717464925011,12,0.0019351717464925011,0.0,0.0,0.0,2546,0.009033778476040848,23,0.009033778476040848,0.0,0.0,0.0,0.0070986067295483474,4.668205027494109,0.0,1.9166666666666667,1.0488239201550567
SRF,6201,0.0038703434929850023,24,0.0038703434929850023,0.0,0.0,0.0,2546,0.012568735271013355,42,0.016496465043205028,0.0,0.0,0.07142857142857142,0.008698391778028353,4.262274155538099,0.07142857142857142,1.75,1.047543064922007
IL9R,6201,0.008385744234800839,56,0.009030801483631673,0.0,0.0,0.0,2546,0.031029065200314218,96,0.037706205813040065,0.0,0.0,0.07291666666666667,0.02264332096551338,4.175288968690383,0.07291666666666667,1.7142857142857142,1.046307984025169
NASP,6201,0.008063215610385421,52,0.008385744234800839,0.0,0.0,0.0,2546,0.01728201099764336,99,0.038884524744697564,0.0,0.0,0.0,0.00921879538725794,4.636979575805184,0.0,1.9038461538461537,1.0454200006817946
KIF2A,6201,0.006450572488308337,47,0.0075794226737622965,0.0,0.0,0.0,2546,0.014925373134328358,87,0.034171249018067555,0.0,0.0,0.022988505747126436,0.00847480064602002,4.508423726830572,0.022988505747126436,1.851063829787234,1.044594633085393
TAF13,6201,0.0012901144976616675,8,0.0012901144976616675,0.0,0.0,0.0,2546,0.0054988216810683424,14,0.0054988216810683424,0.0,0.0,0.07142857142857142,0.004208707183406675,4.2622741555380985,0.07142857142857142,1.75,1.043053380327385
OCEL1,6201,0.0027414933075310434,17,0.0027414933075310434,0.0,0.0,0.0,2546,0.012175962293794187,31,0.012175962293794187,0.0,0.0,0.03225806451612903,0.009434468986263144,4.4413613049304566,0.03225806451612903,1.8235294117647058,1.0425746223824446
TFPI2,6201,0.006289308176100629,40,0.006450572488308337,0.0,0.0,0.0,2546,0.016889238020424194,72,0.028279654359780047,0.0,0.0,0.041666666666666664,0.010599929844323565,4.3840534171249015,0.041666666666666664,1.8,1.042560929701331
SLC35A3,6201,0.0035478148685695854,24,0.0038703434929850023,0.0,0.0,0.0,2546,0.007069913589945012,36,0.014139827179890024,0.0,0.0,0.19444444444444445,0.0035220987213754264,3.653377847604085,0.19444444444444445,1.5,1.042412737330266
PSMD12,6201,0.004676665054023544,33,0.005321722302854378,0.0,0.0,0.0,2546,0.011390416339355853,59,0.023173605655930872,0.0,0.0,0.05084745762711865,0.006713751285332309,4.354531171891738,0.05084745762711865,1.7878787878787878,1.042357178819479
USO1,6201,0.006289308176100629,50,0.008063215610385421,0.0,0.0,0.0,2546,0.018853102906520033,84,0.032992930086410056,0.0,0.0,0.09523809523809523,0.012563794730419403,4.091783189316575,0.09523809523809523,1.68,1.0422828105084205
ETS1,6201,0.008063215610385421,52,0.008385744234800839,0.0,0.0,0.0,2546,0.016496465043205028,91,0.03574234092694423,0.0,0.0,0.06593406593406594,0.008433249432819607,4.2622741555380985,0.06593406593406594,1.75,1.0417834170822924
PRSS3,6201,0.006773101112723754,43,0.006934365424931463,0.0,0.0,0.0,2546,0.010604870384917517,70,0.02749410840534171,0.0,0.0,0.12857142857142856,0.003831769272193763,3.9649061911982315,0.12857142857142856,1.627906976744186,1.0416504205838357
LDHA,6201,0.004515400741815836,30,0.004837929366231253,0.0,0.0,0.0,2546,0.011390416339355853,57,0.022388059701492536,0.0,0.0,0.0,0.0068750155975400165,4.627611940298507,0.0,1.9,1.041413020295285
YRDC,6201,0.0016126431220770843,10,0.0016126431220770843,0.0,0.0,0.0,2546,0.007462686567164179,19,0.007462686567164179,0.0,0.0,0.0,0.005850043445087095,4.627611940298507,0.0,1.9,1.0403880481428318
CISH,6201,0.002902757619738752,20,0.0032252862441541686,0.0,0.0,0.0,2546,0.00864100549882168,38,0.014925373134328358,0.0,0.0,0.0,0.005738247879082928,4.627611940298507,0.0,1.9,1.0402762525768277
POLL,6201,0.0059667795516852125,43,0.006934365424931463,0.0,0.0,0.0,2546,0.012175962293794187,68,0.02670856245090338,0.0,0.0,0.14705882352941177,0.006209182742108975,3.8516231571639965,0.14705882352941177,1.5813953488372092,1.0394341462511312
MAK,6201,0.00725689404934688,48,0.0077406869859700045,0.0,0.0,0.0,2546,0.020031421838177535,89,0.034956794972505895,0.0,0.0,0.011235955056179775,0.012774527788830654,4.515980950510605,0.011235955056179775,1.8541666666666667,1.0385128087131676
NCBP2,6201,0.0024189646831156266,15,0.0024189646831156266,0.0,0.0,0.0,2546,0.00432050274941084,26,0.01021209740769835,0.0,0.0,0.07692307692307693,0.0019015380662952136,4.221681068342498,0.07692307692307693,1.7333333333333334,1.038496828222792
KCNIP3,6201,0.004031607805192711,27,0.0043541364296081275,0.0,0.0,0.0,2546,0.011390416339355853,51,0.020031421838177535,0.0,0.0,0.0,0.007358808534163142,4.6005498821681075,0.0,1.8888888888888888,1.0370764141389852
NOLC1,6201,0.008869537171423964,62,0.009998387356877922,0.0,0.0,0.0,2546,0.01728201099764336,108,0.04241948153967007,0.0,0.0,0.06481481481481481,0.008412473826219397,4.242632339153131,0.06481481481481481,1.7419354838709677,1.036903835076325
C1R,6201,0.008547008547008548,72,0.011611030478955007,0.0,0.0,0.0,2546,0.02788688138256088,129,0.05066771406127259,0.0,0.0,0.031007751937984496,0.019339872835552333,4.363756873527102,0.031007751937984496,1.7916666666666667,1.0368650830142707
VLDLR,6201,0.008547008547008548,56,0.009030801483631673,0.0,0.0,0.0,2546,0.018853102906520033,95,0.03731343283582089,0.0,0.0,0.08421052631578947,0.010306094359511485,4.131796375266524,0.08421052631578947,1.6964285714285714,1.0368252086198682
DCAF10,6201,0.0041928721174004195,30,0.004837929366231253,0.0,0.0,0.0,2546,0.01335428122545169,54,0.021209740769835034,0.0,0.0,0.037037037037037035,0.00916140910805127,4.3840534171249015,0.037037037037037035,1.8,1.036492779335429
HIPK2,6201,0.013707466537655217,94,0.015158845347524593,0.0,0.0,0.010638297872340425,2546,0.045168892380204245,172,0.06755695208169678,0.0,0.0,0.011627906976744186,0.03146142584254903,4.456602764453209,0.0009896091044037606,1.8297872340425532,1.0361302461817883
FBLN5,6201,0.007418158361554588,53,0.008547008547008548,0.0,0.0,0.0,2546,0.014532600157109192,100,0.03927729772191673,0.0,0.0,0.0,0.007114441795554604,4.595443833464257,0.0,1.8867924528301887,1.0359199266565564
PDX1,6201,0.0032252862441541686,20,0.0032252862441541686,0.0,0.0,0.0,2546,0.013747054202670856,35,0.013747054202670856,0.0,0.0,0.05714285714285714,0.010521767958516687,4.2622741555380985,0.05714285714285714,1.75,1.0350807268167808
IL18R1,6201,0.010965973230124174,76,0.01225608772778584,0.0,0.0,0.0,2546,0.015710919088766692,128,0.05027494108405342,0.0,0.0,0.09375,0.004744945858642519,4.102038285029148,0.09375,1.6842105263157894,1.034987888915907
ABCA2,6201,0.01967424608934043,154,0.0248347040799871,0.0,0.0,0.0,2546,0.05852317360565593,274,0.10761979575805185,0.0,1.0,0.014598540145985401,0.0388489275163155,4.333443853868049,0.014598540145985401,1.7792207792207793,1.0342974430595762
SYNGR2,6201,0.0024189646831156266,16,0.002580228995323335,0.0,0.0,0.0,2546,0.01178318931657502,30,0.01178318931657502,0.0,0.0,0.0,0.009364224633459393,4.5667223095051055,0.0,1.875,1.033023470497637
LTA4H,6201,0.004999193678438961,33,0.005321722302854378,0.0,0.0,0.0,2546,0.012175962293794187,51,0.020031421838177535,0.0,0.0,0.1568627450980392,0.007176768615355226,3.7640862672284516,0.1568627450980392,1.5454545454545454,1.0319980926329408
IL17RA,6201,0.009837123044670215,64,0.01032091598129334,0.0,0.0,0.0,2546,0.02631578947368421,115,0.045168892380204245,0.0,0.0,0.02608695652173913,0.016478666429013994,4.376442213275727,0.02608695652173913,1.796875,1.031445299162469
SPTAN1,6201,0.028543783260764392,235,0.037897113368811484,0.0,0.0,0.0,2546,0.044383346425765906,411,0.16142969363707776,0.0,0.0,0.04866180048661801,0.015839563165001513,4.259683107419231,0.04866180048661801,1.748936170212766,1.0314249622886564
NR1D2,6201,0.006289308176100629,46,0.007418158361554588,0.0,0.0,0.0,2546,0.018460329929300863,78,0.030636292223095052,0.0,0.0,0.07692307692307693,0.012171021753200234,4.129905392943749,0.07692307692307693,1.6956521739130435,1.0310341352076593
GPX8,6201,0.002580228995323335,17,0.0027414933075310434,0.0,0.0,0.0,2546,0.006284367635506678,32,0.012568735271013355,0.0,0.0,0.0,0.0037041386401833426,4.5846310244443425,0.0,1.8823529411764706,1.0305753229658672
CDKN3,6201,0.0019351717464925011,12,0.0019351717464925011,0.0,0.0,0.0,2546,0.00432050274941084,20,0.007855459544383346,0.0,0.0,0.1,0.0023853310029183393,4.059308719560094,0.1,1.6666666666666667,1.030468007721709
FOSB,6201,0.004999193678438961,32,0.00516045799064667,0.0,0.0,0.0,2546,0.016889238020424194,57,0.022388059701492536,0.0,0.0,0.03508771929824561,0.011890044341985234,4.338386194029851,0.03508771929824561,1.78125,1.0287539795216525
MSRB2,6201,0.0024189646831156266,15,0.0024189646831156266,0.0,0.0,0.0,2546,0.010997643362136685,28,0.010997643362136685,0.0,0.0,0.0,0.008578678679021057,4.546425765907306,0.0,1.8666666666666667,1.0285852122735593
MAF,6201,0.00306402193194646,22,0.0035478148685695854,0.0,0.0,0.0,2546,0.014532600157109192,37,0.014532600157109192,0.0,0.0,0.08108108108108109,0.011468578225162732,4.09621152610155,0.08108108108108109,1.6818181818181819,1.0278999044164023
PITPNB,6201,0.00306402193194646,19,0.00306402193194646,0.0,0.0,0.0,2546,0.007462686567164179,33,0.012961508248232521,0.0,0.0,0.06060606060606061,0.004398664635217719,4.230226981436309,0.06060606060606061,1.736842105263158,1.0263122217086362
TSKU,6201,0.0038703434929850023,29,0.004676665054023544,0.0,0.0,0.0,2546,0.01178318931657502,54,0.021209740769835034,0.0,0.0,0.0,0.007912845823590017,4.53522767288783,0.0,1.8620689655172413,1.0258983638913612
PPT1,6201,0.0035478148685695854,24,0.0038703434929850023,0.0,0.0,0.0,2546,0.010604870384917517,38,0.014925373134328358,0.0,0.0,0.13157894736842105,0.007057055516347931,3.8563432835820897,0.13157894736842105,1.5833333333333333,1.025774566248587
AREG,6201,0.002257700370907918,17,0.0027414933075310434,0.0,0.0,0.0,2546,0.011390416339355853,29,0.011390416339355853,0.0,0.0,0.06896551724137931,0.009132715968447934,4.154821865902685,0.06896551724137931,1.7058823529411764,1.0248836139257596
OLR1,6201,0.002580228995323335,17,0.0027414933075310434,0.0,0.0,0.0,2546,0.011390416339355853,29,0.011390416339355853,0.0,0.0,0.06896551724137931,0.008810187344032518,4.154821865902685,0.06896551724137931,1.7058823529411764,1.024561085301344
NFASC,6201,0.024350911143363973,186,0.02999516207063377,0.0,0.0,0.0,2546,0.05027494108405342,323,0.12686567164179105,0.0,0.75,0.03715170278637771,0.025924029940689448,4.229537794896485,0.03715170278637771,1.7365591397849462,1.0242514506017781
ALDH6A1,6201,0.00516045799064667,33,0.005321722302854378,0.0,0.0,0.0,2546,0.014925373134328358,56,0.02199528672427337,0.0,0.0,0.07142857142857142,0.009764915143681687,4.1331143326430055,0.07142857142857142,1.696969696969697,1.0237588633815706
LATS1,6201,0.01435252378648605,102,0.01644895984518626,0.0,0.0,0.0,2546,0.029065200314218383,158,0.062058130400628436,0.0,0.0,0.13924050632911392,0.014712676527732333,3.772769280532323,0.13924050632911392,1.5490196078431373,1.0237327006927182
GNL3,6201,0.004515400741815836,28,0.004515400741815836,0.0,0.0,0.0,2546,0.01178318931657502,52,0.0204241948153967,0.0,0.0,0.0,0.007267788574759183,4.523229716081248,0.0,1.8571428571428572,1.0230833906963366
PES1,6201,0.006934365424931463,44,0.007095629737139171,0.0,0.0,0.0,2546,0.014532600157109192,71,0.02788688138256088,0.0,0.0,0.11267605633802817,0.007598234732177729,3.9301488966650004,0.11267605633802817,1.6136363636363635,1.0224963002720693
CLCN2,6201,0.01241735203999355,83,0.0133849379132398,0.0,0.0,0.0,2546,0.02474469756480754,136,0.05341712490180676,0.0,0.0,0.09558823529411764,0.01232734552481399,3.99083845200125,0.09558823529411764,1.6385542168674698,1.0223723223607066
MYH10,6201,0.02467343976777939,187,0.030156426382841477,0.0,0.0,0.0,2546,0.046347211311861744,324,0.1272584446190102,0.0,0.0,0.040123456790123455,0.021673771544082353,4.219944465681723,0.040123456790123455,1.732620320855615,1.0211368108539254
AP4B1,6201,0.008708272859216255,61,0.009837123044670215,0.0,0.0,0.0,2546,0.021602513747054203,111,0.04359780047132757,0.0,0.0,0.009009009009009009,0.012894240887837949,4.4319665692246275,0.009009009009009009,1.819672131147541,1.0210573051606298
NFE2L1,6201,0.009514594420254797,64,0.01032091598129334,0.0,0.0,0.0,2546,0.0204241948153967,109,0.04281225451688924,0.0,0.0,0.06422018348623854,0.010909600395141904,4.148106097800471,0.06422018348623854,1.703125,1.0206115023612932
HUS1,6201,0.0038703434929850023,24,0.0038703434929850023,0.0,0.0,0.0,2546,0.009033778476040848,42,0.016496465043205028,0.0,0.0,0.047619047619047616,0.0051634349830558465,4.262274155538099,0.047619047619047616,1.75,1.0201985843175105
DLK2,6201,0.0035478148685695854,26,0.0041928721174004195,0.0,0.0,0.0,2546,0.00864100549882168,47,0.018460329929300863,0.0,0.0,0.02127659574468085,0.0050931906302520945,4.402788688138256,0.02127659574468085,1.8076923076923077,1.0201378498136802
TSC1,6201,0.014997581035316884,104,0.016771488469601678,0.0,0.0,0.0,2546,0.02474469756480754,183,0.07187745483110762,0.0,0.0,0.03825136612021858,0.009747116529490656,4.285693244304792,0.03825136612021858,1.7596153846153846,1.0198550848635501
HBQ1,6201,0.001128850185453959,7,0.001128850185453959,0.0,0.0,0.0,2546,0.005106048703849175,13,0.005106048703849175,0.0,0.0,0.0,0.003977198518395216,4.523229716081248,0.0,1.8571428571428572,1.0197928006399726
SLA,6201,0.005805515239477504,38,0.00612804386389292,0.0,0.0,0.0,2546,0.010604870384917517,68,0.02670856245090338,0.0,0.0,0.029411764705882353,0.004799355145440013,4.35841567784347,0.029411764705882353,1.7894736842105263,1.019732288189083
PIAS2,6201,0.006773101112723754,48,0.0077406869859700045,0.0,0.0,0.0,2546,0.014139827179890024,85,0.03338570306362922,0.0,0.0,0.03529411764705882,0.00736672606716627,4.313015514532601,0.03529411764705882,1.7708333333333333,1.019673230726596
CAPG,6201,0.004031607805192711,32,0.00516045799064667,0.0,0.0,0.03125,2546,0.010604870384917517,57,0.022388059701492536,0.0,0.0,0.0,0.006573262579724806,4.338386194029851,-0.03125,1.78125,1.0195994784611466
SUPV3L1,6201,0.008063215610385421,58,0.009353330108047089,0.0,0.0,0.0,2546,0.016889238020424194,107,0.0420267085624509,0.0,0.0,0.0,0.008826022410038773,4.493234824064794,0.0,1.8448275862068966,1.019196144990043
ABL1,6201,0.014836316723109175,114,0.018384131591678763,0.0,0.0,0.0,2546,0.0408483896307934,190,0.07462686567164178,0.0,0.0,0.06315789473684211,0.026012072907684227,4.059308719560094,0.06315789473684211,1.6666666666666667,1.017252644363317
IKZF4,6201,0.006773101112723754,46,0.007418158361554588,0.0,0.0,0.0,2546,0.010604870384917517,80,0.031421838177533384,0.0,0.0,0.05,0.003831769272193763,4.235800403019229,0.05,1.7391304347826086,1.016204315907114
LRIG1,6201,0.01983551040154814,160,0.02580228995323335,0.0,0.0,0.0,2546,0.032992930086410056,290,0.11390416339355852,0.0,0.0,0.006896551724137931,0.013157419684861917,4.414498232521603,0.006896551724137931,1.8125,1.0159870045010206
MYL1,6201,0.006289308176100629,48,0.0077406869859700045,0.0,0.0,0.0,2546,0.030243519245875882,84,0.032992930086410056,0.0,0.0,0.023809523809523808,0.02395421106977525,4.262274155538099,0.023809523809523808,1.75,1.0151798365947062
RAB14,6201,0.0017739074342847927,11,0.0017739074342847927,0.0,0.0,0.0,2546,0.007462686567164179,19,0.007462686567164179,0.0,0.0,0.05263157894736842,0.005688779132879386,4.206919945725916,0.05263157894736842,1.7272727272727273,1.0151616772264185
PFN2,6201,0.0017739074342847927,11,0.0017739074342847927,0.0,0.0,0.0,2546,0.007462686567164179,19,0.007462686567164179,0.0,0.0,0.05263157894736842,0.005688779132879386,4.206919945725916,0.05263157894736842,1.7272727272727273,1.0151616772264185
BRAF,6201,0.0706337687469763,470,0.07579422673762297,0.0,1.0,0.0,2546,0.09033778476040849,807,0.31696779261586805,0.0,1.0,0.04337050805452292,0.01970401601343219,4.181951663853186,0.04337050805452292,1.7170212765957447,1.0151090979033799
PRDM2,6201,0.022738268021286888,172,0.02773746169972585,0.0,0.0,0.0,2546,0.06166535742340927,289,0.11351139041633936,0.0,1.0,0.04152249134948097,0.03892708940212238,4.0923496044867465,0.04152249134948097,1.680232558139535,1.0150417361275474
MMP8,6201,0.007901951298177712,53,0.008547008547008548,0.0,0.0,0.0,2546,0.0204241948153967,89,0.034956794972505895,0.0,0.0,0.06741573033707865,0.012522243517218989,4.08994501178319,0.06741573033707865,1.679245283018868,1.0140578206124151
RELA,6201,0.006934365424931463,50,0.008063215610385421,0.0,0.0,0.0,2546,0.016889238020424194,89,0.034956794972505895,0.0,0.0,0.02247191011235955,0.009954872595492732,4.335341712490181,0.02247191011235955,1.78,1.013632535926389
DNAJB4,6201,0.005321722302854378,34,0.005482986615062087,0.0,0.0,0.0,2546,0.009819324430479183,50,0.019638648860958365,0.0,0.0,0.18,0.004497602127624805,3.5817429878471416,0.18,1.4705882352941178,1.0134299123293955
CDKN2AIP,6201,0.0041928721174004195,30,0.004837929366231253,0.0,0.0,0.0,2546,0.01728201099764336,45,0.01767478397486253,0.0,0.0,0.15555555555555556,0.013089138880242941,3.653377847604085,0.15555555555555556,1.5,1.0130908886002448
HINT1,6201,0.0006450572488308337,4,0.0006450572488308337,0.0,0.0,0.0,2546,0.002356637863315004,6,0.002356637863315004,0.0,0.0,0.16666666666666666,0.0017115806144841705,3.653377847604085,0.16666666666666666,1.5,1.0128244414455971
DGKA,6201,0.009675858732462506,71,0.011449766166747298,0.0,0.0,0.0,2546,0.016496465043205028,120,0.04713275726630008,0.0,0.0,0.06666666666666667,0.006820606310742522,4.11648208180742,0.06666666666666667,1.6901408450704225,1.0128072019150431
CALM3,6201,0.0012901144976616675,8,0.0012901144976616675,0.0,0.0,0.0,2546,0.0027494108405341712,12,0.004713275726630008,0.0,0.0,0.16666666666666666,0.0014592963428725037,3.653377847604085,0.16666666666666666,1.5,1.0125721571739854
SMAD6,6201,0.0035478148685695854,26,0.0041928721174004195,0.0,0.0,0.0,2546,0.018067556952081697,46,0.018067556952081697,0.0,0.0,0.021739130434782608,0.01451974208351211,4.309112333071484,0.021739130434782608,1.7692307692307692,1.0125363443248252
CTLA4,6201,0.002902757619738752,18,0.002902757619738752,0.0,0.0,0.0,2546,0.010604870384917517,29,0.011390416339355853,0.0,0.0,0.10344827586206896,0.007702112765178765,3.9239984289080914,0.10344827586206896,1.6111111111111112,1.01212409732124
ADORA2B,6201,0.0020964360587002098,14,0.002257700370907918,0.0,0.0,0.0,2546,0.007855459544383346,20,0.007855459544383346,0.0,0.0,0.2,0.005759023485683136,3.479407473908652,0.2,1.4285714285714286,1.012102620317221
TIPIN,6201,0.003386550556361877,23,0.003709079180777294,0.0,0.0,0.0,2546,0.007462686567164179,37,0.014532600157109192,0.0,0.0,0.10810810810810811,0.004076136010802302,3.918115372792787,0.10810810810810811,1.608695652173913,1.0119624663687297
ETFA,6201,0.00306402193194646,19,0.00306402193194646,0.0,0.0,0.0,2546,0.007069913589945012,31,0.012175962293794187,0.0,0.0,0.0967741935483871,0.004005891657998552,3.973849588621987,0.0967741935483871,1.631578947368421,1.0118270100493174
SLC22A12,6201,0.010643444605708756,71,0.011449766166747298,0.0,0.0,0.0,2546,0.02356637863315004,124,0.04870384917517675,0.0,0.0,0.03225806451612903,0.012922934027441282,4.253698151201,0.03225806451612903,1.7464788732394365,1.0109660563596254
IGF2,6201,0.002902757619738752,18,0.002902757619738752,0.0,0.0,0.0,2546,0.008248232521602514,33,0.012961508248232521,0.0,0.0,0.0,0.005345474901863762,4.465239591516104,0.0,1.8333333333333333,1.0106062560919722
KPTN,6201,0.004999193678438961,33,0.005321722302854378,0.0,0.0,0.0,2546,0.014532600157109192,55,0.021602513747054203,0.0,0.0,0.07272727272727272,0.00953340647867023,4.059308719560095,0.07272727272727272,1.6666666666666667,1.010343355924734
LTF,6201,0.0133849379132398,93,0.014997581035316884,0.0,0.0,0.0,2546,0.024351924587588374,168,0.06598586017282011,0.0,0.0,0.005952380952380952,0.010966986674348575,4.3997668702328765,0.005952380952380952,1.8064516129032258,1.0101279675259707
DPYSL3,6201,0.009030801483631673,65,0.010482180293501049,0.0,0.0,0.0,2546,0.028279654359780047,117,0.04595443833464258,0.0,0.0,0.0,0.019248852876148373,4.3840534171249015,0.0,1.8,1.0095431860664892
SCUBE2,6201,0.012739880664408966,89,0.01435252378648605,0.0,0.0,0.0,2546,0.02749410840534171,144,0.056559308719560095,0.0,0.0,0.09027777777777778,0.014754227740932746,3.940722172696541,0.09027777777777778,1.6179775280898876,1.0093963342790222
CRB3,6201,0.0009675858732462506,6,0.0009675858732462506,0.0,0.0,0.0,2546,0.00432050274941084,11,0.00432050274941084,0.0,0.0,0.0,0.0033529168761645897,4.465239591516103,0.0,1.8333333333333333,1.008613698066273
CASP1,6201,0.007418158361554588,50,0.008063215610385421,0.0,0.0,0.0,2546,0.010997643362136685,70,0.02749410840534171,0.0,0.0,0.21428571428571427,0.003579485000582097,3.409819324430479,0.21428571428571427,1.4,1.008551737828934
IL18,6201,0.0019351717464925011,12,0.0019351717464925011,0.0,0.0,0.0,2546,0.005106048703849175,22,0.00864100549882168,0.0,0.0,0.0,0.0031708769573566744,4.465239591516103,0.0,1.8333333333333333,1.008431658147465
DTNA,6201,0.014997581035316884,101,0.01628769553297855,0.0,0.0,0.0,2546,0.018853102906520033,185,0.07266300078554595,0.0,0.0,0.0,0.0038555218712031485,4.461220473971985,0.0,1.8316831683168318,1.0083806361204555
PPP4C,6201,0.0038703434929850023,28,0.004515400741815836,0.0,0.0,0.0,2546,0.00864100549882168,46,0.018067556952081697,0.0,0.0,0.08695652173913043,0.0047706620058366785,4.00131859499495,0.08695652173913043,1.6428571428571428,1.0082815998503694
ANLN,6201,0.013223673601032092,93,0.014997581035316884,0.0,0.0,0.010752688172043012,2546,0.028279654359780047,156,0.061272584446190104,0.0,0.0,0.07051282051282051,0.015055980758747955,4.085497808073385,0.0597601323407775,1.6774193548387097,1.008061854608034
ELF1,6201,0.009514594420254797,67,0.010804708917916465,0.0,0.0,0.0,2546,0.0192458758837392,118,0.046347211311861744,0.0,0.0,0.025423728813559324,0.009731281463484402,4.289538169326189,0.025423728813559324,1.7611940298507462,1.0077387691913726
ITGA10,6201,0.019351717464925013,124,0.019996774713755845,0.0,0.0,0.0,2546,0.034171249018067555,203,0.07973291437549096,0.0,0.0,0.07881773399014778,0.014819531553142543,3.9872887261485443,0.07881773399014778,1.6370967741935485,1.0073825056301173
IL13,6201,0.0017739074342847927,14,0.002257700370907918,0.0,0.0,0.0,2546,0.0054988216810683424,23,0.009033778476040848,0.0,0.0,0.08695652173913043,0.0037249142467835495,4.00131859499495,0.08695652173913043,1.6428571428571428,1.0072358520913163
CD40,6201,0.003709079180777294,23,0.003709079180777294,0.0,0.0,0.0,2546,0.00864100549882168,42,0.016496465043205028,0.0,0.0,0.0,0.0049319263180443865,4.44759042317019,0.0,1.826086956521739,1.006958132478579
HEY1,6201,0.002902757619738752,21,0.003386550556361877,0.0,0.0,0.0,2546,0.007462686567164179,33,0.012961508248232521,0.0,0.0,0.12121212121212122,0.004559928947425428,3.8273482212995176,0.12121212121212122,1.5714285714285714,1.0069221639907653
KDM4B,6201,0.012094823415578132,83,0.0133849379132398,0.0,0.0,0.0,2546,0.04831107619795758,127,0.04988216810683425,0.0,0.0,0.11023622047244094,0.03621625278237945,3.7267388485599904,0.11023622047244094,1.5301204819277108,1.0065407962186546
SHROOM1,6201,0.006773101112723754,48,0.0077406869859700045,0.0,0.0,0.0,2546,0.028672427336999214,82,0.03220738413197172,0.0,0.0,0.036585365853658534,0.02189932622427546,4.160791437549096,0.036585365853658534,1.7083333333333333,1.006427458620027
TRIB1,6201,0.004515400741815836,34,0.005482986615062087,0.0,0.0,0.0,2546,0.01610369206598586,59,0.023173605655930872,0.0,0.0,0.03389830508474576,0.011588291324170021,4.226456725659627,0.03389830508474576,1.7352941176470589,1.0060729740118857
PDE4DIP,6201,0.04434768585711982,387,0.062409288824383166,0.0,0.0,0.0,2546,0.0624509033778476,683,0.26826394344069127,0.0,1.0,0.013177159590043924,0.018103217520727785,4.298461791410146,0.013177159590043924,1.7648578811369509,1.0055497469487742
HSPA4L,6201,0.009353330108047089,70,0.01128850185453959,0.0,0.0,0.0,2546,0.01767478397486253,127,0.04988216810683425,0.0,0.0,0.0,0.008321453866815442,4.418847491863988,0.0,1.8142857142857143,1.0050574262698677
CD274,6201,0.002902757619738752,19,0.00306402193194646,0.0,0.0,0.0,2546,0.007462686567164179,32,0.012568735271013355,0.0,0.0,0.0625,0.004559928947425428,4.102038285029148,0.0625,1.6842105263157894,1.00355287200469
CDC45,6201,0.006934365424931463,48,0.0077406869859700045,0.0,0.0,0.0,2546,0.014532600157109192,87,0.034171249018067555,0.0,0.0,0.0,0.007598234732177729,4.414498232521603,0.0,1.8125,1.0035312678241985
FOXA2,6201,0.007418158361554588,46,0.007418158361554588,0.0,0.0,0.0,2546,0.018460329929300863,83,0.03260015710919089,0.0,0.0,0.0,0.011042171567746275,4.39464291813245,0.0,1.8043478260869565,1.003301399970863
ALOX15B,6201,0.008708272859216255,54,0.008708272859216255,0.0,0.0,0.0,2546,0.023173605655930872,97,0.03809897879025923,0.0,0.0,0.0,0.014465332796714617,4.375032731081435,0.0,1.7962962962962963,1.0030828157354779
PACRG,6201,0.004999193678438961,32,0.00516045799064667,0.0,0.0,0.0,2546,0.018460329929300863,55,0.021602513747054203,0.0,0.0,0.03636363636363636,0.013461136250861903,4.186162117046347,0.03636363636363636,1.71875,1.0026715392004257
SRP19,6201,0.0020964360587002098,13,0.0020964360587002098,0.0,0.0,0.0,2546,0.006284367635506678,21,0.008248232521602514,0.0,0.0,0.09523809523809523,0.004187931576806468,3.934406912804399,0.09523809523809523,1.6153846153846154,1.0025113321420225
SRGN,6201,0.0017739074342847927,11,0.0017739074342847927,0.0,0.0,0.0,2546,0.0054988216810683424,20,0.007855459544383346,0.0,0.0,0.0,0.0037249142467835495,4.428336784974649,0.0,1.8181818181818181,1.0022105196032751
RAPGEF3,6201,0.009998387356877922,69,0.011127237542331882,0.0,0.0,0.028985507246376812,2546,0.028672427336999214,120,0.04713275726630008,0.0,0.0,0.05,0.018674039980121293,4.235800403019228,0.02101449275362319,1.7391304347826086,1.0020610793686644
NAV2,6201,0.03160780519271085,239,0.03854217061764231,0.0,0.0,0.0,2546,0.05145326001571092,412,0.16182246661429694,0.0,1.0,0.02669902912621359,0.01984545482300007,4.1985820731182235,0.02669902912621359,1.7238493723849373,1.001783213546682
HSPH1,6201,0.009192065795839382,63,0.010159651669085631,0.0,0.0,0.0,2546,0.018067556952081697,110,0.04320502749410841,0.0,0.0,0.02727272727272727,0.008875491156242315,4.2526091347772415,0.02727272727272727,1.746031746031746,1.0017259690726725
CSAD,6201,0.006611836800516046,43,0.006934365424931463,0.0,0.0,0.0,2546,0.01335428122545169,70,0.02749410840534171,0.0,0.0,0.08571428571428572,0.006742444424935643,3.9649061911982315,0.08571428571428572,1.627906976744186,1.0017039528794347
FOXN3,6201,0.0059667795516852125,41,0.006611836800516046,0.0,0.0,0.0,2546,0.020031421838177535,71,0.02788688138256088,0.0,0.0,0.028169014084507043,0.014064642286492322,4.2177207671526835,0.028169014084507043,1.7317073170731707,1.001147147707858
FTCD,6201,0.006289308176100629,43,0.006934365424931463,0.0,0.0,0.0,2546,0.029065200314218383,75,0.02945797329143755,0.0,0.0,0.013333333333333334,0.022775892138117752,4.2481137762838195,0.013333333333333334,1.744186046511628,1.0008307762504176
AFF1,6201,0.014997581035316884,104,0.016771488469601678,0.0,0.0,0.0,2546,0.029850746268656716,176,0.06912804399057344,0.0,0.0,0.045454545454545456,0.014853165233339832,4.121759622937941,0.045454545454545456,1.6923076923076923,1.0006585864912318
PLAT,6201,0.008385744234800839,59,0.009514594420254797,0.0,0.0,0.0,2546,0.019638648860958365,106,0.041633935585231735,0.0,0.0,0.0,0.011252904626157526,4.375797196000373,0.0,1.7966101694915255,1.0000126026172302
ITGA6,6201,0.01241735203999355,89,0.01435252378648605,0.0,0.0,0.0,2546,0.031421838177533384,148,0.05813040062843677,0.0,0.0,0.05405405405405406,0.019004486137539835,4.0501866774936675,0.05405405405405406,1.6629213483146068,0.9993365680760273
CDH4,6201,0.025963554265441058,188,0.030317690695049186,0.0,0.0,0.0,2546,0.05106048703849175,328,0.12882953652788687,0.0,1.0,0.009146341463414634,0.025096932773050695,4.249318914943758,0.009146341463414634,1.7446808510638299,0.9991944313774216
STIP1,6201,0.00612804386389292,42,0.006773101112723754,0.0,0.0,0.0,2546,0.01021209740769835,68,0.02670856245090338,0.0,0.0,0.08823529411764706,0.00408405354380543,3.943328470429806,0.08823529411764706,1.619047619047619,0.9972110508531129
SPI1,6201,0.003709079180777294,25,0.004031607805192711,0.0,0.0,0.0,2546,0.009819324430479183,45,0.01767478397486253,0.0,0.0,0.0,0.006110245249701889,4.384053417124902,0.0,1.8,0.9964045784400429
TLX1,6201,0.0027414933075310434,18,0.002902757619738752,0.0,0.0,0.0,2546,0.012175962293794187,31,0.012175962293794187,0.0,0.0,0.03225806451612903,0.009434468986263144,4.194619010212097,0.03225806451612903,1.7222222222222223,0.9961686370202865
SKP2,6201,0.004676665054023544,29,0.004676665054023544,0.0,0.0,0.0,2546,0.010997643362136685,44,0.01728201099764336,0.0,0.0,0.13636363636363635,0.006320978308113141,3.69537069642712,0.13636363636363635,1.5172413793103448,0.9961144992307346
HOXD11,6201,0.00306402193194646,19,0.00306402193194646,0.0,0.0,0.0,2546,0.01335428122545169,34,0.01335428122545169,0.0,0.0,0.0,0.01029025929350523,4.35841567784347,0.0,1.7894736842105263,0.9958114276312658
TUBGCP3,6201,0.010965973230124174,76,0.01225608772778584,0.0,0.0,0.0,2546,0.032992930086410056,129,0.05066771406127259,0.0,0.0,0.031007751937984496,0.022026956856285883,4.134085459130938,0.031007751937984496,1.6973684210526316,0.9957892562656038
COX6B1,6201,0.0016126431220770843,10,0.0016126431220770843,0.0,0.0,0.0,2546,0.007069913589945012,18,0.007069913589945012,0.0,0.0,0.0,0.005457270467867928,4.3840534171249015,0.0,1.8,0.9957516036582087
AUH,6201,0.003709079180777294,25,0.004031607805192711,0.0,0.0,0.0,2546,0.008248232521602514,45,0.01767478397486253,0.0,0.0,0.0,0.00453915334082522,4.384053417124902,0.0,1.8,0.9948334865311662
PRMT5,6201,0.007095629737139171,50,0.008063215610385421,0.0,0.0,0.0,2546,0.011390416339355853,90,0.03534956794972506,0.0,0.0,0.0,0.004294786602216682,4.384053417124902,0.0,1.8,0.9945891197925577
BATF2,6201,0.002902757619738752,20,0.0032252862441541686,0.0,0.0,0.0,2546,0.007069913589945012,36,0.014139827179890024,0.0,0.0,0.0,0.00416715597020626,4.3840534171249015,0.0,1.8,0.994461489160547
CITED2,6201,0.0024189646831156266,17,0.0027414933075310434,0.0,0.0,0.0,2546,0.006284367635506678,28,0.010997643362136685,0.0,0.0,0.07142857142857142,0.003865402952391051,4.011552146388799,0.07142857142857142,1.6470588235294117,0.9938924705951311
RGS4,6201,0.005482986615062087,38,0.00612804386389292,0.0,0.0,0.0,2546,0.011390416339355853,63,0.02474469756480754,0.0,0.0,0.06349206349206349,0.005907429724293766,4.037943936825568,0.06349206349206349,1.6578947368421053,0.993250362463295
ATG10,6201,0.0020964360587002098,13,0.0020964360587002098,0.0,0.0,0.0,2546,0.00864100549882168,22,0.00864100549882168,0.0,0.0,0.045454545454545456,0.006544569440121471,4.121759622937941,0.045454545454545456,1.6923076923076923,0.9923499906980136
IKBKB,6201,0.01032091598129334,72,0.011611030478955007,0.0,0.0,0.013888888888888888,2546,0.019638648860958365,123,0.04831107619795758,0.0,0.0,0.04878048780487805,0.009317732879665025,4.160791437549097,0.03489159891598916,1.7083333333333333,0.9921520983377473
GSR,6201,0.005644250927269795,41,0.006611836800516046,0.0,0.0,0.0,2546,0.015318146111547526,73,0.028672427336999214,0.0,0.0,0.0,0.00967389518427773,4.336529802847124,0.0,1.7804878048780488,0.9911023066985301
ANXA4,6201,0.004999193678438961,33,0.005321722302854378,0.0,0.0,0.0,2546,0.010604870384917517,59,0.023173605655930872,0.0,0.0,0.0,0.005605676706478556,4.354531171891738,0.0,1.7878787878787878,0.9904016466135066
GLI1,6201,0.018222867279471054,140,0.02257700370907918,0.0,0.0,0.0,2546,0.03613511390416339,235,0.09230164964650432,0.0,0.0,0.03829787234042553,0.01791224662469234,4.088303781842667,0.03829787234042553,1.6785714285714286,0.9900074682115266
PRIM1,6201,0.002902757619738752,18,0.002902757619738752,0.0,0.0,0.0,2546,0.012568735271013355,32,0.012568735271013355,0.0,0.0,0.0,0.009665977651274603,4.329929300864101,0.0,1.7777777777777777,0.9898567708028924
CNN3,6201,0.002902757619738752,23,0.003709079180777294,0.0,0.0,0.0,2546,0.008248232521602514,41,0.01610369206598586,0.0,0.0,0.0,0.005345474901863762,4.341695413094709,0.0,1.7826086956521738,0.9877413900126534
HNRNPU,6201,0.0075794226737622965,53,0.008547008547008548,0.0,0.0,0.0,2546,0.021602513747054203,87,0.034171249018067555,0.0,0.0,0.05747126436781609,0.014023091073291907,3.9980361351139035,0.05747126436781609,1.6415094339622642,0.9873922371825341
IFIT3,6201,0.005321722302854378,35,0.005644250927269795,0.0,0.0,0.0,2546,0.012568735271013355,57,0.022388059701492536,0.0,0.0,0.07017543859649122,0.007247012968158977,3.9665245202558634,0.07017543859649122,1.6285714285714286,0.9869955747957343
BSG,6201,0.00516045799064667,36,0.005805515239477504,0.0,0.0,0.0,2546,0.01178318931657502,64,0.02513747054202671,0.0,0.0,0.0,0.006622731325928349,4.329929300864101,0.0,1.7777777777777777,0.9868135244775461
XRCC6,6201,0.007901951298177712,51,0.00822447992259313,0.0,0.0,0.0,2546,0.01335428122545169,87,0.034171249018067555,0.0,0.0,0.034482758620689655,0.005452329927273977,4.154821865902685,0.034482758620689655,1.7058823529411764,0.9867204692638959
ACOX1,6201,0.006934365424931463,47,0.0075794226737622965,0.0,0.0,0.02127659574468085,2546,0.018853102906520033,80,0.031421838177533384,0.0,0.0,0.05,0.01191873748158857,4.145676990189032,0.028723404255319152,1.702127659574468,0.9856519039621054
AP3B1,6201,0.011127237542331882,84,0.013546202225447508,0.0,0.0,0.0,2546,0.029850746268656716,131,0.05145326001571092,0.0,0.0,0.0916030534351145,0.018723508726324833,3.7983531590169455,0.0916030534351145,1.5595238095238095,0.985452148774388
PFKFB1,6201,0.007418158361554588,50,0.008063215610385421,0.0,0.0,0.0,2546,0.012961508248232521,72,0.028279654359780047,0.0,0.0,0.16666666666666666,0.005543349886677934,3.5072427336999215,0.16666666666666666,1.44,0.9847484352962519
CCT5,6201,0.0077406869859700045,59,0.009514594420254797,0.0,0.0,0.0,2546,0.011390416339355853,105,0.04124116260801257,0.0,0.0,0.0,0.0036497293533858484,4.334516090377728,0.0,1.7796610169491525,0.9847007247242818
RABEP1,6201,0.00725689404934688,63,0.010159651669085631,0.0,0.0,0.0,2546,0.019638648860958365,96,0.037706205813040065,0.0,0.0,0.11458333333333333,0.012381754811611485,3.711367972169229,0.11458333333333333,1.5238095238095237,0.9837962133948124
EIF3B,6201,0.008708272859216255,59,0.009514594420254797,0.0,0.0,0.0,2546,0.02631578947368421,98,0.0384917517674784,0.0,0.0,0.04081632653061224,0.017607516614467952,4.045548351019213,0.04081632653061224,1.6610169491525424,0.9837830024602203
HACL1,6201,0.005805515239477504,39,0.006289308176100629,0.0,0.0,0.02564102564102564,2546,0.010997643362136685,67,0.02631578947368421,0.0,0.0,0.0,0.005192128122659181,4.184210526315789,-0.02564102564102564,1.7179487179487178,0.9833035422153421
TOMM40,6201,0.0027414933075310434,17,0.0027414933075310434,0.0,0.0,0.0,2546,0.01178318931657502,30,0.01178318931657502,0.0,0.0,0.0,0.009041696009043976,4.29809158541657,0.0,1.7647058823529411,0.9832411929401563
HSPA1A,6201,0.0020964360587002098,13,0.0020964360587002098,0.0,0.0,0.0,2546,0.009033778476040848,23,0.009033778476040848,0.0,0.0,0.0,0.006937342417340639,4.309112333071484,0.0,1.7692307692307692,0.9832148142238711
APOA1,6201,0.0035478148685695854,22,0.0035478148685695854,0.0,0.0,0.0,2546,0.009819324430479183,35,0.013747054202670856,0.0,0.0,0.08571428571428572,0.006271509561909597,3.8747946868528174,0.08571428571428572,1.5909090909090908,0.9829166027618065
HGFAC,6201,0.009675858732462506,65,0.010482180293501049,0.0,0.0,0.0,2546,0.028672427336999214,112,0.04399057344854674,0.0,0.0,0.008928571428571428,0.018996568604536707,4.196700706991359,0.008928571428571428,1.7230769230769232,0.9828019042685554
CHMP1A,6201,0.0020964360587002098,13,0.0020964360587002098,0.0,0.0,0.0,2546,0.008248232521602514,23,0.009033778476040848,0.0,0.0,0.0,0.006151796462902304,4.309112333071484,0.0,1.7692307692307692,0.9824292682694328
ADCYAP1,6201,0.003709079180777294,26,0.0041928721174004195,0.0,0.0,0.0,2546,0.016889238020424194,43,0.016889238020424194,0.0,0.0,0.046511627906976744,0.013180158839646901,4.02808326787117,0.046511627906976744,1.6538461538461537,0.9815834576111164
RAD23A,6201,0.004999193678438961,33,0.005321722302854378,0.0,0.0,0.0,2546,0.014139827179890024,50,0.019638648860958365,0.0,0.0,0.12,0.009140633501451063,3.6902806541455404,0.12,1.5151515151515151,0.9814858745784927
RACGAP1,6201,0.006934365424931463,49,0.007901951298177712,0.0,0.0,0.02040816326530612,2546,0.01021209740769835,84,0.032992930086410056,0.0,0.0,0.047619047619047616,0.0032777319827668877,4.175288968690383,0.027210884353741496,1.7142857142857142,0.9812366127294972
TMEM176B,6201,0.006289308176100629,47,0.0075794226737622965,0.0,0.0,0.0,2546,0.014139827179890024,79,0.031029065200314218,0.0,0.0,0.0379746835443038,0.007850519003789394,4.093856027811669,0.0379746835443038,1.6808510638297873,0.9807131350544595
CKAP4,6201,0.0077406869859700045,55,0.008869537171423964,0.0,0.0,0.0,2546,0.030243519245875882,80,0.031421838177533384,0.0,0.0,0.1375,0.02250283225990588,3.5426694279797184,0.1375,1.4545454545454546,0.9803704706920794
IL4R,6201,0.013223673601032092,84,0.013546202225447508,0.0,0.0,0.0,2546,0.025923016496465043,147,0.05773762765121759,0.0,0.0,0.0,0.01269934289543295,4.2622741555380985,0.0,1.75,0.9801154446108399
BPNT1,6201,0.003709079180777294,26,0.0041928721174004195,0.0,0.0,0.0,2546,0.007462686567164179,46,0.018067556952081697,0.0,0.0,0.0,0.003753607386386885,4.309112333071484,0.0,1.7692307692307692,0.9800310791929173
IFNGR1,6201,0.006611836800516046,43,0.006934365424931463,0.0,0.0,0.0,2546,0.012175962293794187,68,0.02670856245090338,0.0,0.0,0.08823529411764706,0.005564125493278141,3.8516231571639965,0.08823529411764706,1.5813953488372092,0.9799655595905357
COG2,6201,0.007418158361554588,53,0.008547008547008548,0.0,0.0,0.0,2546,0.02749410840534171,84,0.032992930086410056,0.0,0.0,0.07142857142857142,0.020075950043787122,3.8601728201099763,0.07142857142857142,1.5849056603773586,0.9794313378859956
GREM1,6201,0.0024189646831156266,17,0.0027414933075310434,0.0,0.0,0.0,2546,0.006284367635506678,30,0.01178318931657502,0.0,0.0,0.0,0.003865402952391051,4.29809158541657,0.0,1.7647058823529411,0.9780648998835034
MAPK10,6201,0.008869537171423964,59,0.009514594420254797,0.0,0.0,0.0,2546,0.018067556952081697,97,0.03809897879025923,0.0,0.0,0.05154639175257732,0.009198019780657733,4.0042672453965675,0.05154639175257732,1.6440677966101696,0.9778882285061161
MSH2,6201,0.010482180293501049,72,0.011611030478955007,0.0,0.0,0.0,2546,0.0204241948153967,97,0.03809897879025923,0.0,0.0,0.20618556701030927,0.009942014521895652,3.2812745483110763,0.20618556701030927,1.3472222222222223,0.9772311578962953
HDAC2,6201,0.0038703434929850023,25,0.004031607805192711,0.0,0.0,0.0,2546,0.01610369206598586,41,0.01610369206598586,0.0,0.0,0.04878048780487805,0.012233348573000857,3.9943597800471324,0.04878048780487805,1.64,0.9761758875409606
TRIB3,6201,0.005805515239477504,40,0.006450572488308337,0.0,0.0,0.0,2546,0.014532600157109192,70,0.02749410840534171,0.0,0.0,0.0,0.008727084917631689,4.2622741555380985,0.0,1.75,0.9761431866330386
TUBGCP2,6201,0.012578616352201259,86,0.013868730849862926,0.0,0.0,0.0,2546,0.02513747054202671,142,0.05577376276512176,0.0,0.0,0.04225352112676056,0.012558854189825452,4.0215477082153495,0.04225352112676056,1.6511627906976745,0.9754033893524394
EGR2,6201,0.009514594420254797,65,0.010482180293501049,0.0,0.0,0.0,2546,0.0204241948153967,97,0.03809897879025923,0.0,0.0,0.12371134020618557,0.010909600395141904,3.6346425765907306,0.12371134020618557,1.4923076923076923,0.9750328420816056
ILF2,6201,0.0035478148685695854,23,0.003709079180777294,0.0,0.0,0.0,2546,0.008248232521602514,35,0.013747054202670856,0.0,0.0,0.11428571428571428,0.004700417653032928,3.706325352641825,0.11428571428571428,1.5217391304347827,0.974746375002205
SEC14L2,6201,0.0038703434929850023,24,0.0038703434929850023,0.0,0.0,0.0,2546,0.01021209740769835,42,0.016496465043205028,0.0,0.0,0.0,0.006341753914713349,4.262274155538099,0.0,1.75,0.9737578556301205
CALU,6201,0.0038703434929850023,28,0.004515400741815836,0.0,0.0,0.0,2546,0.01021209740769835,49,0.0192458758837392,0.0,0.0,0.0,0.006341753914713349,4.2622741555380985,0.0,1.75,0.9737578556301203
VPREB1,6201,0.003709079180777294,24,0.0038703434929850023,0.0,0.0,0.0,2546,0.009819324430479183,42,0.016496465043205028,0.0,0.0,0.0,0.006110245249701889,4.262274155538099,0.0,1.75,0.9735263469651091
MNAT1,6201,0.0024189646831156266,15,0.0024189646831156266,0.0,0.0,0.0,2546,0.007855459544383346,25,0.009819324430479183,0.0,0.0,0.04,0.0054364948612677195,4.059308719560094,0.04,1.6666666666666667,0.9735191715800584
MRPS22,6201,0.004999193678438961,33,0.005321722302854378,0.0,0.0,0.0,2546,0.009426551453260016,54,0.021209740769835034,0.0,0.0,0.05555555555555555,0.004427357774821055,3.9855031064771835,0.05555555555555555,1.6363636363636365,0.9733700551593815
SORBS3,6201,0.006450572488308337,42,0.006773101112723754,0.0,0.0,0.0,2546,0.01767478397486253,73,0.028672427336999214,0.0,0.0,0.0,0.011224211486554194,4.233279093255526,0.0,1.7380952380952381,0.9731150902129736
LSM7,6201,0.0008063215610385422,5,0.0008063215610385422,0.0,0.0,0.2,2546,0.003142183817753339,8,0.003142183817753339,0.0,0.0,0.125,0.0023358622567147967,3.896936370777691,-0.07500000000000001,1.6,0.9727984608217496
BARD1,6201,0.009514594420254797,63,0.010159651669085631,0.0,0.0,0.0,2546,0.023959151610369208,109,0.04281225451688924,0.0,0.0,0.0,0.01444455719011441,4.213949051733812,0.0,1.7301587301587302,0.9726349206579524
PAIP1,6201,0.006773101112723754,47,0.0075794226737622965,0.0,0.0,0.0,2546,0.011390416339355853,70,0.02749410840534171,0.0,0.0,0.12857142857142856,0.004617315226632099,3.627467366415403,0.12857142857142856,1.4893617021276595,0.9720512765805267
B3GAT3,6201,0.004515400741815836,29,0.004676665054023544,0.0,0.0,0.0,2546,0.009426551453260016,44,0.01728201099764336,0.0,0.0,0.11363636363636363,0.00491115071144418,3.69537069642712,0.11363636363636363,1.5172413793103448,0.9719773989067929
HLA-DQA1,6201,0.003386550556361877,25,0.004031607805192711,0.0,0.0,0.0,2546,0.016496465043205028,42,0.016496465043205028,0.0,0.0,0.023809523809523808,0.013109914486843151,4.091783189316575,0.023809523809523808,1.68,0.971400358836273
GLS2,6201,0.006611836800516046,43,0.006934365424931463,0.0,0.0,0.0,2546,0.014532600157109192,64,0.02513747054202671,0.0,0.0,0.125,0.007920763356593145,3.625057089095526,0.125,1.4883720930232558,0.9712622972730767
SLC30A10,6201,0.005644250927269795,36,0.005805515239477504,0.0,0.0,0.0,2546,0.018460329929300863,57,0.022388059701492536,0.0,0.0,0.07017543859649122,0.012816079002031067,3.856343283582089,0.07017543859649122,1.5833333333333333,0.9701300809623404
KLF10,6201,0.0059667795516852125,38,0.00612804386389292,0.0,0.0,0.0,2546,0.014532600157109192,66,0.025923016496465043,0.0,0.0,0.0,0.00856582060542398,4.230226981436309,0.0,1.736842105263158,0.9698733170727819
RPS12,6201,0.0006450572488308337,4,0.0006450572488308337,0.0,0.0,0.0,2546,0.0027494108405341712,7,0.0027494108405341712,0.0,0.0,0.0,0.0021043535917033376,4.2622741555380985,0.0,1.75,0.9695204553071103
CCL22,6201,0.0006450572488308337,4,0.0006450572488308337,0.0,0.0,0.0,2546,0.0027494108405341712,7,0.0027494108405341712,0.0,0.0,0.0,0.0021043535917033376,4.2622741555380985,0.0,1.75,0.9695204553071103
UBE2D3,6201,0.00306402193194646,20,0.0032252862441541686,0.0,0.0,0.0,2546,0.004713275726630008,31,0.012175962293794187,0.0,0.0,0.0967741935483871,0.001649253794683548,3.775157109190888,0.0967741935483871,1.55,0.9687031426228987
ALDH2,6201,0.007095629737139171,46,0.007418158361554588,0.0,0.0,0.0,2546,0.01767478397486253,77,0.030243519245875882,0.0,0.0,0.025974025974025976,0.010579154237723359,4.0769578879060075,0.025974025974025976,1.673913043478261,0.9681182409019448
RFC1,6201,0.013707466537655217,102,0.01644895984518626,0.0,0.0,0.0,2546,0.02788688138256088,154,0.060487038491751764,0.0,0.0,0.1038961038961039,0.014179414844905664,3.677256134189732,0.1038961038961039,1.5098039215686274,0.9676399800585402
PDCD1LG2,6201,0.002257700370907918,15,0.0024189646831156266,0.0,0.0,0.0,2546,0.01021209740769835,26,0.01021209740769835,0.0,0.0,0.0,0.007954397036790432,4.221681068342498,0.0,1.7333333333333334,0.9676266102702102
DNAJA1,6201,0.0027414933075310434,19,0.00306402193194646,0.0,0.0,0.0,2546,0.009033778476040848,33,0.012961508248232521,0.0,0.0,0.0,0.006292285168509805,4.230226981436309,0.0,1.736842105263158,0.9675997816358677
SUN2,6201,0.0075794226737622965,53,0.008547008547008548,0.0,0.0,0.0,2546,0.022388059701492536,91,0.03574234092694423,0.0,0.0,0.0,0.01480863702773024,4.1818538884524745,0.0,1.7169811320754718,0.9668243422342099
ALYREF,6201,0.002257700370907918,14,0.002257700370907918,0.0,0.0,0.0,2546,0.009033778476040848,23,0.009033778476040848,0.0,0.0,0.043478260869565216,0.00677607810513293,4.00131859499495,0.043478260869565216,1.6428571428571428,0.9668087550801004
B3GAT1,6201,0.008385744234800839,56,0.009030801483631673,0.0,0.0,0.0,2546,0.020031421838177535,94,0.036920659858601726,0.0,0.0,0.02127659574468085,0.011645677603376696,4.088303781842666,0.02127659574468085,1.6785714285714286,0.9667196225944663
AIFM3,6201,0.009353330108047089,61,0.009837123044670215,0.0,0.0,0.0,2546,0.020816967792615867,100,0.03927729772191673,0.0,0.0,0.04,0.011463637684568779,3.9927626749771417,0.04,1.639344262295082,0.9663058559646959
DYRK1A,6201,0.01128850185453959,82,0.013223673601032092,0.0,0.0,0.0,2546,0.0204241948153967,134,0.05263157894736842,0.0,0.0,0.04477611940298507,0.009135692960857112,3.9801026957637995,0.04477611940298507,1.6341463414634145,0.9662151442671525
NCOA7,6201,0.011127237542331882,74,0.011933559103370425,0.0,0.0,0.0,2546,0.0192458758837392,128,0.05027494108405342,0.0,0.0,0.0,0.008118638341407317,4.21290418462453,0.0,1.7297297297297298,0.9661085833149797
RAPGEF5,6201,0.0077406869859700045,62,0.009998387356877922,0.0,0.0,0.0,2546,0.025923016496465043,102,0.04006284367635507,0.0,0.0,0.029411764705882353,0.01818232951049504,4.006930542533513,0.029411764705882353,1.6451612903225807,0.9652699748356257
MPP1,6201,0.00612804386389292,40,0.006450572488308337,0.0,0.0,0.0,2546,0.01021209740769835,60,0.02356637863315004,0.0,0.0,0.11666666666666667,0.00408405354380543,3.6533778476040846,0.11666666666666667,1.5,0.9651969143749183
PUS1,6201,0.004999193678438961,33,0.005321722302854378,0.0,0.0,0.0,2546,0.012961508248232521,57,0.022388059701492536,0.0,0.0,0.0,0.007962314569793561,4.206919945725916,0.0,1.7272727272727273,0.9648036337159643
PMM2,6201,0.002580228995323335,16,0.002580228995323335,0.0,0.0,0.0,2546,0.009819324430479183,25,0.009819324430479183,0.0,0.0,0.08,0.007239095435155848,3.805601924587588,0.08,1.5625,0.9638742199174558
TTK,6201,0.011611030478955007,84,0.013546202225447508,0.0,0.0,0.0,2546,0.027101335428122545,115,0.045168892380204245,0.0,0.0,0.17391304347826086,0.015490304949167538,3.334432162495792,0.17391304347826086,1.369047619047619,0.9628467804765275
PEX6,6201,0.009514594420254797,60,0.009675858732462506,0.0,0.0,0.0,2546,0.02474469756480754,96,0.037706205813040065,0.0,0.0,0.052083333333333336,0.015230103144552743,3.8969363707776905,0.052083333333333336,1.6,0.9627760350429206
GMPPB,6201,0.002580228995323335,16,0.002580228995323335,0.0,0.0,0.0,2546,0.00864100549882168,25,0.009819324430479183,0.0,0.0,0.08,0.006060776503498346,3.805601924587588,0.08,1.5625,0.9626959009857983
BNIP3,6201,0.0027414933075310434,17,0.0027414933075310434,0.0,0.0,0.0,2546,0.010997643362136685,28,0.010997643362136685,0.0,0.0,0.03571428571428571,0.008256150054605641,4.011552146388799,0.03571428571428571,1.6470588235294117,0.9625689319830599
HAGH,6201,0.0035478148685695854,22,0.0035478148685695854,0.0,0.0,0.0,2546,0.009033778476040848,38,0.014925373134328358,0.0,0.0,0.0,0.0054859636074712625,4.206919945725916,0.0,1.7272727272727273,0.962327282753642
CD28,6201,0.0038703434929850023,26,0.0041928721174004195,0.0,0.0,0.0,2546,0.007462686567164179,45,0.01767478397486253,0.0,0.0,0.0,0.0035923430741791767,4.215435978004713,0.0,1.7307692307692308,0.9620678482405423
APAF1,6201,0.012739880664408966,91,0.014675052410901468,0.0,0.0,0.0,2546,0.02199528672427337,130,0.05106048703849175,0.0,0.0,0.14615384615384616,0.009255406059864404,3.479407473908652,0.14615384615384616,1.4285714285714286,0.9617528490452485
PRMT2,6201,0.0043541364296081275,27,0.0043541364296081275,0.0,0.0,0.0,2546,0.015318146111547526,45,0.01767478397486253,0.0,0.0,0.022222222222222223,0.010964009681939398,4.059308719560095,0.022222222222222223,1.6666666666666667,0.9612689086229526
CCSER2,6201,0.009192065795839382,60,0.009675858732462506,0.0,0.0,0.0,2546,0.02199528672427337,100,0.03927729772191673,0.0,0.0,0.02,0.012803220928433988,4.059308719560094,0.02,1.6666666666666667,0.9608858976472248
ABCB9,6201,0.006289308176100629,46,0.007418158361554588,0.0,0.0,0.0,2546,0.022388059701492536,77,0.030243519245875882,0.0,0.0,0.012987012987012988,0.016098751525391905,4.0769578879060075,0.012987012987012988,1.673913043478261,0.9606508252026003
APBB2,6201,0.009353330108047089,60,0.009675858732462506,0.0,0.0,0.0,2546,0.019638648860958365,99,0.038884524744697564,0.0,0.0,0.030303030303030304,0.010285318752911277,4.0187156323644935,0.030303030303030304,1.65,0.9606152193378118
TOB1,6201,0.004515400741815836,30,0.004837929366231253,0.0,0.0,0.0,2546,0.012175962293794187,49,0.0192458758837392,0.0,0.0,0.04081632653061224,0.007660561551978351,3.978122545168892,0.04081632653061224,1.6333333333333333,0.9603825285151625
KLRD1,6201,0.0027414933075310434,22,0.0035478148685695854,0.0,0.0,0.0,2546,0.00589159465828751,38,0.014925373134328358,0.0,0.0,0.0,0.003150101350756466,4.206919945725916,0.0,1.7272727272727273,0.9599914204969272
INSIG1,6201,0.003709079180777294,24,0.0038703434929850023,0.0,0.0,0.0,2546,0.01021209740769835,40,0.015710919088766692,0.0,0.0,0.025,0.006503018226921057,4.059308719560094,0.025,1.6666666666666667,0.9595856949457118
FKBP2,6201,0.001451378809869376,11,0.0017739074342847927,0.0,0.0,0.0,2546,0.003534956794972506,19,0.007462686567164179,0.0,0.0,0.0,0.00208357798510313,4.206919945725916,0.0,1.7272727272727273,0.9589248971312739
FBXO7,6201,0.007901951298177712,54,0.008708272859216255,0.0,0.0,0.0,2546,0.012961508248232521,71,0.02788688138256088,0.0,0.0,0.2112676056338028,0.005059556950054809,3.2023435454307414,0.2112676056338028,1.3148148148148149,0.9588223387036897
NDUFV1,6201,0.005482986615062087,35,0.005644250927269795,0.0,0.0,0.0,2546,0.01335428122545169,60,0.02356637863315004,0.0,0.0,0.0,0.007871294610389603,4.175288968690383,0.0,1.7142857142857142,0.9586192910033785
TUBB2B,6201,0.004031607805192711,26,0.0041928721174004195,0.0,0.0,0.0,2546,0.016889238020424194,43,0.016889238020424194,0.0,0.0,0.023255813953488372,0.012857630215231484,4.02808326787117,0.023255813953488372,1.6538461538461537,0.9580051150332126
NCSTN,6201,0.009998387356877922,67,0.010804708917916465,0.0,0.0,0.0,2546,0.016889238020424194,97,0.03809897879025923,0.0,0.0,0.13402061855670103,0.006890850663546272,3.5261457832596643,0.13402061855670103,1.4477611940298507,0.9576350455295933
CAPN9,6201,0.009030801483631673,67,0.010804708917916465,0.0,0.0,0.014925373134328358,2546,0.021209740769835034,112,0.04399057344854674,0.0,0.0,0.0,0.012178939286203361,4.0714260590214675,-0.014925373134328358,1.671641791044776,0.9575791838823028
GAMT,6201,0.002257700370907918,14,0.002257700370907918,0.0,0.0,0.0,2546,0.009033778476040848,24,0.009426551453260016,0.0,0.0,0.0,0.00677607810513293,4.175288968690383,0.0,1.7142857142857142,0.9575240744981218
RHBDF2,6201,0.008547008547008548,55,0.008869537171423964,0.0,0.0,0.0,2546,0.021602513747054203,91,0.03574234092694423,0.0,0.0,0.02197802197802198,0.013055505200045656,4.02978647432693,0.02197802197802198,1.6545454545454545,0.9572638793967032
EBP,6201,0.0020964360587002098,13,0.0020964360587002098,0.0,0.0,0.0,2546,0.008248232521602514,21,0.008248232521602514,0.0,0.0,0.047619047619047616,0.006151796462902304,3.934406912804399,0.047619047619047616,1.6153846153846154,0.9568561494090706
NCR1,6201,0.010965973230124174,71,0.011449766166747298,0.0,0.0,0.0,2546,0.012961508248232521,75,0.02945797329143755,0.0,0.0,0.37333333333333335,0.001995535018108348,2.5728013011296373,0.37333333333333335,1.056338028169014,0.9555316540716412
TNRC6B,6201,0.020158039025963553,140,0.02257700370907918,0.0,0.0,0.0,2546,0.0396700706991359,190,0.07462686567164178,0.0,0.0,0.16842105263157894,0.019512031673172343,3.3054371002132195,0.16842105263157894,1.3571428571428572,0.9546645696209323
COX6C,6201,0.001128850185453959,7,0.001128850185453959,0.0,0.0,0.0,2546,0.004713275726630008,12,0.004713275726630008,0.0,0.0,0.0,0.003584425541176049,4.175288968690383,0.0,1.7142857142857142,0.9543324219341649
MPC2,6201,0.001128850185453959,7,0.001128850185453959,0.0,0.0,0.0,2546,0.004713275726630008,12,0.004713275726630008,0.0,0.0,0.0,0.003584425541176049,4.175288968690383,0.0,1.7142857142857142,0.9543324219341649
NKX3-1,6201,0.003709079180777294,23,0.003709079180777294,0.0,0.0,0.0,2546,0.010604870384917517,38,0.014925373134328358,0.0,0.0,0.02631578947368421,0.006895791204140223,4.024010382868267,0.02631578947368421,1.6521739130434783,0.9542928959353569
PRKACA,6201,0.006450572488308337,41,0.006611836800516046,0.0,0.0,0.0,2546,0.012568735271013355,70,0.02749410840534171,0.0,0.0,0.0,0.006118162782705018,4.158316249305462,0.0,1.7073170731707317,0.9535812001919666
PDK1,6201,0.003709079180777294,23,0.003709079180777294,0.0,0.0,0.0,2546,0.009819324430479183,38,0.014925373134328358,0.0,0.0,0.02631578947368421,0.006110245249701889,4.024010382868267,0.02631578947368421,1.6521739130434783,0.9535073499809186
SLC2A6,6201,0.005805515239477504,38,0.00612804386389292,0.0,0.0,0.0,2546,0.022780832678711706,64,0.02513747054202671,0.0,0.0,0.0,0.0169753174392342,4.102038285029148,0.0,1.6842105263157894,0.9534682604964987
TPD52L1,6201,0.0032252862441541686,21,0.003386550556361877,0.0,0.0,0.0,2546,0.0054988216810683424,36,0.014139827179890024,0.0,0.0,0.0,0.002273535436914174,4.175288968690383,0.0,1.7142857142857142,0.9530215318299031
YBX2,6201,0.005482986615062087,36,0.005805515239477504,0.0,0.0,0.0,2546,0.022780832678711706,58,0.022780832678711706,0.0,0.0,0.034482758620689655,0.01729784606364962,3.9239984289080914,0.034482758620689655,1.6111111111111112,0.9527543133783316
PYCR1,6201,0.0038703434929850023,24,0.0038703434929850023,0.0,0.0,0.0,2546,0.008248232521602514,41,0.01610369206598586,0.0,0.0,0.0,0.004377889028617512,4.160791437549096,0.0,1.7083333333333333,0.9523206555707106
MGLL,6201,0.003709079180777294,24,0.0038703434929850023,0.0,0.0,0.0,2546,0.007855459544383346,41,0.01610369206598586,0.0,0.0,0.0,0.004146380363606052,4.160791437549096,0.0,1.7083333333333333,0.9520891469056991
SHH,6201,0.005482986615062087,35,0.005644250927269795,0.0,0.0,0.0,2546,0.020031421838177535,59,0.023173605655930872,0.0,0.0,0.0,0.014548435223115448,4.10570081921221,0.0,1.6857142857142857,0.9517589778002791
CXCR3,6201,0.004515400741815836,30,0.004837929366231253,0.0,0.0,0.0,2546,0.012175962293794187,51,0.020031421838177535,0.0,0.0,0.0,0.007660561551978351,4.140494893951296,0.0,1.7,0.9516627386941108
ITPA,6201,0.002580228995323335,17,0.0027414933075310434,0.0,0.0,0.0,2546,0.006677140612725845,29,0.011390416339355853,0.0,0.0,0.0,0.004096911617402509,4.154821865902685,0.0,1.7058823529411764,0.9508822923333348
LHX2,6201,0.004837929366231253,36,0.005805515239477504,0.0,0.0,0.0,2546,0.023173605655930872,59,0.023173605655930872,0.0,0.0,0.01694915254237288,0.01833567628969962,3.9916535742340926,0.01694915254237288,1.6388888888888888,0.9499048807441461
GFRA1,6201,0.011127237542331882,76,0.01225608772778584,0.0,0.0,0.0,2546,0.022388059701492536,127,0.04988216810683425,0.0,0.0,0.007874015748031496,0.011260822159160654,4.069991110927358,0.007874015748031496,1.6710526315789473,0.9493267216800361
NDUFA7,6201,0.001451378809869376,9,0.001451378809869376,0.0,0.0,0.0,2546,0.0054988216810683424,14,0.0054988216810683424,0.0,0.0,0.07142857142857142,0.004047442871198966,3.788688138256088,0.07142857142857142,1.5555555555555556,0.9485853325489008
IGFBP6,6201,0.0019351717464925011,13,0.0020964360587002098,0.0,0.0,0.0,2546,0.00864100549882168,22,0.00864100549882168,0.0,0.0,0.0,0.0067058337523291794,4.121759622937941,0.0,1.6923076923076923,0.9470567095556758
GPR132,6201,0.005321722302854378,40,0.006450572488308337,0.0,0.0,0.0,2546,0.013747054202670856,65,0.025530243519245877,0.0,0.0,0.03076923076923077,0.008425331899816478,3.957826001571092,0.03076923076923077,1.625,0.9470147206268664
MAP4K2,6201,0.007095629737139171,47,0.0075794226737622965,0.0,0.0,0.0,2546,0.023173605655930872,76,0.029850746268656716,0.0,0.0,0.02631578947368421,0.0160779759187917,3.9383931406795805,0.02631578947368421,1.6170212765957446,0.9462865879528435
LTB,6201,0.0019351717464925011,12,0.0019351717464925011,0.0,0.0,0.0,2546,0.007069913589945012,19,0.007462686567164179,0.0,0.0,0.05263157894736842,0.005134741843452511,3.8563432835820897,0.05263157894736842,1.5833333333333333,0.944904884154639
PGD,6201,0.0075794226737622965,53,0.008547008547008548,0.0,0.0,0.0,2546,0.01335428122545169,87,0.034171249018067555,0.0,0.0,0.022988505747126436,0.005774858551689393,3.9980361351139035,0.022988505747126436,1.6415094339622642,0.944661246040242
UNC119,6201,0.0020964360587002098,13,0.0020964360587002098,0.0,0.0,0.0,2546,0.006284367635506678,22,0.00864100549882168,0.0,0.0,0.0,0.004187931576806468,4.121759622937941,0.0,1.6923076923076923,0.9445388073801531
MVK,6201,0.0043541364296081275,28,0.004515400741815836,0.0,0.0,0.0,2546,0.014532600157109192,47,0.018460329929300863,0.0,0.0,0.0,0.010178463727501065,4.088303781842666,0.0,1.6785714285714286,0.9439758129739099
ECM1,6201,0.0077406869859700045,55,0.008869537171423964,0.0,0.0,0.0,2546,0.019638648860958365,92,0.03613511390416339,0.0,0.0,0.0,0.011897961874988362,4.074069842176677,0.0,1.6727272727272726,0.9428940071149164
MFAP5,6201,0.0038703434929850023,31,0.004999193678438961,0.0,0.0,0.0,2546,0.007462686567164179,47,0.018460329929300863,0.0,0.0,0.0851063829787234,0.0035923430741791767,3.692661480374021,0.0851063829787234,1.5161290322580645,0.941551446819245
SLAMF7,6201,0.0059667795516852125,42,0.006773101112723754,0.0,0.0,0.023809523809523808,2546,0.009426551453260016,65,0.025530243519245877,0.0,0.0,0.09230769230769231,0.003459771901574804,3.7693580967343734,0.0684981684981685,1.5476190476190477,0.9410224847693442
NAP1L1,6201,0.0035478148685695854,22,0.0035478148685695854,0.0,0.0,0.0,2546,0.009033778476040848,37,0.014532600157109192,0.0,0.0,0.0,0.0054859636074712625,4.09621152610155,0.0,1.6818181818181819,0.9408362087176299
STIL,6201,0.013546202225447508,106,0.017094017094017096,0.0,0.0,0.0,2546,0.025530243519245877,169,0.06637863315003928,0.0,0.0,0.03550295857988166,0.011984041293798368,3.8831500392772975,0.03550295857988166,1.5943396226415094,0.9401303307852765
AK3,6201,0.002580228995323335,16,0.002580228995323335,0.0,0.0,0.0,2546,0.00432050274941084,27,0.010604870384917517,0.0,0.0,0.0,0.0017402737540875052,4.110050078554595,0.0,1.6875,0.9398022974702659
PGAM1,6201,0.0027414933075310434,17,0.0027414933075310434,0.0,0.0,0.0,2546,0.00589159465828751,26,0.01021209740769835,0.0,0.0,0.07692307692307693,0.003150101350756466,3.725012707361028,0.07692307692307693,1.5294117647058822,0.9397962480445552
CRTAM,6201,0.00612804386389292,42,0.006773101112723754,0.0,0.0,0.0,2546,0.01767478397486253,70,0.02749410840534171,0.0,0.0,0.0,0.01154674011096961,4.059308719560094,0.0,1.6666666666666667,0.9396294168297603
ELOVL5,6201,0.003386550556361877,23,0.003709079180777294,0.0,0.0,0.0,2546,0.009426551453260016,36,0.014139827179890024,0.0,0.0,0.05555555555555555,0.006040000896898139,3.812220362717306,0.05555555555555555,1.565217391304348,0.9396069673698141
DPP4,6201,0.011449766166747298,84,0.013546202225447508,0.0,0.0,0.0,2546,0.016889238020424194,122,0.047918303220738416,0.0,0.0,0.11475409836065574,0.005439471853676896,3.5373975984737966,0.11475409836065574,1.4523809523809523,0.9394000211612329
SLC30A3,6201,0.007095629737139171,47,0.0075794226737622965,0.0,0.0,0.0,2546,0.012961508248232521,75,0.02945797329143755,0.0,0.0,0.04,0.0058658785110933505,3.886572178302218,0.04,1.5957446808510638,0.9392097696000763
IQGAP2,6201,0.01967424608934043,159,0.02564102564102564,0.0,0.0,0.0,2546,0.03534956794972506,228,0.08955223880597014,0.0,0.0,0.11403508771929824,0.01567532186038463,3.4925373134328357,0.11403508771929824,1.4339622641509433,0.9389808743776473
ARHGAP4,6201,0.008869537171423964,61,0.009837123044670215,0.0,0.0,0.0,2546,0.02474469756480754,101,0.0396700706991359,0.0,0.0,0.0,0.015875160393383575,4.0326903017269125,0.0,1.6557377049180328,0.938682672201098
CENPA,6201,0.002257700370907918,14,0.002257700370907918,0.0,0.0,0.07142857142857142,2546,0.00589159465828751,20,0.007855459544383346,0.0,0.0,0.2,0.0036338942873795914,3.479407473908652,0.1285714285714286,1.4285714285714286,0.938548919690346
ITSN1,6201,0.02064183196258668,162,0.026124818577648767,0.0,0.0,0.0,2546,0.04359780047132757,243,0.09544383346425767,0.0,0.0,0.06995884773662552,0.022955968508740893,3.653377847604085,0.06995884773662552,1.5,0.9373610104098127
PAK4,6201,0.006934365424931463,49,0.007901951298177712,0.0,0.0,0.0,2546,0.019638648860958365,80,0.031421838177533384,0.0,0.0,0.0125,0.012704283436026902,3.976465684467031,0.0125,1.6326530612244898,0.9367770400407719
CDK7,6201,0.0035478148685695854,23,0.003709079180777294,0.0,0.0,0.0,2546,0.006284367635506678,36,0.014139827179890024,0.0,0.0,0.05555555555555555,0.002736552766937092,3.812220362717306,0.05555555555555555,1.565217391304348,0.936303519239853
BCKDHB,6201,0.004031607805192711,26,0.0041928721174004195,0.0,0.0,0.0,2546,0.008248232521602514,35,0.013747054202670856,0.0,0.0,0.17142857142857143,0.004216624716409803,3.278672427336999,0.17142857142857143,1.3461538461538463,0.9361407965340726
IFNAR2,6201,0.004999193678438961,37,0.0059667795516852125,0.0,0.0,0.0,2546,0.018853102906520033,53,0.020816967792615867,0.0,0.0,0.11320754716981132,0.013853909228081072,3.488811277892189,0.11320754716981132,1.4324324324324325,0.9355021937408927
TNFRSF12A,6201,0.0008063215610385422,5,0.0008063215610385422,0.0,0.0,0.0,2546,0.0027494108405341712,7,0.0027494108405341712,0.0,0.0,0.14285714285714285,0.0019430892794956292,3.409819324430479,0.14285714285714285,1.4,0.935486770679276
ERH,6201,0.0008063215610385422,5,0.0008063215610385422,0.0,0.0,0.0,2546,0.0027494108405341712,7,0.0027494108405341712,0.0,0.0,0.14285714285714285,0.0019430892794956292,3.409819324430479,0.14285714285714285,1.4,0.935486770679276
CACNA1F,6201,0.024189646831156264,187,0.030156426382841477,0.0,0.0,0.0,2546,0.04713275726630008,282,0.11076197957580518,0.0,0.0,0.06382978723404255,0.022943110435143813,3.6729146275377964,0.06382978723404255,1.5080213903743316,0.9354087113556576
TGM2,6201,0.012094823415578132,86,0.013868730849862926,0.0,0.0,0.0,2546,0.02199528672427337,139,0.054595443833464256,0.0,0.0,0.02158273381294964,0.009900463308695238,3.9365854326896725,0.02158273381294964,1.6162790697674418,0.935009900809618
ITPK1,6201,0.004676665054023544,35,0.005644250927269795,0.0,0.0,0.0,2546,0.015710919088766692,58,0.022780832678711706,0.0,0.0,0.0,0.011034254034743148,4.036112669734037,0.0,1.6571428571428573,0.9345215622688294
NUDT15,6201,0.0019351717464925011,12,0.0019351717464925011,0.0,0.0,0.0,2546,0.007855459544383346,20,0.007855459544383346,0.0,0.0,0.0,0.005920287797890845,4.059308719560094,0.0,1.6666666666666667,0.9340029645166816
IMMT,6201,0.008869537171423964,60,0.009675858732462506,0.0,0.0,0.0,2546,0.0204241948153967,98,0.0384917517674784,0.0,0.0,0.01020408163265306,0.011554657643972737,3.978122545168892,0.01020408163265306,1.6333333333333333,0.9336643797091977
POLR2D,6201,0.001451378809869376,9,0.001451378809869376,0.0,0.0,0.0,2546,0.00589159465828751,15,0.00589159465828751,0.0,0.0,0.0,0.0044402158484181335,4.059308719560094,0.0,1.6666666666666667,0.9325228925672089
MAPKAP1,6201,0.0059667795516852125,38,0.00612804386389292,0.0,0.0,0.0,2546,0.014532600157109192,63,0.02474469756480754,0.0,0.0,0.0,0.00856582060542398,4.037943936825568,0.0,1.6578947368421053,0.9324166898523617
SLC25A17,6201,0.0041928721174004195,27,0.0043541364296081275,0.0,0.0,0.07407407407407407,2546,0.008248232521602514,41,0.01610369206598586,0.0,0.0,0.0,0.004055360404202095,3.698481277821419,-0.07407407407407407,1.5185185185185186,0.932221578037406
ATP2A1,6201,0.0172552814062248,124,0.019996774713755845,0.0,0.0,0.008064516129032258,2546,0.0420267085624509,193,0.0758051846032993,0.0,0.0,0.04145077720207254,0.0247714271562261,3.7908705622988625,0.03338626107304028,1.5564516129032258,0.9317226483610246
TIMM13,6201,0.0009675858732462506,6,0.0009675858732462506,0.0,0.0,0.0,2546,0.003927729772191673,10,0.003927729772191673,0.0,0.0,0.0,0.0029601438989454226,4.059308719560094,0.0,1.6666666666666667,0.9310428206177361
RRM2B,6201,0.004031607805192711,25,0.004031607805192711,0.0,0.0,0.0,2546,0.008248232521602514,39,0.015318146111547526,0.0,0.0,0.05128205128205128,0.004216624716409803,3.7995129615082486,0.05128205128205128,1.56,0.9308659418518542
TRIP10,6201,0.008869537171423964,60,0.009675858732462506,0.0,0.0,0.0,2546,0.031421838177533384,95,0.03731343283582089,0.0,0.0,0.021052631578947368,0.022552301006109422,3.856343283582089,0.021052631578947368,1.5833333333333333,0.930743495948875
AGFG1,6201,0.005321722302854378,35,0.005644250927269795,0.0,0.0,0.0,2546,0.012175962293794187,58,0.022780832678711706,0.0,0.0,0.0,0.006854239990939809,4.036112669734037,0.0,1.6571428571428573,0.9303415482250261
ACOT2,6201,0.004515400741815836,28,0.004515400741815836,0.0,0.0,0.0,2546,0.01335428122545169,45,0.01767478397486253,0.0,0.0,0.022222222222222223,0.008838880483635854,3.914333408147234,0.022222222222222223,1.6071428571428572,0.930070042569097
SRPX,6201,0.0077406869859700045,50,0.008063215610385421,0.0,0.0,0.0,2546,0.014139827179890024,79,0.031029065200314218,0.0,0.0,0.0379746835443038,0.006399140193920019,3.8482246661429693,0.0379746835443038,1.58,0.9298392328977233
GTF2A2,6201,0.0004837929366231253,3,0.0004837929366231253,0.0,0.0,0.0,2546,0.0019638648860958365,5,0.0019638648860958365,0.0,0.0,0.0,0.0014800719494727113,4.059308719560094,0.0,1.6666666666666667,0.9295627486682635
SPATA6,6201,0.006934365424931463,46,0.007418158361554588,0.0,0.0,0.0,2546,0.014532600157109192,76,0.029850746268656716,0.0,0.0,0.0,0.007598234732177729,4.024010382868267,0.0,1.6521739130434783,0.9286795499897101
TNFRSF1A,6201,0.006934365424931463,50,0.008063215610385421,0.0,0.0,0.0,2546,0.014532600157109192,76,0.029850746268656716,0.0,0.0,0.06578947368421052,0.007598234732177729,3.702089552238806,0.06578947368421052,1.52,0.9282475233562923
SMAD2,6201,0.009837123044670215,66,0.010643444605708756,0.0,0.0,0.0,2546,0.020031421838177535,92,0.03613511390416339,0.0,0.0,0.13043478260869565,0.01019429879350732,3.3950582018138973,0.13043478260869565,1.393939393939394,0.9279626746252514
ETFDH,6201,0.00516045799064667,38,0.00612804386389292,0.0,0.0,0.0,2546,0.009819324430479183,59,0.023173605655930872,0.0,0.0,0.05084745762711865,0.004658866439832513,3.7815665440112456,0.05084745762711865,1.5526315789473684,0.9271273651916396
ALAS2,6201,0.009998387356877922,68,0.010965973230124174,0.0,0.0,0.0,2546,0.018460329929300863,112,0.04399057344854674,0.0,0.0,0.0,0.00846194257242294,4.011552146388799,0.0,1.6470588235294117,0.9270604387865915
STX4,6201,0.0038703434929850023,26,0.0041928721174004195,0.0,0.0,0.0,2546,0.00864100549882168,43,0.016889238020424194,0.0,0.0,0.0,0.0047706620058366785,4.02808326787117,0.0,1.6538461538461537,0.9266623328703294
TMPRSS2,6201,0.006289308176100629,42,0.006773101112723754,0.0,0.0,0.0,2546,0.014925373134328358,69,0.027101335428122545,0.0,0.0,0.0,0.008636064958227729,4.001318594994951,0.0,1.6428571428571428,0.9251904810636303
ANP32E,6201,0.003386550556361877,23,0.003709079180777294,0.0,0.0,0.0,2546,0.007462686567164179,38,0.014925373134328358,0.0,0.0,0.0,0.004076136010802302,4.024010382868267,0.0,1.6521739130434783,0.9251574512683347
HELZ2,6201,0.024350911143363973,183,0.029511369134010642,0.0,0.0,0.0,2546,0.07148468185388845,280,0.10997643362136685,0.0,1.0,0.017857142857142856,0.04713377071052448,3.7265784966453324,0.017857142857142856,1.530054644808743,0.9250453115274382
PTPRM,6201,0.024350911143363973,186,0.02999516207063377,0.0,0.0,0.0,2546,0.032992930086410056,295,0.11586802827965435,0.0,0.0,0.02711864406779661,0.008642018943046084,3.862890555710412,0.02711864406779661,1.586021505376344,0.9242465081104331
DHX16,6201,0.010804708917916465,72,0.011611030478955007,0.0,0.0,0.013888888888888888,2546,0.020816967792615867,108,0.04241948153967007,0.0,0.0,0.08333333333333333,0.010012258874699403,3.6533778476040846,0.06944444444444445,1.5,0.9239028974835901
CCR7,6201,0.006934365424931463,44,0.007095629737139171,0.0,0.0,0.0,2546,0.010604870384917517,66,0.025923016496465043,0.0,0.0,0.07575757575757576,0.003670504959986054,3.653377847604085,0.07575757575757576,1.5,0.923874274882008
DNAJC15,6201,0.002257700370907918,14,0.002257700370907918,0.0,0.0,0.0,2546,0.009033778476040848,23,0.009033778476040848,0.0,0.0,0.0,0.00677607810513293,4.00131859499495,0.0,1.6428571428571428,0.9233304942105353
FUT8,6201,0.009030801483631673,60,0.009675858732462506,0.0,0.0,0.0,2546,0.01767478397486253,89,0.034956794972505895,0.0,0.0,0.07865168539325842,0.008643982491230858,3.612784760408484,0.07865168539325842,1.4833333333333334,0.9229802314594857
ALG1,6201,0.00516045799064667,36,0.005805515239477504,0.0,0.0,0.0,2546,0.01335428122545169,59,0.023173605655930872,0.0,0.0,0.0,0.008193823234805019,3.9916535742340926,0.0,1.6388888888888888,0.9228138751468786
GTF3C5,6201,0.00725689404934688,47,0.0075794226737622965,0.0,0.0,0.0,2546,0.015318146111547526,69,0.027101335428122545,0.0,0.0,0.08695652173913043,0.008061252062200645,3.5756464040380402,0.08695652173913043,1.4680851063829787,0.9226185724884259
HMGB3,6201,0.005321722302854378,33,0.005321722302854378,0.0,0.0,0.0,2546,0.009033778476040848,39,0.015318146111547526,0.0,0.0,0.2564102564102564,0.0037120561731864704,2.878418910233522,0.2564102564102564,1.1818181818181819,0.9224027052465725
ETS2,6201,0.0075794226737622965,55,0.008869537171423964,0.0,0.0,0.0,2546,0.018067556952081697,79,0.031029065200314218,0.0,0.0,0.10126582278481013,0.0104881342783194,3.498386060129972,0.10126582278481013,1.4363636363636363,0.922325455643529
CRLF2,6201,0.005321722302854378,39,0.006289308176100629,0.0,0.0,0.02564102564102564,2546,0.014532600157109192,63,0.02474469756480754,0.0,0.0,0.015873015873015872,0.009210877854254814,3.934406912804399,-0.009768009768009768,1.6153846153846154,0.9220641929493854
CTTN,6201,0.008708272859216255,58,0.009353330108047089,0.0,0.0,0.0,2546,0.02513747054202671,86,0.03377847604084839,0.0,0.0,0.06976744186046512,0.016429197682810454,3.6113849987810496,0.06976744186046512,1.4827586206896552,0.921577704445823
RCHY1,6201,0.0032252862441541686,20,0.0032252862441541686,0.0,0.0,0.0,2546,0.003927729772191673,33,0.012961508248232521,0.0,0.0,0.0,0.0007024435280375044,4.0187156323644935,0.0,1.65,0.9207293138099077
PCSK4,6201,0.0059667795516852125,41,0.006611836800516046,0.0,0.0,0.0,2546,0.025923016496465043,66,0.025923016496465043,0.0,0.0,0.0,0.01995623694477983,3.9206981779165786,0.0,1.6097560975609757,0.9202594829019414
TF,6201,0.015158845347524593,106,0.017094017094017096,0.0,0.0,0.0,2546,0.024351924587588374,157,0.06166535742340927,0.0,0.0,0.07643312101910828,0.009193079240063781,3.6074234092694417,0.07643312101910828,1.4811320754716981,0.9201478070668951
SLC39A8,6201,0.00516045799064667,34,0.005482986615062087,0.0,0.0,0.0,2546,0.012568735271013355,53,0.020816967792615867,0.0,0.0,0.03773584905660377,0.007408277280366685,3.7966475671179705,0.03773584905660377,1.5588235294117647,0.9199141961624542
IRF8,6201,0.009030801483631673,60,0.009675858732462506,0.0,0.0,0.0,2546,0.016496465043205028,98,0.0384917517674784,0.0,0.0,0.0,0.0074656635595733555,3.978122545168892,0.0,1.6333333333333333,0.9193713039921453
PPM1A,6201,0.0043541364296081275,30,0.004837929366231253,0.0,0.0,0.0,2546,0.01178318931657502,49,0.0192458758837392,0.0,0.0,0.0,0.007429052886966892,3.978122545168892,0.0,1.6333333333333333,0.9193346933195389
MLLT10,6201,0.010965973230124174,73,0.011772294791162716,0.0,0.0,0.0,2546,0.02474469756480754,117,0.04595443833464258,0.0,0.0,0.008547008547008548,0.013778724334683367,3.9036092070290223,0.008547008547008548,1.6027397260273972,0.9191500591647351
PROZ,6201,0.0041928721174004195,30,0.004837929366231253,0.0,0.0,0.0,2546,0.010997643362136685,49,0.0192458758837392,0.0,0.0,0.0,0.006804771244736265,3.978122545168892,0.0,1.6333333333333333,0.9187104116773082
KLK7,6201,0.004999193678438961,35,0.005644250927269795,0.0,0.0,0.0,2546,0.009819324430479183,52,0.0204241948153967,0.0,0.0,0.07692307692307693,0.0048201307520402215,3.6185837728649988,0.07692307692307693,1.4857142857142858,0.9186841425450973
PLA2G2A,6201,0.0017739074342847927,11,0.0017739074342847927,0.0,0.0,0.0,2546,0.007069913589945012,18,0.007069913589945012,0.0,0.0,0.0,0.005296006155660219,3.9855031064771835,0.0,1.6363636363636365,0.918683147984665
FUCA1,6201,0.0038703434929850023,25,0.004031607805192711,0.0,0.0,0.0,2546,0.014532600157109192,38,0.014925373134328358,0.0,0.0,0.05263157894736842,0.01066225666412419,3.702089552238806,0.05263157894736842,1.52,0.9181536505513967
BAG3,6201,0.0059667795516852125,38,0.00612804386389292,0.0,0.0,0.0,2546,0.02199528672427337,56,0.02199528672427337,0.0,0.0,0.07142857142857142,0.016028507172588156,3.5892834994005045,0.07142857142857142,1.4736842105263157,0.9180338095802667
PCSK2,6201,0.01451378809869376,101,0.01628769553297855,0.0,0.0,0.0,2546,0.025923016496465043,160,0.06284367635506677,0.0,0.0,0.01875,0.011409228397771283,3.858352842354149,0.01875,1.5841584158415842,0.9177115069771087
CCL25,6201,0.0016126431220770843,11,0.0017739074342847927,0.0,0.0,0.0,2546,0.00589159465828751,18,0.007069913589945012,0.0,0.0,0.0,0.0042789515362104255,3.9855031064771835,0.0,1.6363636363636365,0.9176660933652152
CPT2,6201,0.004999193678438961,31,0.004999193678438961,0.0,0.0,0.0,2546,0.01610369206598586,49,0.0192458758837392,0.0,0.0,0.02040816326530612,0.011104498387546898,3.8497960114537673,0.02040816326530612,1.5806451612903225,0.9173021256637057
SCAMP3,6201,0.005482986615062087,37,0.0059667795516852125,0.0,0.0,0.0,2546,0.011390416339355853,49,0.0192458758837392,0.0,0.0,0.16326530612244897,0.005907429724293766,3.225504766353156,0.16326530612244897,1.3243243243243243,0.9171642802859948
CCNA1,6201,0.010965973230124174,77,0.01241735203999355,0.0,0.0,0.0,2546,0.018460329929300863,109,0.04281225451688924,0.0,0.0,0.11009174311926606,0.007494356699176689,3.4477764968731193,0.11009174311926606,1.4155844155844155,0.9168432269391613
GC,6201,0.009030801483631673,59,0.009514594420254797,0.0,0.0,0.0,2546,0.0204241948153967,93,0.03652788688138256,0.0,0.0,0.021505376344086023,0.011393393331765029,3.839142822905987,0.021505376344086023,1.576271186440678,0.9164891914545354
ALDH1L1,6201,0.0172552814062248,137,0.022093210772456056,0.0,0.0,0.0,2546,0.03338570306362922,218,0.08562450903377848,0.0,0.0,0.009174311926605505,0.01613042165740442,3.8756027775070097,0.009174311926605505,1.5912408759124088,0.9164012964983604
SDCCAG8,6201,0.010965973230124174,73,0.011772294791162716,0.0,0.0,0.0,2546,0.015318146111547526,114,0.04477611940298507,0.0,0.0,0.03508771929824561,0.004352172881423352,3.803516663259047,0.03508771929824561,1.5616438356164384,0.9156409994641976
BCAR3,6201,0.009192065795839382,65,0.010482180293501049,0.0,0.0,0.0,2546,0.020816967792615867,105,0.04124116260801257,0.0,0.0,0.0,0.011624901996776486,3.934406912804399,0.0,1.6153846153846154,0.9147102073238972
SCAF4,6201,0.017094017094017096,124,0.019996774713755845,0.0,0.0,0.0,2546,0.037706205813040065,175,0.06873527101335428,0.0,0.0,0.09714285714285714,0.02061218871902297,3.4373178673694347,0.09714285714285714,1.4112903225806452,0.9146579752880569
CTPS1,6201,0.004999193678438961,37,0.0059667795516852125,0.0,0.0,0.0,2546,0.01335428122545169,60,0.02356637863315004,0.0,0.0,0.0,0.008355087547012727,3.949597673085497,0.0,1.6216216216216217,0.9145142020998713
RAD51AP1,6201,0.00516045799064667,34,0.005482986615062087,0.0,0.0,0.0,2546,0.011390416339355853,54,0.021209740769835034,0.0,0.0,0.018518518518518517,0.006229958348709183,3.868282426874913,0.018518518518518517,1.588235294117647,0.9143424867740683
AGR2,6201,0.0020964360587002098,14,0.002257700370907918,0.0,0.0,0.0,2546,0.007855459544383346,20,0.007855459544383346,0.0,0.0,0.1,0.005759023485683136,3.479407473908652,0.1,1.4285714285714286,0.912102620317221
HBZ,6201,0.001128850185453959,8,0.0012901144976616675,0.0,0.0,0.0,2546,0.005106048703849175,13,0.005106048703849175,0.0,0.0,0.0,0.003977198518395216,3.957826001571092,0.0,1.625,0.9117973564762144
POLE3,6201,0.0012901144976616675,8,0.0012901144976616675,0.0,0.0,0.0,2546,0.005106048703849175,13,0.005106048703849175,0.0,0.0,0.0,0.003815934206187508,3.957826001571092,0.0,1.625,0.9116360921640068
PSME1,6201,0.0012901144976616675,8,0.0012901144976616675,0.0,0.0,0.0,2546,0.004713275726630008,13,0.005106048703849175,0.0,0.0,0.0,0.003423161228968341,3.957826001571092,0.0,1.625,0.9112433191867876
RIPK2,6201,0.004999193678438961,31,0.004999193678438961,0.0,0.0,0.0,2546,0.013747054202670856,50,0.019638648860958365,0.0,0.0,0.0,0.008747860524231894,3.9283632769936396,0.0,1.6129032258064515,0.9106076204009571
HLA-G,6201,0.0075794226737622965,49,0.007901951298177712,0.0,0.0,0.0,2546,0.016496465043205028,79,0.031029065200314218,0.0,0.0,0.0,0.008917042369442732,3.9267598634111938,0.0,1.6122448979591837,0.9104514052777587
TCF7L1,6201,0.006934365424931463,44,0.007095629737139171,0.0,0.0,0.022727272727272728,2546,0.022780832678711706,58,0.022780832678711706,0.0,0.0,0.1724137931034483,0.015846467253780243,3.2105441691066203,0.14968652037617555,1.3181818181818181,0.9099777027312846
SP1,6201,0.009514594420254797,64,0.01032091598129334,0.0,0.0,0.015625,2546,0.015710919088766692,99,0.038884524744697564,0.0,0.0,0.050505050505050504,0.006196324668511895,3.7675459053417124,0.034880050505050504,1.546875,0.909760881867608
MSRB1,6201,0.001128850185453959,7,0.001128850185453959,0.0,0.0,0.0,2546,0.003927729772191673,10,0.003927729772191673,0.0,0.0,0.1,0.0027988795867377137,3.479407473908652,0.1,1.4285714285714286,0.9091424764182756
CXCL11,6201,0.0009675858732462506,7,0.001128850185453959,0.0,0.0,0.0,2546,0.003534956794972506,10,0.003927729772191673,0.0,0.0,0.1,0.0025673709217262555,3.479407473908652,0.1,1.4285714285714286,0.9089109677532642
HEXA,6201,0.00516045799064667,36,0.005805515239477504,0.0,0.0,0.0,2546,0.013747054202670856,54,0.021209740769835034,0.0,0.0,0.05555555555555555,0.008586596212024185,3.6533778476040846,0.05555555555555555,1.5,0.908588345932026
A2M,6201,0.02386711820674085,182,0.029350104821802937,0.0,0.0,0.0,2546,0.04399057344854674,273,0.10722702278083268,0.0,0.0,0.04395604395604396,0.02012345524180589,3.6533778476040846,0.04395604395604396,1.5,0.908525693362296
DST,6201,0.06337687469762941,655,0.10562812449604903,0.0,1.0,0.0,2546,0.10290652003142184,928,0.3644933228593873,0.0,3.0,0.06896551724137931,0.039529645333792426,3.450722282520703,0.06896551724137931,1.416793893129771,0.9084143757012321
CHEK2,6201,0.013223673601032092,91,0.014675052410901468,0.0,0.0,0.0,2546,0.02199528672427337,124,0.04870384917517675,0.0,0.0,0.12903225806451613,0.008771613123241278,3.3188194366513297,0.12903225806451613,1.3626373626373627,0.90763877698351
STAG3,6201,0.013546202225447508,92,0.014836316723109175,0.0,0.0,0.03260869565217391,2546,0.031029065200314218,139,0.054595443833464256,0.0,0.0,0.07194244604316546,0.01748286297486671,3.679851600122955,0.03933375039099155,1.5108695652173914,0.9069358328572786
CRLF1,6201,0.004837929366231253,37,0.0059667795516852125,0.0,0.0,0.0,2546,0.016889238020424194,44,0.01728201099764336,0.0,0.0,0.22727272727272727,0.012051308654192941,2.8963716269293642,0.22727272727272727,1.1891891891891893,0.9062226233870844
AGRN,6201,0.01564263828414772,117,0.018867924528301886,0.0,0.0,0.0,2546,0.06677140612725845,174,0.06834249803613511,0.0,1.0,0.017241379310344827,0.051128767843110726,3.622152395915161,0.017241379310344827,1.4871794871794872,0.9060834497574319
GNAI1,6201,0.005644250927269795,35,0.005644250927269795,0.0,0.0,0.0,2546,0.011390416339355853,51,0.020031421838177535,0.0,0.0,0.0784313725490196,0.005746165412086058,3.548995623386826,0.0784313725490196,1.457142857142857,0.9059368238841079
PRDX4,6201,0.0019351717464925011,12,0.0019351717464925011,0.0,0.0,0.0,2546,0.007069913589945012,18,0.007069913589945012,0.0,0.0,0.05555555555555555,0.005134741843452511,3.653377847604085,0.05555555555555555,1.5,0.9051364915634543
HSD17B14,6201,0.002902757619738752,20,0.0032252862441541686,0.0,0.0,0.0,2546,0.012568735271013355,32,0.012568735271013355,0.0,0.0,0.0,0.009665977651274603,3.896936370777691,0.0,1.6,0.9051285762163094
SYNPO,6201,0.010643444605708756,77,0.01241735203999355,0.0,0.0,0.0,2546,0.03338570306362922,116,0.04556166535742341,0.0,0.0,0.034482758620689655,0.022742258457920467,3.6691933361218516,0.034482758620689655,1.5064935064935066,0.9050641601148938
PLK4,6201,0.010159651669085631,71,0.011449766166747298,0.0,0.0,0.0,2546,0.01767478397486253,110,0.04320502749410841,0.0,0.0,0.02727272727272727,0.007515132305776899,3.773441908323468,0.02727272727272727,1.5492957746478873,0.90470829778141
PPARG,6201,0.009514594420254797,61,0.009837123044670215,0.0,0.0,0.0,2546,0.01610369206598586,94,0.036920659858601726,0.0,0.0,0.031914893617021274,0.006589097645731061,3.753196914478513,0.031914893617021274,1.540983606557377,0.9041742369901791
CCRL2,6201,0.0038703434929850023,29,0.004676665054023544,0.0,0.0,0.0,2546,0.009033778476040848,44,0.01728201099764336,0.0,0.0,0.045454545454545456,0.0051634349830558465,3.69537069642712,0.045454545454545456,1.5172413793103448,0.9040478649965864
GLCE,6201,0.006289308176100629,43,0.006934365424931463,0.0,0.0,0.0,2546,0.016496465043205028,59,0.023173605655930872,0.0,0.0,0.11864406779661017,0.010207156867104399,3.341849504009938,0.11864406779661017,1.372093023255814,0.9040044544363647
STARD4,6201,0.005321722302854378,39,0.006289308176100629,0.0,0.0,0.0,2546,0.007069913589945012,36,0.014139827179890024,0.0,0.0,0.4166666666666667,0.0017481912870906339,2.248232521602514,0.4166666666666667,0.9230769230769231,0.9033786862941973
CPB2,6201,0.005482986615062087,37,0.0059667795516852125,0.0,0.0,0.0,2546,0.016496465043205028,55,0.021602513747054203,0.0,0.0,0.05454545454545454,0.011013478428142941,3.6204645336617056,0.05454545454545454,1.4864864864864864,0.9029070008642716
AKAP7,6201,0.0041928721174004195,31,0.004999193678438961,0.0,0.0,0.0,2546,0.016496465043205028,48,0.018853102906520033,0.0,0.0,0.020833333333333332,0.012303592925804609,3.7712287459138945,0.020833333333333332,1.5483870967741935,0.9025936161506749
AUTS2,6201,0.019351717464925013,145,0.023383325270117723,0.0,0.0,0.0,2546,0.05577376276512176,206,0.08091123330714847,0.0,1.0,0.06310679611650485,0.03642204530019675,3.4602107430181217,0.06310679611650485,1.4206896551724137,0.9015776775701831
PDCD1,6201,0.004031607805192711,26,0.0041928721174004195,0.0,0.0,0.0,2546,0.015318146111547526,40,0.015710919088766692,0.0,0.0,0.025,0.011286538306354815,3.747054202670856,0.025,1.5384615384615385,0.9006636155505615
MAP2K3,6201,0.01128850185453959,73,0.011772294791162716,0.0,0.0,0.0,2546,0.02474469756480754,113,0.044383346425765906,0.0,0.0,0.017699115044247787,0.013456195710267951,3.7701524820023886,0.017699115044247787,1.547945205479452,0.9003864014607016
HTRA2,6201,0.0059667795516852125,37,0.0059667795516852125,0.0,0.0,0.0,2546,0.016496465043205028,52,0.0204241948153967,0.0,0.0,0.09615384615384616,0.010529685491519815,3.4229846500074306,0.09615384615384616,1.4054054054054055,0.900351079472129
JAK2,6201,0.014997581035316884,120,0.019351717464925013,0.0,0.0,0.0,2546,0.032992930086410056,181,0.07109190887666929,0.0,0.0,0.03314917127071823,0.017995349051093172,3.673674391201885,0.03314917127071823,1.5083333333333333,0.8999429096097644
CTNS,6201,0.0043541364296081275,27,0.0043541364296081275,0.0,0.0,0.0,2546,0.01178318931657502,43,0.016889238020424194,0.0,0.0,0.0,0.007429052886966892,3.878894998690757,0.0,1.5925925925925926,0.8992006318573543
RAD52,6201,0.004837929366231253,31,0.004999193678438961,0.0,0.0,0.0,2546,0.011390416339355853,44,0.01728201099764336,0.0,0.0,0.09090909090909091,0.0065524869731246,3.4569596837544028,0.09090909090909091,1.4193548387096775,0.898781245644342
BCL3,6201,0.005321722302854378,34,0.005482986615062087,0.0,0.0,0.0,2546,0.020031421838177535,51,0.020031421838177535,0.0,0.0,0.0392156862745098,0.014709699535323157,3.653377847604085,0.0392156862745098,1.5,0.8983715799742792
TFB2M,6201,0.0038703434929850023,24,0.0038703434929850023,0.0,0.0,0.0,2546,0.014925373134328358,38,0.014925373134328358,0.0,0.0,0.0,0.011055029641343356,3.8563432835820897,0.0,1.5833333333333333,0.8981935930051614
BAZ2A,6201,0.01741654571843251,125,0.020158039025963553,0.0,0.0,0.0,2546,0.029065200314218383,186,0.07305577376276512,0.0,0.0,0.04838709677419355,0.011648654595785873,3.624150824823252,0.04838709677419355,1.488,0.8981813194732585
PPP1R8,6201,0.0024189646831156266,15,0.0024189646831156266,0.0,0.0,0.0,2546,0.005106048703849175,24,0.009426551453260016,0.0,0.0,0.0,0.0026870840207335487,3.8969363707776905,0.0,1.6,0.8981496825857681
EIF1,6201,0.0008063215610385422,5,0.0008063215610385422,0.0,0.0,0.0,2546,0.003142183817753339,8,0.003142183817753339,0.0,0.0,0.0,0.0023358622567147967,3.896936370777691,0.0,1.6,0.8977984608217495
TIMP2,6201,0.0024189646831156266,17,0.0027414933075310434,0.0,0.0,0.0,2546,0.010604870384917517,27,0.010604870384917517,0.0,0.0,0.0,0.008185905701801891,3.868282426874913,0.0,1.588235294117647,0.8977799156086425
TDRD7,6201,0.009353330108047089,69,0.011127237542331882,0.0,0.0,0.0,2546,0.022388059701492536,101,0.0396700706991359,0.0,0.0,0.0594059405940594,0.013034729593445447,3.565132005874517,0.0594059405940594,1.463768115942029,0.8977409202059153
ABCC4,6201,0.01644895984518626,118,0.019029188840509595,0.0,0.0,0.0,2546,0.04006284367635507,176,0.06912804399057344,0.0,0.0,0.03409090909090909,0.02361388383116881,3.6327372947927623,0.03409090909090909,1.4915254237288136,0.8977055141440189
ATP6V1F,6201,0.001451378809869376,10,0.0016126431220770843,0.0,0.0,0.0,2546,0.003534956794972506,16,0.006284367635506678,0.0,0.0,0.0,0.00208357798510313,3.896936370777691,0.0,1.6,0.8975461765501379
RAB40C,6201,0.005321722302854378,35,0.005644250927269795,0.0,0.0,0.0,2546,0.012961508248232521,53,0.020816967792615867,0.0,0.0,0.03773584905660377,0.0076397859453781435,3.6881719223431717,0.03773584905660377,1.5142857142857142,0.8972711788990875
AGPAT3,6201,0.005321722302854378,34,0.005482986615062087,0.0,0.0,0.0,2546,0.012961508248232521,54,0.021209740769835034,0.0,0.0,0.0,0.0076397859453781435,3.868282426874913,0.0,1.588235294117647,0.8972337958522187
ISCA1,6201,0.0008063215610385422,5,0.0008063215610385422,0.0,0.0,0.0,2546,0.002356637863315004,8,0.003142183817753339,0.0,0.0,0.0,0.001550316302276462,3.896936370777691,0.0,1.6,0.8970129148673112
NFS1,6201,0.0035478148685695854,26,0.0041928721174004195,0.0,0.0,0.0,2546,0.010997643362136685,40,0.015710919088766692,0.0,0.0,0.025,0.007449828493567099,3.747054202670856,0.025,1.5384615384615385,0.8968269057377738
MBOAT2,6201,0.004676665054023544,32,0.00516045799064667,0.0,0.0,0.0,2546,0.009426551453260016,47,0.018460329929300863,0.0,0.0,0.06382978723404255,0.004749886399236472,3.577265809112333,0.06382978723404255,1.46875,0.8965343280230131
CAV1,6201,0.002902757619738752,18,0.002902757619738752,0.0,0.0,0.0,2546,0.006284367635506678,26,0.01021209740769835,0.0,0.0,0.07692307692307693,0.0033816100157679258,3.5180675569520816,0.07692307692307693,1.4444444444444444,0.895241877157558
KIF20B,6201,0.02080309627479439,169,0.027253668763102725,0.0,0.0,0.0,2546,0.0420267085624509,246,0.09662215239591516,0.0,0.0,0.052845528455284556,0.021223612287656513,3.5452897456039643,0.052845528455284556,1.455621301775148,0.8950134361883801
MMP2,6201,0.013868730849862926,101,0.01628769553297855,0.0,0.0,0.009900990099009901,2546,0.02670856245090338,157,0.06166535742340927,0.0,0.0,0.01910828025477707,0.012839831601040453,3.786008726560009,0.009207290155767168,1.5544554455445545,0.894596754032825
SKI,6201,0.006289308176100629,41,0.006611836800516046,0.0,0.0,0.0,2546,0.02474469756480754,64,0.02513747054202671,0.0,0.0,0.0,0.01845538938870691,3.8018891422221373,0.0,1.5609756097560976,0.894317620610018
PIDD1,6201,0.005321722302854378,35,0.005644250927269795,0.0,0.0,0.0,2546,0.018853102906520033,51,0.020031421838177535,0.0,0.0,0.058823529411764705,0.013531380603665655,3.548995623386826,0.058823529411764705,1.457142857142857,0.8941141959384326
MSH5,6201,0.01032091598129334,70,0.01128850185453959,0.0,0.0,0.0,2546,0.023173605655930872,110,0.04320502749410841,0.0,0.0,0.0,0.012852689674637532,3.827348221299518,0.0,1.5714285714285714,0.8940028035058561
PSMA6,6201,0.003386550556361877,22,0.0035478148685695854,0.0,0.0,0.0,2546,0.006284367635506678,35,0.013747054202670856,0.0,0.0,0.0,0.0028978170791448005,3.8747946868528174,0.0,1.5909090909090908,0.893828624564756
SEMA3C,6201,0.011933559103370425,79,0.012739880664408966,0.0,0.0,0.0,2546,0.020031421838177535,121,0.04752553024351924,0.0,0.0,0.024793388429752067,0.00809786273480711,3.7304533296210485,0.024793388429752067,1.5316455696202531,0.8937651098734815
CNOT4,6201,0.01032091598129334,72,0.011611030478955007,0.0,0.0,0.0,2546,0.021602513747054203,112,0.04399057344854674,0.0,0.0,0.008928571428571428,0.011281597765760864,3.788688138256088,0.008928571428571428,1.5555555555555556,0.8933194874434627
CLTB,6201,0.002580228995323335,17,0.0027414933075310434,0.0,0.0,0.0,2546,0.006284367635506678,27,0.010604870384917517,0.0,0.0,0.0,0.0037041386401833426,3.868282426874913,0.0,1.588235294117647,0.8932981485470239
DUSP1,6201,0.002580228995323335,16,0.002580228995323335,0.0,0.0,0.0,2546,0.009426551453260016,24,0.009426551453260016,0.0,0.0,0.041666666666666664,0.006846322457936682,3.653377847604085,0.041666666666666664,1.5,0.8929591832890496
GPC3,6201,0.009675858732462506,70,0.01128850185453959,0.0,0.0,0.0,2546,0.019638648860958365,105,0.04124116260801257,0.0,0.0,0.0380952380952381,0.009962790128495859,3.653377847604085,0.0380952380952381,1.5,0.8925042223881802
TUBGCP5,6201,0.012578616352201259,91,0.014675052410901468,0.0,0.0,0.01098901098901099,2546,0.023959151610369208,133,0.05223880597014925,0.0,0.0,0.06766917293233082,0.01138053525816795,3.559701492537313,0.05668016194331983,1.4615384615384615,0.8921706758622263
SF3A3,6201,0.005321722302854378,34,0.005482986615062087,0.0,0.0,0.029411764705882353,2546,0.012175962293794187,53,0.020816967792615867,0.0,0.0,0.018867924528301886,0.006854239990939809,3.7966475671179705,-0.010543840177580466,1.5588235294117647,0.8921681499940041
CLDN7,6201,0.0019351717464925011,12,0.0019351717464925011,0.0,0.0,0.0,2546,0.006677140612725845,19,0.007462686567164179,0.0,0.0,0.0,0.004741968866233344,3.8563432835820897,0.0,1.5833333333333333,0.8918805322300515
ALAS1,6201,0.007418158361554588,50,0.008063215610385421,0.0,0.0,0.0,2546,0.016889238020424194,76,0.029850746268656716,0.0,0.0,0.02631578947368421,0.009471079658869607,3.702089552238806,0.02631578947368421,1.52,0.890646684072458
CCNG1,6201,0.0032252862441541686,21,0.003386550556361877,0.0,0.0,0.0,2546,0.005106048703849175,32,0.012568735271013355,0.0,0.0,0.03125,0.0018807624596950067,3.711367972169229,0.03125,1.5238095238095237,0.8899618877095626
SPRR3,6201,0.005805515239477504,44,0.007095629737139171,0.0,0.0,0.0,2546,0.014532600157109192,37,0.014532600157109192,0.0,0.0,0.4594594594594595,0.008727084917631689,2.048105763050775,0.4594594594594595,0.8409090909090909,0.8895597002031838
CTSH,6201,0.004515400741815836,29,0.004676665054023544,0.0,0.0,0.0,2546,0.01178318931657502,43,0.016889238020424194,0.0,0.0,0.046511627906976744,0.007267788574759183,3.6113849987810496,0.046511627906976744,1.4827586206896552,0.8891604813842833
PECR,6201,0.003709079180777294,23,0.003709079180777294,0.0,0.0,0.0,2546,0.012568735271013355,32,0.012568735271013355,0.0,0.0,0.09375,0.008859656090236062,3.3886403224153834,0.09375,1.391304347826087,0.8884819330982762
HADHB,6201,0.006934365424931463,45,0.00725689404934688,0.0,0.0,0.022222222222222223,2546,0.01021209740769835,57,0.022388059701492536,0.0,0.0,0.19298245614035087,0.0032777319827668877,3.0850746268656715,0.17076023391812864,1.2666666666666666,0.8882307819966175
PLXNB2,6201,0.02580228995323335,191,0.03080148363167231,0.0,0.0,0.005235602094240838,2546,0.05813040062843677,290,0.11390416339355852,0.0,1.0,0.0034482758620689655,0.032328110675203414,3.698008990594013,-0.0017873262321718725,1.5183246073298429,0.8881070562890064
AXIN2,6201,0.012578616352201259,83,0.0133849379132398,0.0,0.0,0.0,2546,0.03927729772191673,122,0.047918303220738416,0.0,0.0,0.03278688524590164,0.026698681369715472,3.58001684664818,0.03278688524590164,1.4698795180722892,0.8880410624824634
UBE2S,6201,0.002257700370907918,14,0.002257700370907918,0.0,0.0,0.0,2546,0.00864100549882168,22,0.00864100549882168,0.0,0.0,0.0,0.006383305127913762,3.827348221299517,0.0,1.5714285714285714,0.8875334189591322
LEF1,6201,0.006773101112723754,44,0.007095629737139171,0.0,0.0,0.0,2546,0.014532600157109192,69,0.027101335428122545,0.0,0.0,0.0,0.007759499044385438,3.8194404770406343,0.0,1.5681818181818181,0.8872701562071982
NCOA4,6201,0.007418158361554588,47,0.0075794226737622965,0.0,0.0,0.0,2546,0.016496465043205028,71,0.02788688138256088,0.0,0.0,0.028169014084507043,0.00907830668165044,3.6792883287927665,0.028169014084507043,1.5106382978723405,0.8872461720752133
NBN,6201,0.00822447992259313,59,0.009514594420254797,0.0,0.0,0.0,2546,0.0204241948153967,81,0.03181461115475255,0.0,0.0,0.09876543209876543,0.012199714892803571,3.343769555434247,0.09876543209876543,1.3728813559322033,0.8865604987229292
B4GALNT2,6201,0.009998387356877922,77,0.01241735203999355,0.0,0.0,0.0,2546,0.020816967792615867,108,0.04241948153967007,0.0,0.0,0.08333333333333333,0.010818580435737945,3.4161455198375856,0.08333333333333333,1.4025974025974026,0.8862719945027586
SLC10A3,6201,0.00612804386389292,39,0.006289308176100629,0.0,0.0,0.0,2546,0.014532600157109192,61,0.023959151610369208,0.0,0.0,0.0,0.008404556293216271,3.8095051060487037,0.0,1.564102564102564,0.8858515660021872
TPM1,6201,0.004031607805192711,25,0.004031607805192711,0.0,0.0,0.0,2546,0.007855459544383346,38,0.014925373134328358,0.0,0.0,0.02631578947368421,0.0038238517391906354,3.702089552238806,0.02631578947368421,1.52,0.884999456152779
S100A4,6201,0.001128850185453959,7,0.001128850185453959,0.0,0.0,0.0,2546,0.00432050274941084,11,0.00432050274941084,0.0,0.0,0.0,0.003191652563956881,3.827348221299517,0.0,1.5714285714285714,0.8843417663951754
VDAC3,6201,0.002580228995323335,17,0.0027414933075310434,0.0,0.0,0.0,2546,0.006284367635506678,24,0.009426551453260016,0.0,0.0,0.08333333333333333,0.0037041386401833426,3.4384732683332566,0.08333333333333333,1.411764705882353,0.8842007502413196
SYNJ2,6201,0.019190453152717304,135,0.02177068214804064,0.0,0.0,0.0,2546,0.04477611940298507,201,0.07894736842105263,0.0,0.0,0.01990049751243781,0.02558566625026777,3.626315789473684,0.01990049751243781,1.488888888888889,0.8840998087274511
PTX3,6201,0.00306402193194646,19,0.00306402193194646,0.0,0.0,0.0,2546,0.010604870384917517,27,0.010604870384917517,0.0,0.0,0.07407407407407407,0.007540848452971057,3.4610948029933435,0.07407407407407407,1.4210526315789473,0.883861949399039
FAS,6201,0.005805515239477504,41,0.006611836800516046,0.0,0.0,0.0,2546,0.012175962293794187,51,0.020031421838177535,0.0,0.0,0.17647058823529413,0.0063704470543166835,3.0296304102082656,0.17647058823529413,1.2439024390243902,0.8833685168569317
RETSAT,6201,0.009353330108047089,62,0.009998387356877922,0.0,0.0,0.0,2546,0.03456402199528672,88,0.03456402199528672,0.0,0.0,0.056818181818181816,0.025210691887239633,3.4569596837544028,0.056818181818181816,1.4193548387096775,0.8833485414675479
PDCD4,6201,0.006450572488308337,42,0.006773101112723754,0.0,0.0,0.0,2546,0.009426551453260016,62,0.024351924587588374,0.0,0.0,0.04838709677419355,0.002975978964951679,3.595387723038941,0.04838709677419355,1.4761904761904763,0.8832690267609428
CERCAM,6201,0.009353330108047089,61,0.009837123044670215,0.0,0.0,0.03278688524590164,2546,0.0192458758837392,91,0.03574234092694423,0.0,0.0,0.0,0.00989254577569211,3.633414034229199,-0.03278688524590164,1.4918032786885247,0.882826219238042
ENTPD7,6201,0.00725689404934688,47,0.0075794226737622965,0.0,0.0,0.0,2546,0.014925373134328358,68,0.02670856245090338,0.0,0.0,0.058823529411764705,0.007668479084981478,3.523825441660678,0.058823529411764705,1.446808510638298,0.8827028004906149
LMAN1,6201,0.007418158361554588,50,0.008063215610385421,0.0,0.0,0.0,2546,0.028672427336999214,74,0.029065200314218383,0.0,0.0,0.02702702702702703,0.021254268975444628,3.6046661429693643,0.02702702702702703,1.48,0.8822042837093319
IDE,6201,0.012094823415578132,86,0.013868730849862926,0.0,0.0,0.011627906976744186,2546,0.020031421838177535,132,0.051846032992930086,0.0,0.0,0.0,0.007936598422599403,3.738340123129761,-0.011627906976744186,1.5348837209302326,0.8821042142235792
CSRP1,6201,0.0016126431220770843,12,0.0019351717464925011,0.0,0.0,0.0,2546,0.005106048703849175,16,0.006284367635506678,0.0,0.0,0.125,0.003493405581772091,3.2474469756480757,0.125,1.3333333333333333,0.8816643158464252
PTCD2,6201,0.00516045799064667,33,0.005321722302854378,0.0,0.0,0.0,2546,0.009426551453260016,49,0.0192458758837392,0.0,0.0,0.04081632653061224,0.004266093462613346,3.6164750410626296,0.04081632653061224,1.4848484848484849,0.8815666751860093
JAGN1,6201,0.002257700370907918,14,0.002257700370907918,0.0,0.0,0.07142857142857142,2546,0.0054988216810683424,20,0.007855459544383346,0.0,0.0,0.0,0.0032411213101604243,3.479407473908652,-0.07142857142857142,1.4285714285714286,0.8810132895702697
ANXA2,6201,0.002902757619738752,19,0.00306402193194646,0.0,0.0,0.0,2546,0.006677140612725845,27,0.010604870384917517,0.0,0.0,0.07407407407407407,0.003774382992987093,3.4610948029933435,0.07407407407407407,1.4210526315789473,0.8800954839390549
SYNCRIP,6201,0.009514594420254797,64,0.01032091598129334,0.0,0.0,0.0,2546,0.015710919088766692,93,0.03652788688138256,0.0,0.0,0.053763440860215055,0.006196324668511895,3.539209789866457,0.053763440860215055,1.453125,0.8795655267771981
COIL,6201,0.0059667795516852125,40,0.006450572488308337,0.0,0.0,0.0,2546,0.02356637863315004,60,0.02356637863315004,0.0,0.0,0.016666666666666666,0.017599599081464825,3.6533778476040846,0.016666666666666666,1.5,0.8787124599125777
ALDOA,6201,0.00516045799064667,33,0.005321722302854378,0.0,0.0,0.0,2546,0.009426551453260016,46,0.018067556952081697,0.0,0.0,0.08695652173913043,0.004266093462613346,3.3950582018138973,0.08695652173913043,1.393939393939394,0.8785562084247922
NTF3,6201,0.008063215610385421,58,0.009353330108047089,0.0,0.0,0.0,2546,0.018460329929300863,87,0.034171249018067555,0.0,0.0,0.022988505747126436,0.010397114318915442,3.653377847604085,0.022988505747126436,1.5,0.8778318142304881
CACNA2D2,6201,0.012739880664408966,87,0.014029995162070633,0.0,0.0,0.0,2546,0.02749410840534171,131,0.05145326001571092,0.0,0.0,0.015267175572519083,0.014754227740932746,3.66737546387843,0.015267175572519083,1.5057471264367817,0.8774711372840854
IMP3,6201,0.001451378809869376,9,0.001451378809869376,0.0,0.0,0.0,2546,0.0054988216810683424,14,0.0054988216810683424,0.0,0.0,0.0,0.004047442871198966,3.788688138256088,0.0,1.5555555555555556,0.8771567611203294
EGLN2,6201,0.0038703434929850023,24,0.0038703434929850023,0.0,0.0,0.0,2546,0.014532600157109192,37,0.014532600157109192,0.0,0.0,0.0,0.01066225666412419,3.7548605655930873,0.0,1.5416666666666667,0.8766824479267015
CDK1,6201,0.002257700370907918,15,0.0024189646831156266,0.0,0.0,0.0,2546,0.006284367635506678,22,0.00864100549882168,0.0,0.0,0.045454545454545456,0.004026667264598759,3.5721916732128824,0.045454545454545456,1.4666666666666666,0.8763267004879159
MAP1S,6201,0.013707466537655217,93,0.014997581035316884,0.0,0.0,0.0,2546,0.031421838177533384,142,0.05577376276512176,0.0,0.0,0.0,0.017714371639878167,3.7188505688873126,0.0,1.5268817204301075,0.876132437479901
FBXO6,6201,0.0027414933075310434,17,0.0027414933075310434,0.0,0.0,0.0,2546,0.009819324430479183,25,0.009819324430479183,0.0,0.0,0.04,0.007077831122948139,3.5817429878471416,0.04,1.4705882352941178,0.8760101413247188
WSB1,6201,0.004515400741815836,31,0.004999193678438961,0.0,0.0,0.0,2546,0.010997643362136685,44,0.01728201099764336,0.0,0.0,0.06818181818181818,0.0064822426203208485,3.4569596837544028,0.06818181818181818,1.4193548387096775,0.8759837285642655
DNAJC12,6201,0.0027414933075310434,17,0.0027414933075310434,0.0,0.0,0.0,2546,0.009426551453260016,25,0.009819324430479183,0.0,0.0,0.04,0.006685058145728973,3.5817429878471416,0.04,1.4705882352941178,0.8756173683474996
ABCA8,6201,0.024995968392194808,207,0.033381712626995644,0.0,0.0,0.0,2546,0.044383346425765906,302,0.11861743912018853,0.0,0.0,0.033112582781456956,0.019387378033571098,3.553365893643909,0.033112582781456956,1.458937198067633,0.875219496577529
INS,6201,0.0008063215610385422,5,0.0008063215610385422,0.0,0.0,0.2,2546,0.002356637863315004,6,0.002356637863315004,0.0,0.0,0.0,0.001550316302276462,2.922702278083268,-0.2,1.2,0.8751839087014398
SLC23A2,6201,0.01128850185453959,78,0.012578616352201259,0.0,0.0,0.01282051282051282,2546,0.04399057344854674,112,0.04399057344854674,0.0,0.0,0.044642857142857144,0.03270207159400715,3.4972505891594654,0.03182234432234432,1.435897435897436,0.8748434652214401
POMC,6201,0.005321722302854378,36,0.005805515239477504,0.0,0.0,0.0,2546,0.020816967792615867,55,0.021602513747054203,0.0,0.0,0.0,0.01549524548976149,3.7210329929300867,0.0,1.5277777777777777,0.8743756950164824
ZMIZ1,6201,0.01241735203999355,92,0.014836316723109175,0.0,0.0,0.010869565217391304,2546,0.051846032992930086,133,0.05223880597014925,0.0,1.0,0.03007518796992481,0.039428680952936536,3.5210090850097338,0.019205622752533506,1.4456521739130435,0.8742223409692969
SLC25A11,6201,0.0043541364296081275,29,0.004676665054023544,0.0,0.0,0.0,2546,0.007069913589945012,41,0.01610369206598586,0.0,0.0,0.07317073170731707,0.0027157771603368843,3.4434136034889073,0.07317073170731707,1.4137931034482758,0.8741622389683702
KPNB1,6201,0.008063215610385421,53,0.008547008547008548,0.0,0.0,0.0,2546,0.016889238020424194,79,0.031029065200314218,0.0,0.0,0.02531645569620253,0.008826022410038773,3.6304006284367634,0.02531645569620253,1.490566037735849,0.8736386907210716
SKIL,6201,0.0075794226737622965,48,0.0077406869859700045,0.0,0.0,0.0,2546,0.012961508248232521,63,0.02474469756480754,0.0,0.0,0.12698412698412698,0.005382085574470225,3.196705616653574,0.12698412698412698,1.3125,0.8735188725161447
CKB,6201,0.004031607805192711,25,0.004031607805192711,0.0,0.0,0.0,2546,0.009426551453260016,36,0.014139827179890024,0.0,0.0,0.05555555555555555,0.005394943648067306,3.5072427336999215,0.05555555555555555,1.44,0.8734889179465302
ENPP2,6201,0.01564263828414772,116,0.018706660216094177,0.0,0.0,0.0,2546,0.027101335428122545,166,0.06520031421838178,0.0,0.0,0.05421686746987952,0.011458697143974825,3.4854064523119437,0.05421686746987952,1.4310344827586208,0.8733575002772043
IGFBP5,6201,0.0032252862441541686,21,0.003386550556361877,0.0,0.0,0.0,2546,0.012175962293794187,31,0.012175962293794187,0.0,0.0,0.03225806451612903,0.008950676049640019,3.595387723038941,0.03225806451612903,1.4761904761904763,0.8731146915875666
ACADS,6201,0.005805515239477504,37,0.0059667795516852125,0.0,0.0,0.0,2546,0.013747054202670856,53,0.020816967792615867,0.0,0.0,0.05660377358490566,0.007941538963193353,3.488811277892189,0.05660377358490566,1.4324324324324325,0.8729860498910994
CRABP1,6201,0.0017739074342847927,11,0.0017739074342847927,0.0,0.0,0.0,2546,0.006677140612725845,17,0.006677140612725845,0.0,0.0,0.0,0.004903233178441052,3.764086267228451,0.0,1.5454545454545454,0.8728618120979875
ATP1A1,6201,0.012094823415578132,88,0.014191259474278342,0.0,0.0,0.0,2546,0.03456402199528672,125,0.049096622152395915,0.0,0.0,0.048,0.02246919857970859,3.459638113261444,0.048,1.4204545454545454,0.8723896402353256
ENG,6201,0.006611836800516046,43,0.006934365424931463,0.0,0.0,0.0,2546,0.01610369206598586,66,0.025923016496465043,0.0,0.0,0.0,0.009491855265469813,3.738340123129761,0.0,1.5348837209302326,0.8720315640897054
ACTR3,6201,0.003386550556361877,22,0.0035478148685695854,0.0,0.0,0.0,2546,0.007069913589945012,34,0.01335428122545169,0.0,0.0,0.0,0.003683363033583135,3.764086267228451,0.0,1.5454545454545454,0.8716419419531296
COMT,6201,0.0035478148685695854,22,0.0035478148685695854,0.0,0.0,0.0,2546,0.007069913589945012,34,0.01335428122545169,0.0,0.0,0.0,0.0035220987213754264,3.764086267228451,0.0,1.5454545454545454,0.8714806776409219
PPRC1,6201,0.017900338655055636,137,0.022093210772456056,0.0,0.0,0.0,2546,0.041633935585231735,193,0.0758051846032993,0.0,0.0,0.05181347150259067,0.0237335969301761,3.43115291770116,0.05181347150259067,1.4087591240875912,0.8710596903728547
GUSB,6201,0.009514594420254797,65,0.010482180293501049,0.0,0.0,0.0,2546,0.014925373134328358,83,0.03260015710919089,0.0,0.0,0.14457831325301204,0.0054107787140735605,3.110054988216811,0.14457831325301204,1.2769230769230768,0.8702783189539616
PTPN11,6201,0.01128850185453959,74,0.011933559103370425,0.0,0.0,0.0,2546,0.0204241948153967,104,0.0408483896307934,0.0,0.0,0.0673076923076923,0.009135692960857112,3.4229846500074306,0.0673076923076923,1.4054054054054055,0.8701109330953125
CD247,6201,0.0041928721174004195,30,0.004837929366231253,0.0,0.0,0.0,2546,0.007462686567164179,45,0.01767478397486253,0.0,0.0,0.022222222222222223,0.0032698144497637594,3.653377847604085,0.022222222222222223,1.5,0.8699382308364322
HIF1A,6201,0.008708272859216255,66,0.010643444605708756,0.0,0.0,0.0,2546,0.0192458758837392,90,0.03534956794972506,0.0,0.0,0.08888888888888889,0.010537603024522944,3.3212525887309865,0.08888888888888889,1.3636363636363635,0.8698246226769263
AADAT,6201,0.004031607805192711,26,0.0041928721174004195,0.0,0.0,0.0,2546,0.009426551453260016,40,0.015710919088766692,0.0,0.0,0.0,0.005394943648067306,3.747054202670856,0.0,1.5384615384615385,0.8697720208922739
ABCC5,6201,0.017094017094017096,123,0.01983551040154814,0.0,0.0,0.0,2546,0.04359780047132757,175,0.06873527101335428,0.0,0.0,0.04,0.026503783377310478,3.465263541087885,0.04,1.4227642276422765,0.8696848391638785
NCAM1,6201,0.016126431220770843,126,0.020319303338171262,0.0,0.0,0.0,2546,0.03613511390416339,185,0.07266300078554595,0.0,0.0,0.021621621621621623,0.02000868268339255,3.576057681517226,0.021621621621621623,1.4682539682539681,0.8693209829697869
RFC3,6201,0.004031607805192711,26,0.0041928721174004195,0.0,0.0,0.038461538461538464,2546,0.015318146111547526,39,0.015318146111547526,0.0,0.0,0.02564102564102564,0.011286538306354815,3.6533778476040846,-0.012820512820512824,1.5,0.8685532452913138
SMOX,6201,0.009192065795839382,62,0.009998387356877922,0.0,0.0,0.0,2546,0.022388059701492536,93,0.03652788688138256,0.0,0.0,0.010752688172043012,0.013195993905653155,3.653377847604085,0.010752688172043012,1.5,0.8683948762421424
EXOSC2,6201,0.002580228995323335,17,0.0027414933075310434,0.0,0.0,0.0,2546,0.003927729772191673,22,0.00864100549882168,0.0,0.0,0.13636363636363635,0.001347500776868338,3.151933829305485,0.13636363636363635,1.2941176470588236,0.8681381652519977
HDAC1,6201,0.0041928721174004195,26,0.0041928721174004195,0.0,0.0,0.0,2546,0.014532600157109192,37,0.014532600157109192,0.0,0.0,0.05405405405405406,0.010339728039708772,3.466025137470542,0.05405405405405406,1.4230769230769231,0.8677453835679497
EIF2AK3,6201,0.012739880664408966,89,0.01435252378648605,0.0,0.0,0.011235955056179775,2546,0.02945797329143755,123,0.04831107619795758,0.0,0.0,0.08130081300813008,0.016718092627028586,3.366033522511629,0.0700648579519503,1.3820224719101124,0.8674907062005959
ITGB1BP1,6201,0.0027414933075310434,18,0.002902757619738752,0.0,0.0,0.0,2546,0.0054988216810683424,25,0.009819324430479183,0.0,0.0,0.08,0.002757328373537299,3.3827572663000782,0.08,1.3888888888888888,0.8672881869957458
EPB41L2,6201,0.014997581035316884,106,0.017094017094017096,0.0,0.0,0.0,2546,0.023959151610369208,138,0.05420267085624509,0.0,0.0,0.12318840579710146,0.008961570575052324,3.1708562450903375,0.12318840579710146,1.3018867924528301,0.8671241450987022
FAM120A,6201,0.011611030478955007,85,0.013707466537655217,0.0,0.0,0.011764705882352941,2546,0.03338570306362922,127,0.04988216810683425,0.0,0.0,0.015748031496062992,0.021774672584674214,3.6390508756526962,0.003983325613710051,1.4941176470588236,0.8671206102917972
BTRC,6201,0.009837123044670215,64,0.01032091598129334,0.0,0.0,0.0,2546,0.01610369206598586,90,0.03534956794972506,0.0,0.0,0.06666666666666667,0.006266569021315643,3.42504173212883,0.06666666666666667,1.40625,0.8670657645330244
SCRN1,6201,0.00612804386389292,45,0.00725689404934688,0.0,0.0,0.0,2546,0.01178318931657502,65,0.025530243519245877,0.0,0.0,0.046153846153846156,0.005655145452682099,3.5180675569520816,0.046153846153846156,1.4444444444444444,0.8667461818252414
PEG3,6201,0.048701822286727946,419,0.06756974681502984,0.0,0.0,0.007159904534606206,2546,0.06520031421838178,614,0.24116260801256872,0.0,1.0,0.030944625407166124,0.016498491931653834,3.5690914851693045,0.02378472087255992,1.4653937947494033,0.8664504176429586
MLYCD,6201,0.0038703434929850023,27,0.0043541364296081275,0.0,0.0,0.0,2546,0.01610369206598586,41,0.01610369206598586,0.0,0.0,0.0,0.012233348573000857,3.698481277821419,0.0,1.5185185185185186,0.8663254921321307
MSC,6201,0.004031607805192711,27,0.0043541364296081275,0.0,0.0,0.0,2546,0.01610369206598586,41,0.01610369206598586,0.0,0.0,0.0,0.012072084260793148,3.698481277821419,0.0,1.5185185185185186,0.8661642278199231
SLC22A5,6201,0.00516045799064667,36,0.005805515239477504,0.0,0.0,0.0,2546,0.012175962293794187,55,0.021602513747054203,0.0,0.0,0.0,0.007015504303147517,3.7210329929300867,0.0,1.5277777777777777,0.8658959538298685
IFIT1,6201,0.004837929366231253,34,0.005482986615062087,0.0,0.0,0.0,2546,0.010997643362136685,52,0.0204241948153967,0.0,0.0,0.0,0.006159713995905432,3.725012707361028,0.0,1.5294117647058822,0.8658827837666272
B4GALT4,6201,0.003386550556361877,21,0.003386550556361877,0.0,0.0,0.0,2546,0.012175962293794187,32,0.012568735271013355,0.0,0.0,0.0,0.00878941173743231,3.711367972169229,0.0,1.5238095238095237,0.8656205369872999
EHD1,6201,0.007418158361554588,52,0.008385744234800839,0.0,0.0,0.0,2546,0.018460329929300863,79,0.031029065200314218,0.0,0.0,0.0,0.011042171567746275,3.7002160251374705,0.0,1.5192307692307692,0.8655034614627634
ADA,6201,0.005321722302854378,36,0.005805515239477504,0.0,0.0,0.0,2546,0.011390416339355853,55,0.021602513747054203,0.0,0.0,0.0,0.006068694036501475,3.7210329929300867,0.0,1.5277777777777777,0.8649491435632224
HRC,6201,0.014997581035316884,110,0.017739074342847928,0.0,0.0,0.0,2546,0.0420267085624509,109,0.04281225451688924,0.0,0.0,0.30275229357798167,0.027029127527134017,2.4134435478111835,0.30275229357798167,0.990909090909091,0.8643558603649386
PHLDA2,6201,0.0017739074342847927,12,0.0019351717464925011,0.0,0.0,0.0,2546,0.006677140612725845,17,0.006677140612725845,0.0,0.0,0.058823529411764705,0.004903233178441052,3.4504124116260804,0.058823529411764705,1.4166666666666667,0.8635763506840883
CBFA2T3,6201,0.009675858732462506,69,0.011127237542331882,0.0,0.0,0.0,2546,0.022780832678711706,99,0.038884524744697564,0.0,0.0,0.04040404040404041,0.0131049739462492,3.4945353324908637,0.04040404040404041,1.434782608695652,0.8632241220636204
NARF,6201,0.006934365424931463,48,0.0077406869859700045,0.0,0.0,0.0,2546,0.011390416339355853,68,0.02670856245090338,0.0,0.0,0.058823529411764705,0.00445605091442439,3.4504124116260804,0.058823529411764705,1.4166666666666667,0.8631291684200717
SLC12A3,6201,0.017094017094017096,120,0.019351717464925013,0.0,0.0,0.0,2546,0.03574234092694423,180,0.07069913589945012,0.0,0.0,0.0,0.01864832383292713,3.653377847604085,0.0,1.5,0.8630945179973734
TEAD4,6201,0.00822447992259313,54,0.008708272859216255,0.0,0.0,0.0,2546,0.016496465043205028,82,0.03220738413197172,0.0,0.0,0.0,0.008271985120611898,3.698481277821419,0.0,1.5185185185185186,0.8623641286797418
ACOX3,6201,0.011933559103370425,78,0.012578616352201259,0.0,0.0,0.0,2546,0.021209740769835034,117,0.04595443833464258,0.0,0.0,0.008547008547008548,0.009276181666464609,3.6533778476040846,0.008547008547008548,1.5,0.8622693843779193
RCE1,6201,0.00306402193194646,19,0.00306402193194646,0.0,0.0,0.0,2546,0.007069913589945012,29,0.011390416339355853,0.0,0.0,0.0,0.004005891657998552,3.7174721958076655,0.0,1.5263157894736843,0.8621318155008003
EZH2,6201,0.012578616352201259,84,0.013546202225447508,0.0,0.0,0.0,2546,0.016496465043205028,123,0.04831107619795758,0.0,0.0,0.032520325203252036,0.00391784869100377,3.5663926607563687,0.032520325203252036,1.4642857142857142,0.8620145344059046
MKRN1,6201,0.005805515239477504,36,0.005805515239477504,0.0,0.0,0.0,2546,0.014139827179890024,52,0.0204241948153967,0.0,0.0,0.038461538461538464,0.00833431194041252,3.5180675569520816,0.038461538461538464,1.4444444444444444,0.8617330406206641
KLK10,6201,0.0043541364296081275,28,0.004515400741815836,0.0,0.0,0.0,2546,0.01610369206598586,41,0.01610369206598586,0.0,0.0,0.024390243902439025,0.01174955563637773,3.566392660756368,0.024390243902439025,1.4642857142857142,0.8617161600504653
BANK1,6201,0.01435252378648605,100,0.016126431220770843,0.0,0.0,0.0,2546,0.02356637863315004,145,0.05695208169677926,0.0,0.0,0.034482758620689655,0.009213854846663988,3.531598586017282,0.034482758620689655,1.45,0.861624198897299
OLFML3,6201,0.00612804386389292,44,0.007095629737139171,0.0,0.0,0.0,2546,0.010997643362136685,67,0.02631578947368421,0.0,0.0,0.0,0.0048695994982437645,3.7087320574162677,0.0,1.5227272727272727,0.8611410884781187
RPS5,6201,0.00306402193194646,20,0.0032252862441541686,0.0,0.0,0.0,2546,0.011390416339355853,29,0.011390416339355853,0.0,0.0,0.034482758620689655,0.008326394407409392,3.531598586017282,0.034482758620689655,1.45,0.8607367384580444
IGFBP3,6201,0.004515400741815836,29,0.004676665054023544,0.0,0.0,0.0,2546,0.01178318931657502,44,0.01728201099764336,0.0,0.0,0.0,0.007267788574759183,3.69537069642712,0.0,1.5172413793103448,0.8606976731337442
ZYX,6201,0.006773101112723754,46,0.007418158361554588,0.0,0.0,0.0,2546,0.019638648860958365,68,0.02670856245090338,0.0,0.0,0.014705882352941176,0.012865547748234611,3.600430342566345,0.014705882352941176,1.4782608695652173,0.8605741013923099
CAPN2,6201,0.008385744234800839,59,0.009514594420254797,0.0,0.0,0.0,2546,0.019638648860958365,89,0.034956794972505895,0.0,0.0,0.0,0.011252904626157526,3.6740184004154077,0.0,1.5084745762711864,0.8601248969349514
SST,6201,0.0020964360587002098,15,0.0024189646831156266,0.0,0.0,0.0,2546,0.007855459544383346,20,0.007855459544383346,0.0,0.0,0.1,0.005759023485683136,3.2474469756480753,0.1,1.3333333333333333,0.8589299337503361
MCCC1,6201,0.009192065795839382,65,0.010482180293501049,0.0,0.0,0.0,2546,0.01728201099764336,97,0.03809897879025923,0.0,0.0,0.010309278350515464,0.00808994520180398,3.6346425765907306,0.010309278350515464,1.4923076923076923,0.8588111250325976
CYP39A1,6201,0.006450572488308337,44,0.007095629737139171,0.0,0.0,0.0,2546,0.015318146111547526,61,0.023959151610369208,0.0,0.0,0.06557377049180328,0.00886757362323919,3.3766067985431696,0.06557377049180328,1.3863636363636365,0.8575678841766426
ACACA,6201,0.027576197387518143,200,0.032252862441541685,0.0,0.0,0.005,2546,0.04359780047132757,285,0.11194029850746269,0.0,0.0,0.042105263157894736,0.01602160308380943,3.470708955223881,0.03710526315789474,1.425,0.8575266846894795
WWTR1,6201,0.004676665054023544,33,0.005321722302854378,0.0,0.0,0.0,2546,0.015318146111547526,41,0.01610369206598586,0.0,0.0,0.14634146341463414,0.010641481057523982,3.026030136399343,0.14634146341463414,1.2424242424242424,0.8566165765462437
MYBL1,6201,0.00725689404934688,48,0.0077406869859700045,0.0,0.0,0.0,2546,0.015710919088766692,67,0.02631578947368421,0.0,0.0,0.05970149253731343,0.008454025039419812,3.3996710526315788,0.05970149253731343,1.3958333333333333,0.8565381143807279
STRBP,6201,0.006450572488308337,46,0.007418158361554588,0.0,0.0,0.0,2546,0.014139827179890024,64,0.02513747054202671,0.0,0.0,0.0625,0.007689254691581686,3.3886403224153834,0.0625,1.391304347826087,0.8560615316996217
AHCY,6201,0.005644250927269795,39,0.006289308176100629,0.0,0.0,0.0,2546,0.01021209740769835,59,0.023173605655930872,0.0,0.0,0.0,0.004567846480428556,3.6846032992930087,0.0,1.5128205128205128,0.8557019033818005
TP63,6201,0.02370585389453314,187,0.030156426382841477,0.0,0.0,0.0,2546,0.030243519245875882,249,0.09780047132757266,0.0,0.0,0.0963855421686747,0.006537665351342741,3.2431054689961396,0.0963855421686747,1.3315508021390374,0.8550714500469417
RAN,6201,0.0027414933075310434,18,0.002902757619738752,0.0,0.0,0.0,2546,0.00589159465828751,23,0.009033778476040848,0.0,0.0,0.13043478260869565,0.003150101350756466,3.1121366849960723,0.13043478260869565,1.2777777777777777,0.8543804715145262
SLC34A3,6201,0.005644250927269795,38,0.00612804386389292,0.0,0.0,0.0,2546,0.0204241948153967,54,0.021209740769835034,0.0,0.0,0.037037037037037035,0.014779943888126906,3.4610948029933435,0.037037037037037035,1.4210526315789473,0.8540640077971577
P2RX7,6201,0.005321722302854378,37,0.0059667795516852125,0.0,0.0,0.0,2546,0.021602513747054203,55,0.021602513747054203,0.0,0.0,0.0,0.016280791444199826,3.6204645336617056,0.0,1.4864864864864864,0.8536288593348739
SYNJ1,6201,0.018706660216094177,138,0.022254475084663765,0.0,0.0,0.007246376811594203,2546,0.03220738413197172,183,0.07187745483110762,0.0,0.0,0.09836065573770492,0.01350072391587754,3.229797807302162,0.09111427892611071,1.326086956521739,0.8536220145056275
IFI35,6201,0.002902757619738752,19,0.00306402193194646,0.0,0.0,0.0,2546,0.006284367635506678,26,0.01021209740769835,0.0,0.0,0.07692307692307693,0.0033816100157679258,3.332906106586183,0.07692307692307693,1.368421052631579,0.8533959795241314
PLEKHG2,6201,0.015803902596355425,119,0.019190453152717304,0.0,0.0,0.0,2546,0.04006284367635507,163,0.06402199528672427,0.0,0.0,0.05521472392638037,0.024258941079999645,3.336137754394766,0.05521472392638037,1.3697478991596639,0.8533105180041185
CD4,6201,0.008547008547008548,66,0.010643444605708756,0.0,0.0,0.0,2546,0.01728201099764336,99,0.038884524744697564,0.0,0.0,0.0,0.008735002450634813,3.653377847604085,0.0,1.5,0.8531811966150811
NET1,6201,0.00612804386389292,42,0.006773101112723754,0.0,0.0,0.0,2546,0.014925373134328358,59,0.023173605655930872,0.0,0.0,0.05084745762711865,0.008797329270435437,3.4214173493435083,0.05084745762711865,1.4047619047619047,0.8529579182967412
PCBP1,6201,0.0043541364296081275,29,0.004676665054023544,0.0,0.0,0.0,2546,0.01610369206598586,42,0.016496465043205028,0.0,0.0,0.023809523809523808,0.01174955563637773,3.5273993011349787,0.023809523809523808,1.4482758620689655,0.8525595678093963
FOXO1,6201,0.006773101112723754,48,0.0077406869859700045,0.0,0.0,0.0,2546,0.025923016496465043,67,0.02631578947368421,0.0,0.0,0.04477611940298507,0.01914991538374129,3.3996710526315788,0.04477611940298507,1.3958333333333333,0.852308631590721
TCF19,6201,0.002902757619738752,18,0.002902757619738752,0.0,0.0,0.0,2546,0.010604870384917517,27,0.010604870384917517,0.0,0.0,0.0,0.007702112765178765,3.6533778476040846,0.0,1.5,0.852148306929625
OGDH,6201,0.01741654571843251,123,0.01983551040154814,0.0,0.0,0.0,2546,0.03338570306362922,177,0.06952081696779261,0.0,0.0,0.022598870056497175,0.015969157345196713,3.504866552986032,0.022598870056497175,1.4390243902439024,0.8505791154846272
F2RL2,6201,0.004999193678438961,34,0.005482986615062087,0.0,0.0,0.0,2546,0.010997643362136685,51,0.020031421838177535,0.0,0.0,0.0,0.005998449683697724,3.653377847604085,0.0,1.5,0.8504446438481439
JUN,6201,0.004031607805192711,25,0.004031607805192711,0.0,0.0,0.0,2546,0.014139827179890024,36,0.014139827179890024,0.0,0.0,0.027777777777777776,0.010108219374697313,3.5072427336999215,0.027777777777777776,1.44,0.8504244158953824
ATP6V1G1,6201,0.0012901144976616675,8,0.0012901144976616675,0.0,0.0,0.0,2546,0.003534956794972506,9,0.003534956794972506,0.0,0.0,0.2222222222222222,0.0022448422973108386,2.7400333857030637,0.2222222222222222,1.125,0.850414422004759
SOX3,6201,0.0077406869859700045,48,0.0077406869859700045,0.0,0.0,0.020833333333333332,2546,0.025530243519245877,66,0.025923016496465043,0.0,0.0,0.07575757575757576,0.017789556533275873,3.348929693637078,0.05492424242424243,1.375,0.8494963857837761
PYGL,6201,0.01032091598129334,84,0.013546202225447508,0.0,0.0,0.0,2546,0.02631578947368421,119,0.04673998428908091,0.0,0.0,0.03361344537815126,0.01599487349239087,3.45041241162608,0.03361344537815126,1.4166666666666667,0.8494579069644248
DECR1,6201,0.004837929366231253,33,0.005321722302854378,0.0,0.0,0.0,2546,0.01021209740769835,44,0.01728201099764336,0.0,0.0,0.09090909090909091,0.0053741680414670975,3.2474469756480753,0.09090909090909091,1.3333333333333333,0.849454169215211
UXT,6201,0.0012901144976616675,8,0.0012901144976616675,0.0,0.0,0.0,2546,0.002356637863315004,9,0.003534956794972506,0.0,0.0,0.2222222222222222,0.0010665233656533366,2.7400333857030637,0.2222222222222222,1.125,0.8492361030731015
CLIP1,6201,0.017739074342847928,123,0.01983551040154814,0.0,0.0,0.0,2546,0.030243519245875882,162,0.0636292223095051,0.0,0.0,0.09259259259259259,0.012504444903027954,3.2078439637499274,0.09259259259259259,1.3170731707317074,0.8489002508256649
RPS3A,6201,0.0016126431220770843,10,0.0016126431220770843,0.0,0.0,0.0,2546,0.00589159465828751,15,0.00589159465828751,0.0,0.0,0.0,0.0042789515362104255,3.6533778476040846,0.0,1.5,0.8487251457006566
ACE,6201,0.02160941783583293,158,0.02547976132881793,0.0,0.0,0.0,2546,0.03809897879025923,228,0.08955223880597014,0.0,0.0,0.017543859649122806,0.016489560954426302,3.51464197997355,0.017543859649122806,1.4430379746835442,0.8482121280815619
GYPB,6201,0.00306402193194646,20,0.0032252862441541686,0.0,0.0,0.0,2546,0.006284367635506678,30,0.01178318931657502,0.0,0.0,0.0,0.0032203457035602174,3.6533778476040846,0.0,1.5,0.8476665398680064
BMPR1A,6201,0.0043541364296081275,27,0.0043541364296081275,0.0,0.0,0.0,2546,0.012961508248232521,33,0.012961508248232521,0.0,0.0,0.15151515151515152,0.008607371818624393,2.9768263943440694,0.15151515151515152,1.2222222222222223,0.8474594556312187
RGN,6201,0.00306402193194646,20,0.0032252862441541686,0.0,0.0,0.0,2546,0.00589159465828751,30,0.01178318931657502,0.0,0.0,0.0,0.0028275727263410494,3.6533778476040846,0.0,1.5,0.8472737668907873
AK1,6201,0.001451378809869376,10,0.0016126431220770843,0.0,0.0,0.0,2546,0.003534956794972506,15,0.00589159465828751,0.0,0.0,0.0,0.00208357798510313,3.6533778476040846,0.0,1.5,0.8465297721495494
CCL19,6201,0.0006450572488308337,4,0.0006450572488308337,0.0,0.0,0.0,2546,0.002356637863315004,6,0.002356637863315004,0.0,0.0,0.0,0.0017115806144841705,3.653377847604085,0.0,1.5,0.8461577747789304
IDS,6201,0.007901951298177712,52,0.008385744234800839,0.0,0.0,0.0,2546,0.019638648860958365,77,0.030243519245875882,0.0,0.0,0.0,0.011736697562780653,3.6065396700706986,0.0,1.4807692307692308,0.8460664782922259
CDC25A,6201,0.005482986615062087,37,0.0059667795516852125,0.0,0.0,0.0,2546,0.014139827179890024,55,0.021602513747054203,0.0,0.0,0.0,0.008656840564827937,3.6204645336617056,0.0,1.4864864864864864,0.846004908455502
BRMS1L,6201,0.002580228995323335,17,0.0027414933075310434,0.0,0.0,0.0,2546,0.009426551453260016,24,0.009426551453260016,0.0,0.0,0.041666666666666664,0.006846322457936682,3.4384732683332566,0.041666666666666664,1.411764705882353,0.8456762673924063
ARPP19,6201,0.0012901144976616675,8,0.0012901144976616675,0.0,0.0,0.0,2546,0.002356637863315004,12,0.004713275726630008,0.0,0.0,0.0,0.0010665233656533366,3.653377847604085,0.0,1.5,0.8455127175300996
NRAP,6201,0.020158039025963553,165,0.026608611514271893,0.0,0.0,0.0,2546,0.04359780047132757,211,0.0828750981932443,0.0,0.0,0.0995260663507109,0.02343976144536402,3.114596872098836,0.0995260663507109,1.2787878787878788,0.8443595110981492
AXL,6201,0.017094017094017096,131,0.021125624899209806,0.0,0.0,0.0,2546,0.03534956794972506,184,0.07227022780832679,0.0,0.0,0.03260869565217391,0.018255550855707965,3.4209746766369036,0.03260869565217391,1.4045801526717556,0.8440772528038901
SLAMF1,6201,0.007901951298177712,53,0.008547008547008548,0.0,0.0,0.0,2546,0.022388059701492536,78,0.030636292223095052,0.0,0.0,0.0,0.014486108403314824,3.5844461901021205,0.0,1.471698113207547,0.8440082389286392
STARD3,6201,0.004999193678438961,31,0.004999193678438961,0.0,0.0,0.0,2546,0.012568735271013355,46,0.018067556952081697,0.0,0.0,0.0,0.007569541592574394,3.614094214834149,0.0,1.4838709677419355,0.8435379399155867
DHRS3,6201,0.0043541364296081275,30,0.004837929366231253,0.0,0.0,0.0,2546,0.009426551453260016,42,0.016496465043205028,0.0,0.0,0.047619047619047616,0.005072415023651889,3.409819324430479,0.047619047619047616,1.4,0.843378001185337
NCK1,6201,0.004837929366231253,33,0.005321722302854378,0.0,0.0,0.0,2546,0.010997643362136685,45,0.01767478397486253,0.0,0.0,0.06666666666666667,0.006159713995905432,3.3212525887309865,0.06666666666666667,1.3636363636363635,0.8432245114260866
SEC14L1,6201,0.010159651669085631,68,0.010965973230124174,0.0,0.0,0.014705882352941176,2546,0.021602513747054203,97,0.03809897879025923,0.0,0.0,0.041237113402061855,0.011442862077968572,3.474290698211728,0.02653123104912068,1.4264705882352942,0.843174748538094
BPHL,6201,0.004999193678438961,33,0.005321722302854378,0.0,0.0,0.0,2546,0.011390416339355853,49,0.0192458758837392,0.0,0.0,0.0,0.006391222660916892,3.6164750410626296,0.0,1.4848484848484849,0.8428754778537005
TNFRSF8,6201,0.010482180293501049,70,0.01128850185453959,0.0,0.0,0.0,2546,0.024351924587588374,99,0.038884524744697564,0.0,0.0,0.030303030303030304,0.013869744294087325,3.4446133991695658,0.030303030303030304,1.4142857142857144,0.8427184849054968
ADAM12,6201,0.015481373971940009,105,0.016932752781809387,0.0,0.0,0.0,2546,0.03338570306362922,147,0.05773762765121759,0.0,0.0,0.034013605442176874,0.017904329091689215,3.4098193244304786,0.034013605442176874,1.4,0.8426044730765035
KLKB1,6201,0.01241735203999355,90,0.01451378809869376,0.0,0.0,0.0,2546,0.021209740769835034,118,0.046347211311861744,0.0,0.0,0.09322033898305085,0.008792388729841484,3.193322859387274,0.09322033898305085,1.3111111111111111,0.842359011992631
RPS3,6201,0.0027414933075310434,17,0.0027414933075310434,0.0,0.0,0.0,2546,0.00589159465828751,24,0.009426551453260016,0.0,0.0,0.041666666666666664,0.003150101350756466,3.4384732683332566,0.041666666666666664,1.411764705882353,0.8419800462852262
TCEA1,6201,0.0035478148685695854,24,0.0038703434929850023,0.0,0.0,0.0,2546,0.007855459544383346,33,0.012961508248232521,0.0,0.0,0.06060606060606061,0.00430764467581376,3.348929693637078,0.06060606060606061,1.375,0.8416962921081321
UBAC1,6201,0.004515400741815836,29,0.004676665054023544,0.0,0.0,0.0,2546,0.01335428122545169,34,0.01335428122545169,0.0,0.0,0.17647058823529413,0.008838880483635854,2.8555137199664116,0.17647058823529413,1.1724137931034482,0.8416665469875364
PSEN1,6201,0.005644250927269795,38,0.00612804386389292,0.0,0.0,0.0,2546,0.01021209740769835,48,0.018853102906520033,0.0,0.0,0.125,0.004567846480428556,3.0765287137718613,0.125,1.263157894736842,0.8416664867481032
TAL1,6201,0.005805515239477504,39,0.006289308176100629,0.0,0.0,0.0,2546,0.014532600157109192,55,0.021602513747054203,0.0,0.0,0.03636363636363636,0.008727084917631689,3.434799685781618,0.03636363636363636,1.4102564102564104,0.841425988784493
NAPG,6201,0.002257700370907918,14,0.002257700370907918,0.0,0.0,0.0,2546,0.007069913589945012,18,0.007069913589945012,0.0,0.0,0.1111111111111111,0.004812213219037093,3.131466726517787,0.1111111111111111,1.2857142857142858,0.8414086272886903
TPST2,6201,0.006450572488308337,44,0.007095629737139171,0.0,0.0,0.0,2546,0.014925373134328358,65,0.025530243519245877,0.0,0.0,0.0,0.00847480064602002,3.598023637791902,0.0,1.4772727272727273,0.8409541872994314
TMED2,6201,0.002580228995323335,16,0.002580228995323335,0.0,0.0,0.0,2546,0.007069913589945012,21,0.008248232521602514,0.0,0.0,0.09523809523809523,0.004489684594621677,3.196705616653574,0.09523809523809523,1.3125,0.8408804397902643
FHL1,6201,0.006773101112723754,43,0.006934365424931463,0.0,0.0,0.0,2546,0.009033778476040848,64,0.02513747054202671,0.0,0.0,0.0,0.0022606773633170943,3.625057089095526,0.0,1.4883720930232558,0.8406022112798007
NDUFB4,6201,0.0012901144976616675,9,0.001451378809869376,0.0,0.0,0.0,2546,0.004713275726630008,12,0.004713275726630008,0.0,0.0,0.08333333333333333,0.003423161228968341,3.2474469756480757,0.08333333333333333,1.3333333333333333,0.8399274048269549
ITGB2,6201,0.014675052410901468,105,0.016932752781809387,0.0,0.0,0.0,2546,0.032992930086410056,145,0.05695208169677926,0.0,0.0,0.041379310344827586,0.01831787767550859,3.3634272247783636,0.041379310344827586,1.380952380952381,0.8398078167663863
ERAP2,6201,0.008869537171423964,61,0.009837123044670215,0.0,0.0,0.0,2546,0.0192458758837392,83,0.03260015710919089,0.0,0.0,0.060240963855421686,0.010376338712315235,3.313993020231028,0.060240963855421686,1.360655737704918,0.8393340520390542
TENM2,6201,0.04128366392517336,340,0.05482986615062087,0.0,0.0,0.0,2546,0.06559308719560095,476,0.18695993715632364,0.0,1.0,0.023109243697478993,0.024309423270427587,3.409819324430479,0.023109243697478993,1.4,0.838105205510544
FDPS,6201,0.006611836800516046,44,0.007095629737139171,0.0,0.0,0.0,2546,0.012175962293794187,65,0.025530243519245877,0.0,0.0,0.0,0.005564125493278141,3.598023637791902,0.0,1.4772727272727273,0.8380435121466895
CASP10,6201,0.0077406869859700045,55,0.008869537171423964,0.0,0.0,0.0,2546,0.015318146111547526,81,0.03181461115475255,0.0,0.0,0.0,0.007577459125577521,3.5869527958294647,0.0,1.4727272727272727,0.8376462032686499
ATP8B1,6201,0.012739880664408966,97,0.01564263828414772,0.0,0.0,0.0,2546,0.029065200314218383,129,0.05066771406127259,0.0,0.0,0.06976744186046512,0.01632531964980942,3.2390772669479513,0.06976744186046512,1.3298969072164948,0.8372912007904596
JAM3,6201,0.004515400741815836,32,0.00516045799064667,0.0,0.0,0.0,2546,0.013747054202670856,47,0.018460329929300863,0.0,0.0,0.0,0.00923165346085502,3.577265809112333,0.0,1.46875,0.8371863078505891
MAPRE3,6201,0.004515400741815836,28,0.004515400741815836,0.0,0.0,0.0,2546,0.01610369206598586,41,0.01610369206598586,0.0,0.0,0.0,0.011588291324170021,3.566392660756368,0.0,1.4642857142857142,0.8371646518358186
DCPS,6201,0.004515400741815836,31,0.004999193678438961,0.0,0.0,0.03225806451612903,2546,0.010604870384917517,45,0.01767478397486253,0.0,0.0,0.044444444444444446,0.0060894696431016805,3.535526949294276,0.012186379928315415,1.4516129032258065,0.8370699419240892
PTPN6,6201,0.00612804386389292,46,0.007418158361554588,0.0,0.0,0.0,2546,0.014139827179890024,65,0.025530243519245877,0.0,0.0,0.03076923076923077,0.008011783315997103,3.4415878274531235,0.03076923076923077,1.4130434782608696,0.8366457648348044
MCM7,6201,0.009192065795839382,61,0.009837123044670215,0.0,0.0,0.0,2546,0.022780832678711706,89,0.034956794972505895,0.0,0.0,0.0,0.013588766882872324,3.5535587807296563,0.0,1.459016393442623,0.8363506631770945
KATNB1,6201,0.005482986615062087,35,0.005644250927269795,0.0,0.0,0.0,2546,0.020031421838177535,51,0.020031421838177535,0.0,0.0,0.0,0.014548435223115448,3.548995623386826,0.0,1.457142857142857,0.8363077211461176
PCDH1,6201,0.018061602967263345,125,0.020158039025963553,0.0,0.0,0.0,2546,0.03220738413197172,177,0.06952081696779261,0.0,0.0,0.022598870056497175,0.014145781164708372,3.448788688138256,0.022598870056497175,1.416,0.836229324872176
CCT2,6201,0.006289308176100629,45,0.00725689404934688,0.0,0.0,0.0,2546,0.014532600157109192,66,0.025923016496465043,0.0,0.0,0.0,0.008243291981008562,3.572191673212883,0.0,1.4666666666666666,0.8350887797497804
PEX11A,6201,0.0032252862441541686,21,0.003386550556361877,0.0,0.0,0.0,2546,0.00589159465828751,31,0.012175962293794187,0.0,0.0,0.0,0.002666308414133341,3.595387723038941,0.0,1.4761904761904763,0.8345722594359308
POLD1,6201,0.012901144976616674,89,0.01435252378648605,0.0,0.0,0.0,2546,0.037706205813040065,125,0.049096622152395915,0.0,0.0,0.016,0.024805060836423393,3.420765774910192,0.016,1.404494382022472,0.8339708136017733
DLC1,6201,0.0287050475729721,218,0.03515562006128044,0.0,0.0,0.0,2546,0.054595443833464256,292,0.11468970934799685,0.0,1.0,0.05136986301369863,0.025890396260492155,3.262343521407929,0.05136986301369863,1.3394495412844036,0.8339322101298989
ETF1,6201,0.005805515239477504,38,0.00612804386389292,0.0,0.0,0.0,2546,0.00864100549882168,52,0.0204241948153967,0.0,0.0,0.057692307692307696,0.0028354902593441767,3.332906106586183,0.057692307692307696,1.368421052631579,0.8336190905369384
RHOF,6201,0.0020964360587002098,15,0.0024189646831156266,0.0,0.0,0.0,2546,0.00864100549882168,22,0.00864100549882168,0.0,0.0,0.0,0.006544569440121471,3.5721916732128824,0.0,1.4666666666666666,0.8333900572088933
DCK,6201,0.0024189646831156266,15,0.0024189646831156266,0.0,0.0,0.0,2546,0.00864100549882168,22,0.00864100549882168,0.0,0.0,0.0,0.006222040815706054,3.5721916732128824,0.0,1.4666666666666666,0.8330675285844779
GP2,6201,0.014997581035316884,119,0.019190453152717304,0.0,0.0,0.0,2546,0.023959151610369208,166,0.06520031421838178,0.0,0.0,0.03614457831325301,0.008961570575052324,3.3975390627578608,0.03614457831325301,1.3949579831932772,0.8330040488651257
ALDH1A2,6201,0.009675858732462506,72,0.011611030478955007,0.0,0.0,0.0,2546,0.01767478397486253,100,0.03927729772191673,0.0,0.0,0.04,0.007998925242400024,3.3827572663000782,0.04,1.3888888888888888,0.8325297838646085
TRO,6201,0.02144815352362522,157,0.025318497016610222,0.0,0.0,0.0,2546,0.0396700706991359,224,0.08798114689709348,0.0,0.0,0.008928571428571428,0.018221917175510676,3.4749751076998514,0.008928571428571428,1.4267515923566878,0.8325040972303118
TJP1,6201,0.020964360587002098,156,0.025157232704402517,0.0,0.0,0.0,2546,0.028279654359780047,205,0.0805184603299293,0.0,0.0,0.08292682926829269,0.00731529377277795,3.20060879811469,0.08292682926829269,1.314102564102564,0.8323244091980008
POLH,6201,0.006450572488308337,47,0.0075794226737622965,0.0,0.0,0.0,2546,0.014925373134328358,66,0.025923016496465043,0.0,0.0,0.030303030303030304,0.00847480064602002,3.4201835169059516,0.030303030303030304,1.4042553191489362,0.8318118652787744
CACNA1H,6201,0.027414933075310434,213,0.0343492985002419,0.0,0.0,0.0,2546,0.07973291437549096,287,0.11272584446190102,0.0,1.0,0.017421602787456445,0.052317981300180526,3.2817509929964706,0.017421602787456445,1.3474178403755868,0.8309544399717026
HNRNPD,6201,0.0027414933075310434,19,0.00306402193194646,0.0,0.0,0.05263157894736842,2546,0.007462686567164179,26,0.01021209740769835,0.0,0.0,0.0,0.004721193259633136,3.332906106586183,-0.05263157894736842,1.368421052631579,0.830444064792288
MXD4,6201,0.0017739074342847927,13,0.0020964360587002098,0.0,0.0,0.0,2546,0.007462686567164179,19,0.007462686567164179,0.0,0.0,0.0,0.005688779132879386,3.559701492537313,0.0,1.4615384615384615,0.8297987577936179
HK2,6201,0.013546202225447508,91,0.014675052410901468,0.0,0.0,0.0,2546,0.029065200314218383,126,0.04948939512961508,0.0,0.0,0.031746031746031744,0.015518998088770875,3.3723487824037703,0.031746031746031744,1.3846153846153846,0.8294181928032869
ARHGEF12,6201,0.01628769553297855,131,0.021125624899209806,0.0,0.0,0.0,2546,0.031421838177533384,177,0.06952081696779261,0.0,0.0,0.05084745762711865,0.015134142644554833,3.290828900895282,0.05084745762711865,1.3511450381679388,0.829314350979562
PLOD1,6201,0.008385744234800839,55,0.008869537171423964,0.0,0.0,0.0,2546,0.01728201099764336,80,0.031421838177533384,0.0,0.0,0.0,0.008896266762842522,3.5426694279797184,0.0,1.4545454545454546,0.829263905195016
TSPAN1,6201,0.002257700370907918,14,0.002257700370907918,0.0,0.0,0.0,2546,0.006284367635506678,16,0.006284367635506678,0.0,0.0,0.1875,0.004026667264598759,2.783525979126922,0.1875,1.1428571428571428,0.8290358602606159
CCT6A,6201,0.005321722302854378,35,0.005644250927269795,0.0,0.0,0.0,2546,0.012568735271013355,51,0.020031421838177535,0.0,0.0,0.0,0.007247012968158977,3.548995623386826,0.0,1.457142857142857,0.8290062988911612
CTSL,6201,0.005805515239477504,36,0.005805515239477504,0.0,0.0,0.0,2546,0.01021209740769835,50,0.019638648860958365,0.0,0.0,0.04,0.004406582168220847,3.3827572663000782,0.04,1.3888888888888888,0.8289374407904293
SELENBP1,6201,0.00725689404934688,49,0.007901951298177712,0.0,0.0,0.0,2546,0.009819324430479183,57,0.022388059701492536,0.0,0.0,0.17543859649122806,0.002562430381132303,2.8332318001827597,0.17543859649122806,1.163265306122449,0.8285621057538801
IPCEF1,6201,0.005321722302854378,38,0.00612804386389292,0.0,0.0,0.0,2546,0.010604870384917517,50,0.019638648860958365,0.0,0.0,0.08,0.005283148082063139,3.204717410179022,0.08,1.3157894736842106,0.828343055401991
NUDT4,6201,0.0024189646831156266,15,0.0024189646831156266,0.0,0.0,0.0,2546,0.003534956794972506,22,0.00864100549882168,0.0,0.0,0.0,0.0011159921118568793,3.5721916732128824,0.0,1.4666666666666666,0.8279614798806286
CDC7,6201,0.006611836800516046,47,0.0075794226737622965,0.0,0.0,0.0,2546,0.025923016496465043,66,0.025923016496465043,0.0,0.0,0.015151515151515152,0.019311179695948998,3.4201835169059516,0.015151515151515152,1.4042553191489362,0.8274967291771882
HSPB2,6201,0.0027414933075310434,17,0.0027414933075310434,0.0,0.0,0.0,2546,0.00864100549882168,22,0.00864100549882168,0.0,0.0,0.09090909090909091,0.005899512191290637,3.151933829305485,0.09090909090909091,1.2941176470588236,0.8272356312118745
MGP,6201,0.0020964360587002098,13,0.0020964360587002098,0.0,0.0,0.0,2546,0.005106048703849175,19,0.007462686567164179,0.0,0.0,0.0,0.0030096126451489656,3.559701492537313,0.0,1.4615384615384615,0.8271195913058875
EIF4G3,6201,0.018706660216094177,140,0.02257700370907918,0.0,0.0,0.0,2546,0.03181461115475255,194,0.07619795758051846,0.0,0.0,0.030927835051546393,0.013107950938658373,3.375025249691393,0.030927835051546393,1.3857142857142857,0.8268008965812156
NNT,6201,0.013062409288824383,84,0.013546202225447508,0.0,0.0,0.0,2546,0.02631578947368421,113,0.044383346425765906,0.0,0.0,0.05309734513274336,0.013253380184859826,3.2764420379306474,0.05309734513274336,1.3452380952380953,0.8263249090813675
BCL10,6201,0.0041928721174004195,29,0.004676665054023544,0.0,0.0,0.0,2546,0.012961508248232521,42,0.016496465043205028,0.0,0.0,0.0,0.008768636130832102,3.5273993011349787,0.0,1.4482758620689655,0.8257691244943269
PDGFB,6201,0.0041928721174004195,30,0.004837929366231253,0.0,0.0,0.0,2546,0.009033778476040848,41,0.01610369206598586,0.0,0.0,0.04878048780487805,0.004840906358640429,3.328633150039277,0.04878048780487805,1.3666666666666667,0.825726036046905
TNS1,6201,0.025318497016610222,181,0.029188840509595228,0.0,0.0,0.0,2546,0.062058130400628436,228,0.08955223880597014,0.0,1.0,0.07894736842105263,0.036739633384018214,3.0680300156675187,0.07894736842105263,1.2596685082872927,0.8256986778868923
GNPAT,6201,0.0075794226737622965,52,0.008385744234800839,0.0,0.0,0.0,2546,0.015318146111547526,70,0.02749410840534171,0.0,0.0,0.05714285714285714,0.007738723437785229,3.278672427336999,0.05714285714285714,1.3461538461538463,0.8253771809697338
EGF,6201,0.016126431220770843,119,0.019190453152717304,0.0,0.0,0.0,2546,0.03220738413197172,168,0.06598586017282011,0.0,0.0,0.011904761904761904,0.016080952911200874,3.4384732683332566,0.011904761904761904,1.411764705882353,0.8251489930837658
SMC6,6201,0.01032091598129334,69,0.011127237542331882,0.0,0.0,0.0,2546,0.03534956794972506,91,0.03574234092694423,0.0,0.0,0.054945054945054944,0.025028651968431723,3.2121486389562484,0.054945054945054944,1.318840579710145,0.8247994094034329
ARCN1,6201,0.00612804386389292,41,0.006611836800516046,0.0,0.0,0.0,2546,0.012961508248232521,54,0.021209740769835034,0.0,0.0,0.07407407407407407,0.006833464384339601,3.207843963749928,0.07407407407407407,1.3170731707317074,0.8247107517884583
DEGS1,6201,0.003709079180777294,25,0.004031607805192711,0.0,0.0,0.0,2546,0.006284367635506678,25,0.009819324430479183,0.0,0.0,0.28,0.0025752884547293837,2.4355852317360567,0.28,1.0,0.8236153921972871
BASP1,6201,0.0041928721174004195,28,0.004515400741815836,0.0,0.0,0.0,2546,0.015318146111547526,39,0.015318146111547526,0.0,0.0,0.02564102564102564,0.011125273994147106,3.3924222870609357,0.02564102564102564,1.3928571428571428,0.8234999678090887
ACADSB,6201,0.00612804386389292,46,0.007418158361554588,0.0,0.0,0.0,2546,0.015318146111547526,58,0.022780832678711706,0.0,0.0,0.10344827586206896,0.009190102247654605,3.070955292188941,0.10344827586206896,1.2608695652173914,0.8233688849884407
SNAP23,6201,0.0020964360587002098,14,0.002257700370907918,0.0,0.0,0.0,2546,0.00589159465828751,19,0.007462686567164179,0.0,0.0,0.05263157894736842,0.0037951585995873,3.3054371002132195,0.05263157894736842,1.3571428571428572,0.8231582228631367
STS,6201,0.008708272859216255,58,0.009353330108047089,0.0,0.0,0.0,2546,0.018067556952081697,81,0.03181461115475255,0.0,0.0,0.024691358024691357,0.009359284092865442,3.401420754665872,0.024691358024691357,1.396551724137931,0.822830849148931
APOBEC3F,6201,0.0027414933075310434,18,0.002902757619738752,0.0,0.0,0.0,2546,0.01021209740769835,26,0.01021209740769835,0.0,0.0,0.0,0.007470604100167307,3.5180675569520816,0.0,1.4444444444444444,0.8224077943188804
EFHC1,6201,0.009030801483631673,64,0.01032091598129334,0.0,0.0,0.0,2546,0.020031421838177535,92,0.03613511390416339,0.0,0.0,0.0,0.011000620354545862,3.501153770620581,0.0,1.4375,0.822187197178926
YIF1A,6201,0.00306402193194646,21,0.003386550556361877,0.0,0.0,0.0,2546,0.01021209740769835,29,0.011390416339355853,0.0,0.0,0.034482758620689655,0.00714807547575189,3.363427224778364,0.034482758620689655,1.380952380952381,0.8217414628424916
TNFRSF4,6201,0.003386550556361877,22,0.0035478148685695854,0.0,0.0,0.0,2546,0.010997643362136685,29,0.011390416339355853,0.0,0.0,0.06896551724137931,0.007611092805774808,3.2105441691066203,0.06896551724137931,1.3181818181818181,0.8210213251484829
GDE1,6201,0.0032252862441541686,20,0.0032252862441541686,0.0,0.0,0.0,2546,0.006284367635506678,29,0.011390416339355853,0.0,0.0,0.0,0.003059081391352509,3.531598586017282,0.0,1.45,0.8209866668212978
SLC6A8,6201,0.006611836800516046,43,0.006934365424931463,0.0,0.0,0.023255813953488372,2546,0.012568735271013355,60,0.02356637863315004,0.0,0.0,0.05,0.005956898470497309,3.3984910210270556,0.02674418604651163,1.3953488372093024,0.8208154362939808
ADRM1,6201,0.003709079180777294,24,0.0038703434929850023,0.0,0.0,0.041666666666666664,2546,0.007462686567164179,34,0.01335428122545169,0.0,0.0,0.058823529411764705,0.003753607386386885,3.4504124116260804,0.01715686274509804,1.4166666666666667,0.8207600582253676
NAGK,6201,0.00516045799064667,33,0.005321722302854378,0.0,0.0,0.0,2546,0.010997643362136685,45,0.01767478397486253,0.0,0.0,0.044444444444444446,0.005837185371490015,3.3212525887309865,0.044444444444444446,1.3636363636363635,0.8206797605794489
C1QA,6201,0.004031607805192711,26,0.0041928721174004195,0.0,0.0,0.0,2546,0.014139827179890024,36,0.014139827179890024,0.0,0.0,0.027777777777777776,0.010108219374697313,3.3723487824037703,0.027777777777777776,1.3846153846153846,0.8200391601209593
SRXN1,6201,0.0019351717464925011,12,0.0019351717464925011,0.0,0.0,0.0,2546,0.006284367635506678,16,0.006284367635506678,0.0,0.0,0.0625,0.004349195889014177,3.2474469756480757,0.0625,1.3333333333333333,0.8200201061536674
GCH1,6201,0.0019351717464925011,12,0.0019351717464925011,0.0,0.0,0.0,2546,0.006284367635506678,16,0.006284367635506678,0.0,0.0,0.0625,0.004349195889014177,3.2474469756480757,0.0625,1.3333333333333333,0.8200201061536674
SUCLG2,6201,0.005482986615062087,36,0.005805515239477504,0.0,0.0,0.0,2546,0.01767478397486253,46,0.018067556952081697,0.0,0.0,0.08695652173913043,0.012191797359800444,3.1121366849960723,0.08695652173913043,1.2777777777777777,0.819943906654005
TBK1,6201,0.005805515239477504,40,0.006450572488308337,0.0,0.0,0.0,2546,0.0204241948153967,53,0.020816967792615867,0.0,0.0,0.05660377358490566,0.014618679575919197,3.227150432050275,0.05660377358490566,1.325,0.8196033819247146
STMN1,6201,0.0017739074342847927,11,0.0017739074342847927,0.0,0.0,0.0,2546,0.005106048703849175,13,0.005106048703849175,0.0,0.0,0.15384615384615385,0.0033321412695643824,2.8784189102335214,0.15384615384615385,1.1818181818181819,0.8194586877788479
KAT2A,6201,0.0077406869859700045,51,0.00822447992259313,0.0,0.0,0.0,2546,0.022780832678711706,70,0.02749410840534171,0.0,0.0,0.02857142857142857,0.015040145692741702,3.3429601219906657,0.02857142857142857,1.3725490196078431,0.8190205650804377
GABARAPL1,6201,0.0012901144976616675,9,0.001451378809869376,0.0,0.0,0.0,2546,0.005106048703849175,13,0.005106048703849175,0.0,0.0,0.0,0.003815934206187508,3.5180675569520816,0.0,1.4444444444444444,0.8187531244249007
FN1,6201,0.03209159812933398,260,0.041928721174004195,0.0,0.0,0.0,2546,0.05616653574234093,359,0.14100549882168106,0.0,1.0,0.013927576601671309,0.02407493761300695,3.362981146897093,0.013927576601671309,1.3807692307692307,0.8180109066539546
VAV2,6201,0.01128850185453959,79,0.012739880664408966,0.0,0.0,0.0,2546,0.02670856245090338,111,0.04359780047132757,0.0,0.0,0.009009009009009009,0.01542006059636379,3.4221514015531938,0.009009009009009009,1.4050632911392404,0.8179082091472109
CIR1,6201,0.0035478148685695854,24,0.0038703434929850023,0.0,0.0,0.041666666666666664,2546,0.011390416339355853,29,0.011390416339355853,0.0,0.0,0.1724137931034483,0.007842601470786267,2.9429988216810687,0.13074712643678163,1.2083333333333333,0.8173841034048912
POLA1,6201,0.013546202225447508,107,0.0172552814062248,0.0,0.0,0.009345794392523364,2546,0.02513747054202671,152,0.05970149253731343,0.0,0.0,0.013157894736842105,0.011591268316579202,3.459896777793277,0.0038121003443187407,1.4205607476635513,0.8173818098725603
SMPDL3A,6201,0.004676665054023544,30,0.004837929366231253,0.0,0.0,0.0,2546,0.009426551453260016,36,0.014139827179890024,0.0,0.0,0.1388888888888889,0.004749886399236472,2.9227022780832677,0.1388888888888889,1.2,0.8172723676872884
PBK,6201,0.0024189646831156266,16,0.002580228995323335,0.0,0.0,0.0,2546,0.008248232521602514,23,0.009033778476040848,0.0,0.0,0.0,0.0058292678384868875,3.501153770620581,0.0,1.4375,0.817015844662867
HNRNPR,6201,0.006450572488308337,41,0.006611836800516046,0.0,0.0,0.0,2546,0.010604870384917517,59,0.023173605655930872,0.0,0.0,0.0,0.00415429789660918,3.5048665529860323,0.0,1.4390243902439024,0.8161653859795425
LAS1L,6201,0.01032091598129334,69,0.011127237542331882,0.0,0.0,0.0,2546,0.013747054202670856,94,0.036920659858601726,0.0,0.0,0.0425531914893617,0.0034261382213775157,3.318043649031729,0.0425531914893617,1.3623188405797102,0.8156345898147654
HSD17B10,6201,0.002257700370907918,16,0.002580228995323335,0.0,0.0,0.0,2546,0.006677140612725845,23,0.009033778476040848,0.0,0.0,0.0,0.004419440241817927,3.501153770620581,0.0,1.4375,0.8156060170661981
CHAC1,6201,0.002580228995323335,16,0.002580228995323335,0.0,0.0,0.0,2546,0.006677140612725845,23,0.009033778476040848,0.0,0.0,0.0,0.004096911617402509,3.501153770620581,0.0,1.4375,0.8152834884417827
PDLIM3,6201,0.004999193678438961,35,0.005644250927269795,0.0,0.0,0.0,2546,0.00864100549882168,49,0.0192458758837392,0.0,0.0,0.02040816326530612,0.0036418118203827192,3.4098193244304795,0.02040816326530612,1.4,0.8147365136283266
CD46,6201,0.0043541364296081275,31,0.004999193678438961,0.0,0.0,0.0,2546,0.012175962293794187,43,0.016889238020424194,0.0,0.0,0.023255813953488372,0.00782182586418606,3.3783924182145304,0.023255813953488372,1.3870967741935485,0.8146120884699922
CDKN2B,6201,0.001451378809869376,10,0.0016126431220770843,0.0,0.0,0.0,2546,0.005106048703849175,13,0.005106048703849175,0.0,0.0,0.07692307692307693,0.003654669893979799,3.1662608012568736,0.07692307692307693,1.3,0.8144495094544689
MTA1,6201,0.006934365424931463,46,0.007418158361554588,0.0,0.0,0.0,2546,0.023173605655930872,61,0.023959151610369208,0.0,0.0,0.04918032786885246,0.01623924023099941,3.2297978073021625,0.04918032786885246,1.326086956521739,0.8144265797634913
SRPRB,6201,0.002580228995323335,17,0.0027414933075310434,0.0,0.0,0.0,2546,0.009033778476040848,23,0.009033778476040848,0.0,0.0,0.043478260869565216,0.006453549480717514,3.2952035488193707,0.043478260869565216,1.3529411764705883,0.8142835761453515
ACSS2,6201,0.00725689404934688,54,0.008708272859216255,0.0,0.0,0.0,2546,0.016496465043205028,77,0.030243519245875882,0.0,0.0,0.0,0.009239570993858148,3.4729641267347473,0.0,1.4259259259259258,0.8141436948960022
DDX25,6201,0.005805515239477504,43,0.006934365424931463,0.0,0.0,0.0,2546,0.012568735271013355,56,0.02199528672427337,0.0,0.0,0.07142857142857142,0.0067632200315358515,3.171924952958585,0.07142857142857142,1.302325581395349,0.8134221596119369
ATP6V1H,6201,0.005482986615062087,35,0.005644250927269795,0.0,0.0,0.0,2546,0.010997643362136685,43,0.016889238020424194,0.0,0.0,0.11627906976744186,0.005514656747074598,2.992290427561441,0.11627906976744186,1.2285714285714286,0.8130116541526122
CLCN3,6201,0.010804708917916465,74,0.011933559103370425,0.0,0.0,0.0,2546,0.022780832678711706,101,0.0396700706991359,0.0,0.0,0.0297029702970297,0.011976123760795241,3.324244708180293,0.0297029702970297,1.364864864864865,0.8127694046846861
SPDEF,6201,0.00516045799064667,34,0.005482986615062087,0.0,0.0,0.0,2546,0.015710919088766692,47,0.018460329929300863,0.0,0.0,0.02127659574468085,0.010550461098120023,3.3668384085763132,0.02127659574468085,1.3823529411764706,0.8127191472567554
CHPF,6201,0.008869537171423964,57,0.009192065795839382,0.0,0.0,0.0,2546,0.0192458758837392,81,0.03181461115475255,0.0,0.0,0.0,0.010376338712315235,3.461094802993343,0.0,1.4210526315789473,0.8126233655843088
TAF10,6201,0.0020964360587002098,14,0.002257700370907918,0.0,0.0,0.0,2546,0.007855459544383346,20,0.007855459544383346,0.0,0.0,0.0,0.005759023485683136,3.479407473908652,0.0,1.4285714285714286,0.812102620317221
FZD8,6201,0.006934365424931463,47,0.0075794226737622965,0.0,0.0,0.0,2546,0.025923016496465043,66,0.025923016496465043,0.0,0.0,0.0,0.01898865107153358,3.4201835169059516,0.0,1.4042553191489362,0.8120226854012577
PSMA4,6201,0.00306402193194646,19,0.00306402193194646,0.0,0.0,0.0,2546,0.003927729772191673,23,0.009033778476040848,0.0,0.0,0.13043478260869565,0.0008637078402452128,2.9483400173647,0.13043478260869565,1.2105263157894737,0.8114465517043343
SOX10,6201,0.00725689404934688,47,0.0075794226737622965,0.0,0.0,0.0,2546,0.025530243519245877,66,0.025923016496465043,0.0,0.0,0.0,0.018273349469898996,3.4201835169059516,0.0,1.4042553191489362,0.8113073837996231
RNF31,6201,0.01241735203999355,90,0.01451378809869376,0.0,0.0,0.0,2546,0.027101335428122545,116,0.04556166535742341,0.0,0.0,0.06896551724137931,0.014683983388128995,3.139198743126473,0.06896551724137931,1.288888888888889,0.8110045488678286
PRMT3,6201,0.007095629737139171,51,0.00822447992259313,0.0,0.0,0.0,2546,0.01021209740769835,69,0.027101335428122545,0.0,0.0,0.043478260869565216,0.0031164676705591797,3.2952035488193707,0.043478260869565216,1.3529411764705883,0.8109464943351932
LIPA,6201,0.004676665054023544,30,0.004837929366231253,0.0,0.0,0.0,2546,0.011390416339355853,40,0.015710919088766692,0.0,0.0,0.05,0.006713751285332309,3.2474469756480753,0.05,1.3333333333333333,0.8098846615499853
KATNA1,6201,0.00516045799064667,35,0.005644250927269795,0.0,0.0,0.0,2546,0.012961508248232521,41,0.01610369206598586,0.0,0.0,0.14634146341463414,0.007801050257585851,2.8531141286050947,0.14634146341463414,1.1714285714285715,0.809877019030067
B2M,6201,0.00725689404934688,58,0.009353330108047089,0.0,0.0,0.0,2546,0.024351924587588374,65,0.025530243519245877,0.0,0.0,0.16923076923076924,0.017095030538241494,2.729535173497305,0.16923076923076924,1.1206896551724137,0.8094622267339422
MEIS2,6201,0.008547008547008548,62,0.009998387356877922,0.0,0.0,0.0,2546,0.016496465043205028,88,0.03456402199528672,0.0,0.0,0.0,0.00794945649619648,3.4569596837544028,0.0,1.4193548387096775,0.809269124258323
FMO3,6201,0.013062409288824383,99,0.015965166908563134,0.0,0.0,0.0,2546,0.02356637863315004,140,0.05498821681068342,0.0,0.0,0.0,0.010503969344325655,3.444261943869171,0.0,1.4141414141414141,0.8089706020895678
PHF3,6201,0.020319303338171262,177,0.028543783260764392,0.0,0.0,0.0,2546,0.0396700706991359,234,0.09190887666928516,0.0,0.0,0.042735042735042736,0.019350767360964635,3.219926238566312,0.042735042735042736,1.3220338983050848,0.8087562784185006
PLCB2,6201,0.01451378809869376,100,0.016126431220770843,0.0,0.0,0.0,2546,0.03220738413197172,132,0.051846032992930086,0.0,0.0,0.045454545454545456,0.017693596033277956,3.214972505891595,0.045454545454545456,1.32,0.8086440294402789
FZD2,6201,0.009837123044670215,70,0.01128850185453959,0.0,0.0,0.014285714285714285,2546,0.03731343283582089,95,0.03731343283582089,0.0,0.0,0.0,0.027476309791150677,3.3054371002132195,-0.014285714285714285,1.3571428571428572,0.8084935093930459
IRF9,6201,0.005482986615062087,35,0.005644250927269795,0.0,0.0,0.0,2546,0.012175962293794187,47,0.018460329929300863,0.0,0.0,0.0425531914893617,0.0066929756787321,3.270643025474133,0.0425531914893617,1.3428571428571427,0.8078633939568609
KLK8,6201,0.006450572488308337,47,0.0075794226737622965,0.0,0.0,0.02127659574468085,2546,0.011390416339355853,65,0.025530243519245877,0.0,0.0,0.0,0.004939843851047516,3.3683625545285887,-0.02127659574468085,1.3829787234042554,0.8074574964442687
SYK,6201,0.009514594420254797,67,0.010804708917916465,0.0,0.0,0.0,2546,0.021602513747054203,89,0.034956794972505895,0.0,0.0,0.0449438202247191,0.012087919326799406,3.2353296361867026,0.0449438202247191,1.328358208955224,0.8073457202381077
TAP1,6201,0.0075794226737622965,54,0.008708272859216255,0.0,0.0,0.0,2546,0.015710919088766692,65,0.025530243519245877,0.0,0.0,0.12307692307692308,0.008131496415004396,2.931722964126735,0.12307692307692308,1.2037037037037037,0.8071389820019368
DOCK10,6201,0.0267698758264796,212,0.03418803418803419,0.0,0.0,0.0,2546,0.05223880597014925,280,0.10997643362136685,0.0,1.0,0.03571428571428571,0.025468930143669653,3.21681068342498,0.03571428571428571,1.320754716981132,0.8071151153921212
TPBG,6201,0.004031607805192711,25,0.004031607805192711,0.0,0.0,0.0,2546,0.01335428122545169,34,0.01335428122545169,0.0,0.0,0.029411764705882353,0.009322673420258979,3.312395915161037,0.029411764705882353,1.36,0.8070809040175735
PSMB5,6201,0.003386550556361877,21,0.003386550556361877,0.0,0.0,0.0,2546,0.00589159465828751,24,0.009426551453260016,0.0,0.0,0.16666666666666666,0.0025050441019256325,2.7835259791269222,0.16666666666666666,1.1428571428571428,0.8066809037646097
CUL3,6201,0.012094823415578132,87,0.014029995162070633,0.0,0.0,0.0,2546,0.020031421838177535,115,0.045168892380204245,0.0,0.0,0.05217391304347826,0.007936598422599403,3.2194517430993854,0.05217391304347826,1.3218390804597702,0.8066685318170599
IL33,6201,0.005482986615062087,36,0.005805515239477504,0.0,0.0,0.0,2546,0.006677140612725845,50,0.019638648860958365,0.0,0.0,0.02,0.001194153997663758,3.3827572663000782,0.02,1.3888888888888888,0.8057250126198723
NUMB,6201,0.007418158361554588,47,0.0075794226737622965,0.0,0.0,0.0,2546,0.012568735271013355,64,0.02513747054202671,0.0,0.0,0.03125,0.0051505769094587674,3.3165415921512262,0.03125,1.3617021276595744,0.8057079206159514
INPP5F,6201,0.010804708917916465,73,0.011772294791162716,0.0,0.0,0.0,2546,0.027101335428122545,98,0.0384917517674784,0.0,0.0,0.030612244897959183,0.01629662651020608,3.269689763152514,0.030612244897959183,1.3424657534246576,0.8053028604498396
ACTN4,6201,0.010804708917916465,74,0.011933559103370425,0.0,0.0,0.0,2546,0.034956794972505895,101,0.0396700706991359,0.0,0.0,0.009900990099009901,0.02415208605458943,3.324244708180293,0.009900990099009901,1.364864864864865,0.8051433867804604
CARTPT,6201,0.002257700370907918,14,0.002257700370907918,0.0,0.0,0.0,2546,0.006677140612725845,17,0.006677140612725845,0.0,0.0,0.11764705882352941,0.004419440241817927,2.9574963528223543,0.11764705882352941,1.2142857142857142,0.8045309096917421
NUP93,6201,0.010482180293501049,68,0.010965973230124174,0.0,0.0,0.0,2546,0.020816967792615867,93,0.03652788688138256,0.0,0.0,0.021505376344086023,0.010334787499114819,3.331020978697842,0.021505376344086023,1.3676470588235294,0.8044962893502022
EHHADH,6201,0.010159651669085631,73,0.011772294791162716,0.0,0.0,0.0,2546,0.023173605655930872,101,0.0396700706991359,0.0,0.0,0.009900990099009901,0.013013953986845241,3.369782306922489,0.009900990099009901,1.3835616438356164,0.804480956043038
ATOH8,6201,0.002580228995323335,17,0.0027414933075310434,0.0,0.0,0.0,2546,0.009426551453260016,24,0.009426551453260016,0.0,0.0,0.0,0.006846322457936682,3.4384732683332566,0.0,1.411764705882353,0.8040096007257397
YWHAB,6201,0.0027414933075310434,17,0.0027414933075310434,0.0,0.0,0.0,2546,0.009426551453260016,24,0.009426551453260016,0.0,0.0,0.0,0.006685058145728973,3.4384732683332566,0.0,1.411764705882353,0.8038483364135319
THEG,6201,0.009514594420254797,68,0.010965973230124174,0.0,0.0,0.0,2546,0.021209740769835034,90,0.03534956794972506,0.0,0.0,0.044444444444444446,0.011695146349580236,3.2235686890624278,0.044444444444444446,1.3235294117647058,0.8036728418275367
TMEM140,6201,0.002580228995323335,17,0.0027414933075310434,0.0,0.0,0.0,2546,0.009033778476040848,24,0.009426551453260016,0.0,0.0,0.0,0.006453549480717514,3.4384732683332566,0.0,1.411764705882353,0.8036168277485205
ESRP2,6201,0.0077406869859700045,50,0.008063215610385421,0.0,0.0,0.0,2546,0.01728201099764336,69,0.027101335428122545,0.0,0.0,0.014492753623188406,0.009541324011673357,3.3611076197957583,0.014492753623188406,1.38,0.8036129634104076
DYRK3,6201,0.008547008547008548,62,0.009998387356877922,0.0,0.0,0.0,2546,0.01728201099764336,79,0.031029065200314218,0.0,0.0,0.0759493670886076,0.008735002450634813,3.1034069888249753,0.0759493670886076,1.2741935483870968,0.8033547905068801
EIF2AK1,6201,0.008385744234800839,56,0.009030801483631673,0.0,0.0,0.0,2546,0.020816967792615867,73,0.028672427336999214,0.0,0.0,0.0547945205479452,0.012431223557815028,3.174959319941645,0.0547945205479452,1.3035714285714286,0.8031831780746111
COL6A3,6201,0.055958716336074826,489,0.07885824866956942,0.0,1.0,0.0,2546,0.0997643362136685,630,0.2474469756480754,0.0,3.0,0.031746031746031744,0.04380561987759367,3.137870543954429,0.031746031746031744,1.2883435582822085,0.8025857652080538
IGSF3,6201,0.018867924528301886,130,0.020964360587002098,0.0,0.0,0.0,2546,0.04124116260801257,160,0.06284367635506677,0.0,0.0,0.0875,0.022373238079710683,2.9976433621366847,0.0875,1.2307692307692308,0.8024310855511915
CHEK1,6201,0.0041928721174004195,29,0.004676665054023544,0.0,0.0,0.0,2546,0.007855459544383346,41,0.01610369206598586,0.0,0.0,0.0,0.0036625874269829266,3.4434136034889073,0.0,1.4137931034482758,0.8019383175276992
BCL2L11,6201,0.0043541364296081275,27,0.0043541364296081275,0.0,0.0,0.0,2546,0.008248232521602514,34,0.01335428122545169,0.0,0.0,0.08823529411764706,0.0038940960919943866,3.067033254778738,0.08823529411764706,1.2592592592592593,0.801896013275738
GYPE,6201,0.0020964360587002098,13,0.0020964360587002098,0.0,0.0,0.0,2546,0.006677140612725845,17,0.006677140612725845,0.0,0.0,0.058823529411764705,0.004580704554025635,3.184996072270228,0.058823529411764705,1.3076923076923077,0.8017628188212108
PEX7,6201,0.0027414933075310434,18,0.002902757619738752,0.0,0.0,0.0,2546,0.009426551453260016,24,0.009426551453260016,0.0,0.0,0.041666666666666664,0.006685058145728973,3.2474469756480757,0.041666666666666664,1.3333333333333333,0.8015226350770488
EPCAM,6201,0.002902757619738752,18,0.002902757619738752,0.0,0.0,0.0,2546,0.009426551453260016,24,0.009426551453260016,0.0,0.0,0.041666666666666664,0.006523793833521264,3.2474469756480757,0.041666666666666664,1.3333333333333333,0.8013613707648412
AKAP10,6201,0.005321722302854378,36,0.005805515239477504,0.0,0.0,0.0,2546,0.01728201099764336,49,0.0192458758837392,0.0,0.0,0.02040816326530612,0.011960288694788983,3.315102120974077,0.02040816326530612,1.3611111111111112,0.8013422621616529
FOXC2,6201,0.005805515239477504,42,0.006773101112723754,0.0,0.0,0.0,2546,0.022388059701492536,57,0.022388059701492536,0.0,0.0,0.017543859649122806,0.01658254446201503,3.3054371002132195,0.017543859649122806,1.3571428571428572,0.8008578894273188
SLC7A2,6201,0.011933559103370425,87,0.014029995162070633,0.0,0.0,0.0,2546,0.020031421838177535,122,0.047918303220738416,0.0,0.0,0.0,0.00809786273480711,3.4154183709402175,0.0,1.4022988505747127,0.8000532729960834
USP16,6201,0.008063215610385421,54,0.008708272859216255,0.0,0.0,0.0,2546,0.016889238020424194,73,0.028672427336999214,0.0,0.0,0.0273972602739726,0.008826022410038773,3.29255040586541,0.0273972602739726,1.3518518518518519,0.799957158620481
APOM,6201,0.0020964360587002098,13,0.0020964360587002098,0.0,0.0,0.0,2546,0.004713275726630008,17,0.006677140612725845,0.0,0.0,0.058823529411764705,0.0026168396679297984,3.184996072270228,0.058823529411764705,1.3076923076923077,0.799798953935115
COLGALT1,6201,0.005482986615062087,37,0.0059667795516852125,0.0,0.0,0.0,2546,0.019638648860958365,50,0.019638648860958365,0.0,0.0,0.02,0.014155662245896278,3.291331394237914,0.02,1.3513513513513513,0.7976055147850082
SMPX,6201,0.0009675858732462506,6,0.0009675858732462506,0.0,0.0,0.0,2546,0.0027494108405341712,7,0.0027494108405341712,0.0,0.0,0.14285714285714285,0.0017818249672879208,2.841516103692066,0.14285714285714285,1.1666666666666667,0.7973588946135477
PERP,6201,0.0020964360587002098,15,0.0024189646831156266,0.0,0.0,0.0,2546,0.008248232521602514,21,0.008248232521602514,0.0,0.0,0.0,0.006151796462902304,3.409819324430479,0.0,1.4,0.7968383350055398
PKP1,6201,0.009353330108047089,69,0.011127237542331882,0.0,0.0,0.0,2546,0.02749410840534171,95,0.03731343283582089,0.0,0.0,0.0,0.018140778297294623,3.3533419857235556,0.0,1.3768115942028984,0.79593742044776
SHE,6201,0.005805515239477504,39,0.006289308176100629,0.0,0.0,0.0,2546,0.018460329929300863,47,0.018460329929300863,0.0,0.0,0.10638297872340426,0.012654814689823358,2.935192458758837,0.10638297872340426,1.205128205128205,0.7958504029951933
SPOCK2,6201,0.004676665054023544,31,0.004999193678438961,0.0,0.0,0.0,2546,0.016889238020424194,43,0.016889238020424194,0.0,0.0,0.0,0.01221257296640065,3.3783924182145304,0.0,1.3870967741935485,0.7957470216187185
ODC1,6201,0.004999193678438961,31,0.004999193678438961,0.0,0.0,0.0,2546,0.010997643362136685,42,0.016496465043205028,0.0,0.0,0.023809523809523808,0.005998449683697724,3.2998251526746576,0.023809523809523808,1.3548387096774193,0.7952351526373803
DEK,6201,0.005805515239477504,37,0.0059667795516852125,0.0,0.0,0.0,2546,0.013747054202670856,46,0.018067556952081697,0.0,0.0,0.08695652173913043,0.007941538963193353,3.028024882698881,0.08695652173913043,1.2432432432432432,0.7950270324123055
POP4,6201,0.0027414933075310434,21,0.003386550556361877,0.0,0.0,0.0,2546,0.009819324430479183,25,0.009819324430479183,0.0,0.0,0.12,0.007077831122948139,2.89950622825721,0.12,1.1904761904761905,0.7947805875439397
PTGES,6201,0.001451378809869376,10,0.0016126431220770843,0.0,0.0,0.0,2546,0.0054988216810683424,14,0.0054988216810683424,0.0,0.0,0.0,0.004047442871198966,3.409819324430479,0.0,1.4,0.7947339814138364
RNF4,6201,0.001451378809869376,10,0.0016126431220770843,0.0,0.0,0.0,2546,0.0054988216810683424,14,0.0054988216810683424,0.0,0.0,0.0,0.004047442871198966,3.409819324430479,0.0,1.4,0.7947339814138364
MYL12B,6201,0.0016126431220770843,10,0.0016126431220770843,0.0,0.0,0.0,2546,0.0054988216810683424,14,0.0054988216810683424,0.0,0.0,0.0,0.0038861785589912583,3.409819324430479,0.0,1.4,0.7945727171016287
HERPUD1,6201,0.004031607805192711,26,0.0041928721174004195,0.0,0.0,0.0,2546,0.009426551453260016,35,0.013747054202670856,0.0,0.0,0.02857142857142857,0.005394943648067306,3.278672427336999,0.02857142857142857,1.3461538461538463,0.7944619726085872
POSTN,6201,0.01741654571843251,123,0.01983551040154814,0.0,0.0,0.016260162601626018,2546,0.03574234092694423,140,0.05498821681068342,0.0,0.0,0.15714285714285714,0.018325795208511717,2.772210832870308,0.14088269454123112,1.1382113821138211,0.7937225665851766
PRKAR2A,6201,0.003386550556361877,22,0.0035478148685695854,0.0,0.0,0.0,2546,0.007462686567164179,28,0.010997643362136685,0.0,0.0,0.07142857142857142,0.004076136010802302,3.0998357494822537,0.07142857142857142,1.2727272727272727,0.793304438685334
GYS1,6201,0.011449766166747298,73,0.011772294791162716,0.0,0.0,0.0,2546,0.022780832678711706,97,0.03809897879025923,0.0,0.0,0.030927835051546393,0.011331066511964407,3.236325581895856,0.030927835051546393,1.3287671232876712,0.7928080064821665
UQCR11,6201,0.0008063215610385422,5,0.0008063215610385422,0.0,0.0,0.0,2546,0.0027494108405341712,7,0.0027494108405341712,0.0,0.0,0.0,0.0019430892794956292,3.409819324430479,0.0,1.4,0.7926296278221331
CTSF,6201,0.0059667795516852125,37,0.0059667795516852125,0.0,0.0,0.0,2546,0.019638648860958365,51,0.020031421838177535,0.0,0.0,0.0,0.013671869309273152,3.3571580221226727,0.0,1.3783783783783783,0.7923447037884943
SNRPD1,6201,0.0012901144976616675,8,0.0012901144976616675,0.0,0.0,0.0,2546,0.002356637863315004,8,0.003142183817753339,0.0,0.0,0.25,0.0010665233656533366,2.4355852317360567,0.25,1.0,0.7921066271082111
ADIG,6201,0.0006450572488308337,4,0.0006450572488308337,0.0,0.0,0.25,2546,0.0015710919088766694,4,0.0015710919088766694,0.0,0.0,0.0,0.0009260346600458356,2.4355852317360567,-0.25,1.0,0.7919661384026035
IRF5,6201,0.006611836800516046,42,0.006773101112723754,0.0,0.0,0.0,2546,0.011390416339355853,53,0.020816967792615867,0.0,0.0,0.07547169811320754,0.004778579538839807,3.0734766019526427,0.07547169811320754,1.2619047619047619,0.7915999338777091
TNFSF11,6201,0.00516045799064667,35,0.005644250927269795,0.0,0.0,0.0,2546,0.012175962293794187,43,0.016889238020424194,0.0,0.0,0.09302325581395349,0.007015504303147517,2.992290427561441,0.09302325581395349,1.2285714285714286,0.7912566877551968
AKR1B10,6201,0.0059667795516852125,38,0.00612804386389292,0.0,0.0,0.0,2546,0.0192458758837392,51,0.020031421838177535,0.0,0.0,0.0196078431372549,0.013279096332053986,3.2688117583826024,0.0196078431372549,1.3421052631578947,0.7910752706983584
PICALM,6201,0.006289308176100629,41,0.006611836800516046,0.0,0.0,0.0,2546,0.01178318931657502,57,0.022388059701492536,0.0,0.0,0.0,0.00549388114047439,3.3860575172915905,0.0,1.3902439024390243,0.790777464327812
SHROOM2,6201,0.02080309627479439,149,0.024028382518948555,0.0,0.0,0.006711409395973154,2546,0.04948939512961508,189,0.07423409269442262,0.0,0.0,0.05291005291005291,0.028686298854820692,3.0894336160947296,0.046198643514079756,1.2684563758389262,0.7901442421019634
MYC,6201,0.006450572488308337,48,0.0077406869859700045,0.0,0.0,0.0,2546,0.014139827179890024,61,0.023959151610369208,0.0,0.0,0.06557377049180328,0.007689254691581686,3.0952228986645722,0.06557377049180328,1.2708333333333333,0.7899369923554304
CASP4,6201,0.005482986615062087,38,0.00612804386389292,0.0,0.0,0.0,2546,0.01178318931657502,44,0.01728201099764336,0.0,0.0,0.13636363636363635,0.006300202701512932,2.820151320957539,0.13636363636363635,1.1578947368421053,0.7898066931552306
NTRK3,6201,0.02386711820674085,187,0.030156426382841477,0.0,0.0,0.0,2546,0.04399057344854674,222,0.08719560094265515,0.0,0.0,0.1036036036036036,0.02012345524180589,2.8914434301893293,0.1036036036036036,1.1871657754010696,0.789360028834764
SMS,6201,0.005321722302854378,34,0.005482986615062087,0.0,0.0,0.0,2546,0.01021209740769835,40,0.015710919088766692,0.0,0.0,0.125,0.004890375104843973,2.8653943902777135,0.125,1.1764705882352942,0.7888069128474149
SAMM50,6201,0.004999193678438961,34,0.005482986615062087,0.0,0.0,0.0,2546,0.01728201099764336,44,0.01728201099764336,0.0,0.0,0.045454545454545456,0.0122828173192044,3.151933829305485,0.045454545454545456,1.2941176470588236,0.7881643908852428
MARK3,6201,0.009514594420254797,68,0.010965973230124174,0.0,0.0,0.0,2546,0.01335428122545169,80,0.031421838177533384,0.0,0.0,0.125,0.003839686805196892,2.8653943902777135,0.125,1.1764705882352942,0.7877562245477677
FOXO3,6201,0.005482986615062087,37,0.0059667795516852125,0.0,0.0,0.0,2546,0.018853102906520033,48,0.018853102906520033,0.0,0.0,0.041666666666666664,0.013370116291457946,3.1596781384683976,0.041666666666666664,1.2972972972972974,0.7873273031176137
ADD1,6201,0.008547008547008548,57,0.009192065795839382,0.0,0.0,0.0,2546,0.018067556952081697,73,0.028672427336999214,0.0,0.0,0.0547945205479452,0.009520548405073149,3.1192582792409143,0.0547945205479452,1.280701754385965,0.7868410062368288
PPP2R5B,6201,0.009675858732462506,63,0.010159651669085631,0.0,0.0,0.0,2546,0.03338570306362922,85,0.03338570306362922,0.0,0.0,0.0,0.023709844331166716,3.286107058691505,0.0,1.3492063492063493,0.7859415392067489
PIM3,6201,0.0024189646831156266,15,0.0024189646831156266,0.0,0.0,0.06666666666666667,2546,0.007462686567164179,19,0.007462686567164179,0.0,0.0,0.0,0.005043721884048552,3.0850746268656715,-0.06666666666666667,1.2666666666666666,0.7859032046464371
SNAPC4,6201,0.012901144976616674,88,0.014191259474278342,0.0,0.0,0.0,2546,0.040455616653574236,107,0.0420267085624509,0.0,0.0,0.07476635514018691,0.027554471676957563,2.961450224951796,0.07476635514018691,1.2159090909090908,0.7857838229041602
EFNA1,6201,0.0019351717464925011,13,0.0020964360587002098,0.0,0.0,0.0,2546,0.005106048703849175,18,0.007069913589945012,0.0,0.0,0.0,0.0031708769573566744,3.3723487824037703,0.0,1.3846153846153846,0.7853240399258409
MAFB,6201,0.004031607805192711,26,0.0041928721174004195,0.0,0.0,0.0,2546,0.012961508248232521,33,0.012961508248232521,0.0,0.0,0.06060606060606061,0.00892990044303981,3.091319717203456,0.06060606060606061,1.2692307692307692,0.7852563677402397
CNOT6,6201,0.00725689404934688,47,0.0075794226737622965,0.0,0.0,0.0,2546,0.01021209740769835,61,0.023959151610369208,0.0,0.0,0.04918032786885246,0.002955203358351471,3.1610787050191376,0.04918032786885246,1.297872340425532,0.7847626954180742
HNRNPC,6201,0.003386550556361877,21,0.003386550556361877,0.0,0.0,0.0,2546,0.007855459544383346,29,0.011390416339355853,0.0,0.0,0.0,0.004468908988021469,3.363427224778364,0.0,1.380952380952381,0.7845795377340715
NR6A1,6201,0.006450572488308337,46,0.007418158361554588,0.0,0.0,0.0,2546,0.010997643362136685,58,0.022780832678711706,0.0,0.0,0.06896551724137931,0.004547070873828348,3.070955292188941,0.06896551724137931,1.2608695652173914,0.7842430949939249
ABCC8,6201,0.0267698758264796,217,0.03499435574907273,0.0,0.0,0.0,2546,0.05223880597014925,286,0.11233307148468186,0.0,1.0,0.013986013986013986,0.025468930143669653,3.2100339920576597,0.013986013986013986,1.3179723502304148,0.7837784853543924
UGP2,6201,0.006450572488308337,42,0.006773101112723754,0.0,0.0,0.0,2546,0.00864100549882168,54,0.021209740769835034,0.0,0.0,0.05555555555555555,0.002190433010513343,3.131466726517787,0.05555555555555555,1.2857142857142858,0.783231291524611
WIPF1,6201,0.009514594420254797,68,0.010965973230124174,0.0,0.0,0.0,2546,0.025530243519245877,91,0.03574234092694423,0.0,0.0,0.01098901098901099,0.01601564909899108,3.2593861189408995,0.01098901098901099,1.338235294117647,0.7829825258904238
BCR,6201,0.012901144976616674,86,0.013868730849862926,0.0,0.0,0.0,2546,0.03613511390416339,113,0.044383346425765906,0.0,0.0,0.017699115044247787,0.02323396892754672,3.2002457114671436,0.017699115044247787,1.313953488372093,0.7829289297202261
RRAS,6201,0.002580228995323335,16,0.002580228995323335,0.0,0.0,0.0,2546,0.00864100549882168,22,0.00864100549882168,0.0,0.0,0.0,0.006060776503498346,3.3489296936370776,0.0,1.375,0.7828433633297561
TJP3,6201,0.01241735203999355,99,0.015965166908563134,0.0,0.0,0.0,2546,0.028279654359780047,129,0.05066771406127259,0.0,0.0,0.031007751937984496,0.015862302319786498,3.173641362565165,0.031007751937984496,1.303030303030303,0.7825117568992894
SPINT2,6201,0.0038703434929850023,27,0.0043541364296081275,0.0,0.0,0.0,2546,0.012175962293794187,37,0.014532600157109192,0.0,0.0,0.0,0.008305618800809185,3.3376538360827444,0.0,1.3703703703703705,0.7824920494169636
DCAF11,6201,0.008063215610385421,53,0.008547008547008548,0.0,0.0,0.0,2546,0.015710919088766692,70,0.02749410840534171,0.0,0.0,0.02857142857142857,0.007647703478381271,3.21681068342498,0.02857142857142857,1.320754716981132,0.7821510315839757
MMS22L,6201,0.013546202225447508,91,0.014675052410901468,0.0,0.0,0.01098901098901099,2546,0.02749410840534171,110,0.04320502749410841,0.0,0.0,0.1,0.013947906179894203,2.944114016384244,0.08901098901098901,1.2087912087912087,0.7820360597730096
CDH3,6201,0.009192065795839382,59,0.009514594420254797,0.0,0.0,0.0,2546,0.018460329929300863,78,0.030636292223095052,0.0,0.0,0.02564102564102564,0.009268264133461481,3.219926238566312,0.02564102564102564,1.3220338983050848,0.7815797580969804
HDLBP,6201,0.01757781003064022,130,0.020964360587002098,0.0,0.0,0.0,2546,0.038884524744697564,161,0.06323644933228594,0.0,0.0,0.062111801242236024,0.021306714714057345,3.016378633150039,0.062111801242236024,1.2384615384615385,0.780651994504445
SNRPA,6201,0.003386550556361877,21,0.003386550556361877,0.0,0.0,0.047619047619047616,2546,0.010604870384917517,27,0.010604870384917517,0.0,0.0,0.0,0.00721831982855564,3.131466726517787,-0.047619047619047616,1.2857142857142858,0.7803226704061453
ISCU,6201,0.0024189646831156266,16,0.002580228995323335,0.0,0.0,0.0,2546,0.00589159465828751,22,0.00864100549882168,0.0,0.0,0.0,0.003472629975171883,3.3489296936370776,0.0,1.375,0.7802552168014296
CYP26B1,6201,0.009030801483631673,64,0.01032091598129334,0.0,0.0,0.0,2546,0.021209740769835034,87,0.034171249018067555,0.0,0.0,0.0,0.012178939286203361,3.3108736743912015,0.0,1.359375,0.7801723509747398
B4GALT1,6201,0.0035478148685695854,24,0.0038703434929850023,0.0,0.0,0.0,2546,0.006677140612725845,33,0.012961508248232521,0.0,0.0,0.0,0.0031293257441562593,3.348929693637078,0.0,1.375,0.779911912570414
HBEGF,6201,0.0012901144976616675,8,0.0012901144976616675,0.0,0.0,0.0,2546,0.00432050274941084,11,0.00432050274941084,0.0,0.0,0.0,0.003030388251749173,3.3489296936370776,0.0,1.375,0.779812975078007
MAP3K8,6201,0.005321722302854378,35,0.005644250927269795,0.0,0.0,0.0,2546,0.01610369206598586,42,0.016496465043205028,0.0,0.0,0.09523809523809523,0.01078196976313148,2.922702278083268,0.09523809523809523,1.2,0.77965365740039
DNMT1,6201,0.021125624899209806,149,0.024028382518948555,0.0,0.0,0.0,2546,0.034171249018067555,194,0.07619795758051846,0.0,0.0,0.030927835051546393,0.013045624118857749,3.171164664139564,0.030927835051546393,1.3020134228187918,0.779021571382044
CPEB3,6201,0.005321722302854378,37,0.0059667795516852125,0.0,0.0,0.0,2546,0.015710919088766692,49,0.0192458758837392,0.0,0.0,0.02040816326530612,0.010389196785912314,3.225504766353156,0.02040816326530612,1.3243243243243243,0.7787889044904706
RNF19B,6201,0.006934365424931463,45,0.00725689404934688,0.0,0.0,0.0,2546,0.014532600157109192,60,0.02356637863315004,0.0,0.0,0.016666666666666666,0.007598234732177729,3.2474469756480753,0.016666666666666666,1.3333333333333333,0.7774358116634974
RRP8,6201,0.004837929366231253,33,0.005321722302854378,0.0,0.0,0.0,2546,0.016496465043205028,42,0.016496465043205028,0.0,0.0,0.047619047619047616,0.011658535676973775,3.099835749482254,0.047619047619047616,1.2727272727272727,0.7770773145419816
RRM2,6201,0.00516045799064667,33,0.005321722302854378,0.0,0.0,0.0,2546,0.01178318931657502,45,0.01767478397486253,0.0,0.0,0.0,0.006622731325928349,3.3212525887309865,0.0,1.3636363636363635,0.7770208620894429
PIAS1,6201,0.006773101112723754,47,0.0075794226737622965,0.0,0.0,0.0,2546,0.014139827179890024,64,0.02513747054202671,0.0,0.0,0.0,0.00736672606716627,3.3165415921512262,0.0,1.3617021276595744,0.7766740697736589
HLA-F,6201,0.0043541364296081275,28,0.004515400741815836,0.0,0.0,0.0,2546,0.014139827179890024,38,0.014925373134328358,0.0,0.0,0.0,0.009785690750281895,3.3054371002132195,0.0,1.3571428571428572,0.7765171760664629
MVB12A,6201,0.003386550556361877,21,0.003386550556361877,0.0,0.0,0.0,2546,0.00589159465828751,26,0.01021209740769835,0.0,0.0,0.07692307692307693,0.0025050441019256325,3.0154864773874985,0.07692307692307693,1.2380952380952381,0.7764394455021054
GLO1,6201,0.002257700370907918,16,0.002580228995323335,0.0,0.0,0.0,2546,0.007462686567164179,19,0.007462686567164179,0.0,0.0,0.10526315789473684,0.005204986196256261,2.892257462686567,0.10526315789473684,1.1875,0.7763102774362907
RASA2,6201,0.01032091598129334,75,0.012094823415578132,0.0,0.0,0.0,2546,0.022780832678711706,100,0.03927729772191673,0.0,0.0,0.01,0.012459916697418366,3.2474469756480753,0.01,1.3333333333333333,0.7756308269620713
GPX7,6201,0.0019351717464925011,12,0.0019351717464925011,0.0,0.0,0.0,2546,0.00589159465828751,15,0.00589159465828751,0.0,0.0,0.06666666666666667,0.003956422911795009,3.0444815396700706,0.06666666666666667,1.25,0.7748292781793763
CYB5R3,6201,0.004515400741815836,30,0.004837929366231253,0.0,0.0,0.0,2546,0.007069913589945012,41,0.01610369206598586,0.0,0.0,0.0,0.0025545128481291755,3.328633150039277,0.0,1.3666666666666667,0.7746591547315156
PAXIP1,6201,0.009192065795839382,66,0.010643444605708756,0.0,0.0,0.0,2546,0.02749410840534171,72,0.028279654359780047,0.0,0.0,0.1527777777777778,0.018302042609502328,2.657002070984789,0.1527777777777778,1.0909090909090908,0.7745763453014433
MATN2,6201,0.013707466537655217,97,0.01564263828414772,0.0,0.0,0.0,2546,0.032992930086410056,127,0.04988216810683425,0.0,0.0,0.015748031496062992,0.01928546354875484,3.188859014747208,0.015748031496062992,1.309278350515464,0.7743146998192261
RRAGD,6201,0.0038703434929850023,26,0.0041928721174004195,0.0,0.0,0.0,2546,0.012175962293794187,31,0.012175962293794187,0.0,0.0,0.0967741935483871,0.008305618800809185,2.9039670070699133,0.0967741935483871,1.1923076923076923,0.773925849246475
ACAA1,6201,0.004515400741815836,28,0.004515400741815836,0.0,0.0,0.0,2546,0.011390416339355853,38,0.014925373134328358,0.0,0.0,0.0,0.0068750155975400165,3.3054371002132195,0.0,1.3571428571428572,0.773606500913721
DAPK2,6201,0.005482986615062087,43,0.006934365424931463,0.0,0.0,0.0,2546,0.015710919088766692,54,0.021209740769835034,0.0,0.0,0.05555555555555555,0.010227932473704605,3.0586419189243497,0.05555555555555555,1.255813953488372,0.7734847223964467
IL15,6201,0.002580228995323335,16,0.002580228995323335,0.0,0.0,0.0,2546,0.004713275726630008,19,0.007462686567164179,0.0,0.0,0.10526315789473684,0.002133046731306673,2.892257462686567,0.10526315789473684,1.1875,0.7732383379713411
CANT1,6201,0.005321722302854378,35,0.005644250927269795,0.0,0.0,0.0,2546,0.018460329929300863,47,0.018460329929300863,0.0,0.0,0.0,0.013138607626446485,3.270643025474133,0.0,1.3428571428571427,0.7717558344152136
SGCG,6201,0.00725689404934688,52,0.008385744234800839,0.0,0.0,0.0,2546,0.01335428122545169,62,0.024351924587588374,0.0,0.0,0.0967741935483871,0.00609738717610481,2.9039670070699133,0.0967741935483871,1.1923076923076923,0.7717176176217706
PPM1G,6201,0.004031607805192711,28,0.004515400741815836,0.0,0.0,0.0,2546,0.013747054202670856,35,0.013747054202670856,0.0,0.0,0.05714285714285714,0.009715446397478145,3.0444815396700706,0.05714285714285714,1.25,0.77106449214125
SLC27A5,6201,0.009998387356877922,65,0.010482180293501049,0.0,0.0,0.0,2546,0.020816967792615867,82,0.03220738413197172,0.0,0.0,0.04878048780487805,0.010818580435737945,3.0725844461901017,0.04878048780487805,1.2615384615384615,0.7707296846724841
RPS6,6201,0.0027414933075310434,18,0.002902757619738752,0.0,0.0,0.0,2546,0.009033778476040848,23,0.009033778476040848,0.0,0.0,0.043478260869565216,0.006292285168509805,3.1121366849960723,0.043478260869565216,1.2777777777777777,0.7705661335931492
DUSP2,6201,0.002580228995323335,18,0.002902757619738752,0.0,0.0,0.0,2546,0.00864100549882168,23,0.009033778476040848,0.0,0.0,0.043478260869565216,0.006060776503498346,3.1121366849960723,0.043478260869565216,1.2777777777777777,0.7703346249281376
ECHS1,6201,0.00306402193194646,20,0.0032252862441541686,0.0,0.0,0.0,2546,0.010604870384917517,27,0.010604870384917517,0.0,0.0,0.0,0.007540848452971057,3.288040062843676,0.0,1.35,0.7702234346317981
SDC2,6201,0.0043541364296081275,27,0.0043541364296081275,0.0,0.0,0.0,2546,0.013747054202670856,35,0.013747054202670856,0.0,0.0,0.02857142857142857,0.009392917773062729,3.1572401152134066,0.02857142857142857,1.2962962962962963,0.7696685860451709
CD8A,6201,0.0043541364296081275,29,0.004676665054023544,0.0,0.0,0.0,2546,0.013747054202670856,39,0.015318146111547526,0.0,0.0,0.0,0.009392917773062729,3.275442208196766,0.0,1.3448275862068966,0.7691332747661034
MAL,6201,0.002580228995323335,17,0.0027414933075310434,0.0,0.0,0.0,2546,0.006284367635506678,23,0.009033778476040848,0.0,0.0,0.0,0.0037041386401833426,3.2952035488193707,0.0,1.3529411764705883,0.7680559044352522
RALA,6201,0.002580228995323335,17,0.0027414933075310434,0.0,0.0,0.0,2546,0.0054988216810683424,14,0.0054988216810683424,0.0,0.0,0.35714285714285715,0.0029185926857450075,2.0057760731943994,0.35714285714285715,0.8235294117647058,0.7674500645427078
FOXO4,6201,0.006773101112723754,46,0.007418158361554588,0.0,0.0,0.0,2546,0.01610369206598586,59,0.023173605655930872,0.0,0.0,0.03389830508474576,0.009330590953262104,3.1239027972266813,0.03389830508474576,1.2826086956521738,0.7668817113323706
DEPTOR,6201,0.0059667795516852125,41,0.006611836800516046,0.0,0.0,0.0,2546,0.014532600157109192,55,0.021602513747054203,0.0,0.0,0.0,0.00856582060542398,3.267248481597149,0.0,1.3414634146341464,0.7663878758807007
ERGIC3,6201,0.0038703434929850023,26,0.0041928721174004195,0.0,0.0,0.0,2546,0.009033778476040848,35,0.013747054202670856,0.0,0.0,0.0,0.0051634349830558465,3.278672427336999,0.0,1.3461538461538463,0.7656590353721472
ADAMTS1,6201,0.01225608772778584,82,0.013223673601032092,0.0,0.0,0.0,2546,0.04006284367635507,103,0.040455616653574236,0.0,0.0,0.02912621359223301,0.02780675594856923,3.059332669131876,0.02912621359223301,1.2560975609756098,0.7648043818758306
ARG1,6201,0.003709079180777294,23,0.003709079180777294,0.0,0.0,0.0,2546,0.006677140612725845,31,0.012175962293794187,0.0,0.0,0.0,0.002968061431948551,3.2827453123399026,0.0,1.3478260869565217,0.7644151129554192
KALRN,6201,0.04370262860828899,398,0.06418319625866796,0.0,0.0,0.0,2546,0.06559308719560095,518,0.20345640219952868,0.0,1.0,0.007722007722007722,0.021890458587311958,3.169932537787129,0.007722007722007722,1.3015075376884422,0.7643651434405212
IL2,6201,0.002580228995323335,17,0.0027414933075310434,0.0,0.0,0.0,2546,0.007855459544383346,20,0.007855459544383346,0.0,0.0,0.1,0.0052752305490600115,2.8653943902777135,0.1,1.1764705882352942,0.7641917682916308
SMC1A,6201,0.012901144976616674,83,0.0133849379132398,0.0,0.0,0.0,2546,0.02788688138256088,110,0.04320502749410841,0.0,0.0,0.0,0.014985736405944207,3.2278840420598343,0.0,1.3253012048192772,0.763540197285793
GAA,6201,0.009998387356877922,65,0.010482180293501049,0.0,0.0,0.0,2546,0.03220738413197172,84,0.032992930086410056,0.0,0.0,0.011904761904761904,0.022208996775093796,3.147525530243519,0.011904761904761904,1.2923076923076924,0.7634784767575128
PARVA,6201,0.003386550556361877,22,0.0035478148685695854,0.0,0.0,0.045454545454545456,2546,0.011390416339355853,29,0.011390416339355853,0.0,0.0,0.034482758620689655,0.008003865782993976,3.2105441691066203,-0.010971786833855801,1.3181818181818181,0.7634203677181786
FOS,6201,0.003709079180777294,23,0.003709079180777294,0.0,0.0,0.0,2546,0.010997643362136685,28,0.010997643362136685,0.0,0.0,0.07142857142857142,0.007288564181359391,2.9650602821134604,0.07142857142857142,1.2173913043478262,0.7630910135807347
UQCRH,6201,0.001128850185453959,7,0.001128850185453959,0.0,0.0,0.0,2546,0.0015710919088766694,8,0.003142183817753339,0.0,0.0,0.125,0.0004422417234227103,2.783525979126922,0.125,1.1428571428571428,0.7629514347194399
SYCP1,6201,0.016771488469601678,134,0.02160941783583293,0.0,0.0,0.0,2546,0.04399057344854674,165,0.06480754124116261,0.0,0.0,0.04242424242424243,0.02721908497894506,2.9990415166899207,0.04242424242424243,1.2313432835820894,0.7625508584219554
MTHFR,6201,0.009675858732462506,67,0.010804708917916465,0.0,0.0,0.0,2546,0.018853102906520033,81,0.03181461115475255,0.0,0.0,0.07407407407407407,0.009177244174057526,2.94451348911374,0.07407407407407407,1.208955223880597,0.7624297609624954
TYRO3,6201,0.011127237542331882,75,0.012094823415578132,0.0,0.0,0.0,2546,0.021602513747054203,93,0.03652788688138256,0.0,0.0,0.053763440860215055,0.010475276204722321,3.02012568735271,0.053763440860215055,1.24,0.7624047041577902
SLC29A3,6201,0.008547008547008548,59,0.009514594420254797,0.0,0.0,0.0,2546,0.01767478397486253,76,0.029850746268656716,0.0,0.0,0.02631578947368421,0.009127775427853983,3.137364027321022,0.02631578947368421,1.2881355932203389,0.7623552610173918
PDE6B,6201,0.01451378809869376,107,0.0172552814062248,0.0,0.0,0.0,2546,0.029065200314218383,139,0.054595443833464256,0.0,0.0,0.014388489208633094,0.014551412215524624,3.1639845533767463,0.014388489208633094,1.2990654205607477,0.7622651620463528
CA2,6201,0.005482986615062087,40,0.006450572488308337,0.0,0.0,0.05,2546,0.012568735271013355,53,0.020816967792615867,0.0,0.0,0.05660377358490566,0.007085748655951268,3.227150432050275,0.006603773584905659,1.325,0.7620704510047467
TRIM14,6201,0.003709079180777294,24,0.0038703434929850023,0.0,0.0,0.0,2546,0.012568735271013355,32,0.012568735271013355,0.0,0.0,0.0,0.008859656090236062,3.2474469756480757,0.0,1.3333333333333333,0.7620305663548893
PRKAR2B,6201,0.005805515239477504,38,0.00612804386389292,0.0,0.0,0.0,2546,0.018853102906520033,49,0.0192458758837392,0.0,0.0,0.02040816326530612,0.013047587667042528,3.1406230619754414,0.02040816326530612,1.2894736842105263,0.76115484494763
LAT2,6201,0.003386550556361877,22,0.0035478148685695854,0.0,0.0,0.0,2546,0.010997643362136685,28,0.010997643362136685,0.0,0.0,0.03571428571428571,0.007611092805774808,3.0998357494822537,0.03571428571428571,1.2727272727272727,0.7611251097660208
RAD23B,6201,0.005321722302854378,38,0.00612804386389292,0.0,0.0,0.0,2546,0.007855459544383346,51,0.020031421838177535,0.0,0.0,0.0,0.002533737241528968,3.2688117583826024,0.0,1.3421052631578947,0.7607220684705784
MYLK,6201,0.030962747943880018,243,0.03918722786647315,0.0,0.0,0.0,2546,0.05420267085624509,301,0.11822466614296936,0.0,1.0,0.03986710963455149,0.023239922912365072,3.0169183323150333,0.03986710963455149,1.2386831275720165,0.7604748766409023
BCL2A1,6201,0.002902757619738752,19,0.00306402193194646,0.0,0.0,0.0,2546,0.009426551453260016,24,0.009426551453260016,0.0,0.0,0.041666666666666664,0.006523793833521264,3.0765287137718613,0.041666666666666664,1.263157894736842,0.7602891007678626
GADD45B,6201,0.001451378809869376,10,0.0016126431220770843,0.0,0.0,0.0,2546,0.004713275726630008,12,0.004713275726630008,0.0,0.0,0.08333333333333333,0.003261896916760632,2.922702278083268,0.08333333333333333,1.2,0.7602288226492573
IER2,6201,0.0016126431220770843,10,0.0016126431220770843,0.0,0.0,0.0,2546,0.004713275726630008,12,0.004713275726630008,0.0,0.0,0.08333333333333333,0.003100632604552924,2.922702278083268,0.08333333333333333,1.2,0.7600675583370495
PEX14,6201,0.004999193678438961,34,0.005482986615062087,0.0,0.0,0.0,2546,0.01728201099764336,45,0.01767478397486253,0.0,0.0,0.0,0.0122828173192044,3.2235686890624278,0.0,1.3235294117647058,0.7598160683527165
CREBBP,6201,0.03854217061764231,290,0.04676665054023545,0.0,0.0,0.0034482758620689655,2546,0.08326787117046347,353,0.13864886095836607,0.0,2.0,0.0339943342776204,0.04472570055282116,2.964695126906303,0.030546058415551434,1.217241379310345,0.7595535394686794
KIT,6201,0.02144815352362522,160,0.02580228995323335,0.0,0.0,0.0,2546,0.029850746268656716,210,0.08248232521602514,0.0,0.0,0.009523809523809525,0.008402592745031495,3.196705616653574,0.009523809523809525,1.3125,0.7590790622263884
POLR3C,6201,0.005644250927269795,36,0.005805515239477504,0.0,0.0,0.0,2546,0.011390416339355853,48,0.018853102906520033,0.0,0.0,0.0,0.005746165412086058,3.2474469756480757,0.0,1.3333333333333333,0.7589170756767393
SUV39H1,6201,0.004999193678438961,33,0.005321722302854378,0.0,0.0,0.0,2546,0.010604870384917517,44,0.01728201099764336,0.0,0.0,0.0,0.005605676706478556,3.2474469756480753,0.0,1.3333333333333333,0.7587765869711316
NOG,6201,0.002257700370907918,15,0.0024189646831156266,0.0,0.0,0.0,2546,0.007855459544383346,20,0.007855459544383346,0.0,0.0,0.0,0.0055977591734754275,3.2474469756480753,0.0,1.3333333333333333,0.7587686694381284
AGXT,6201,0.006773101112723754,54,0.008708272859216255,0.0,0.0,0.0,2546,0.02631578947368421,68,0.02670856245090338,0.0,0.0,0.029411764705882353,0.019542688360960455,3.067033254778738,0.029411764705882353,1.2592592592592593,0.7587210761329393
ASL,6201,0.007418158361554588,48,0.0077406869859700045,0.0,0.0,0.0,2546,0.012961508248232521,64,0.02513747054202671,0.0,0.0,0.0,0.005543349886677934,3.2474469756480757,0.0,1.3333333333333333,0.7587142601513311
KIF5A,6201,0.014675052410901468,108,0.01741654571843251,0.0,0.0,0.0,2546,0.032992930086410056,132,0.051846032992930086,0.0,0.0,0.05303030303030303,0.01831787767550859,2.9768263943440694,0.05303030303030303,1.2222222222222223,0.7586851130032545
NOL8,6201,0.01225608772778584,87,0.014029995162070633,0.0,0.0,0.0,2546,0.023959151610369208,115,0.045168892380204245,0.0,0.0,0.0,0.011703063882583367,3.2194517430993854,0.0,1.3218390804597702,0.7582610842335655
CTHRC1,6201,0.00306402193194646,21,0.003386550556361877,0.0,0.0,0.0,2546,0.007855459544383346,28,0.010997643362136685,0.0,0.0,0.0,0.004791437612436886,3.2474469756480753,0.0,1.3333333333333333,0.7579623478770898
ADAM10,6201,0.0075794226737622965,48,0.0077406869859700045,0.0,0.0,0.0,2546,0.015710919088766692,61,0.023959151610369208,0.0,0.0,0.03278688524590164,0.008131496415004396,3.0952228986645722,0.03278688524590164,1.2708333333333333,0.7575923488329513
LXN,6201,0.0019351717464925011,12,0.0019351717464925011,0.0,0.0,0.0,2546,0.006284367635506678,16,0.006284367635506678,0.0,0.0,0.0,0.004349195889014177,3.2474469756480757,0.0,1.3333333333333333,0.7575201061536674
CCL24,6201,0.0019351717464925011,12,0.0019351717464925011,0.0,0.0,0.0,2546,0.006284367635506678,16,0.006284367635506678,0.0,0.0,0.0,0.004349195889014177,3.2474469756480757,0.0,1.3333333333333333,0.7575201061536674
SERPINE2,6201,0.006289308176100629,46,0.007418158361554588,0.0,0.0,0.0,2546,0.014139827179890024,61,0.023959151610369208,0.0,0.0,0.0,0.007850519003789394,3.2297978073021625,0.0,1.326086956521739,0.7568575306674289
IFITM2,6201,0.001451378809869376,9,0.001451378809869376,0.0,0.0,0.0,2546,0.004713275726630008,12,0.004713275726630008,0.0,0.0,0.0,0.003261896916760632,3.2474469756480757,0.0,1.3333333333333333,0.7564328071814138
NINJ1,6201,0.001451378809869376,9,0.001451378809869376,0.0,0.0,0.0,2546,0.004713275726630008,12,0.004713275726630008,0.0,0.0,0.0,0.003261896916760632,3.2474469756480757,0.0,1.3333333333333333,0.7564328071814138
LCP2,6201,0.008547008547008548,58,0.009353330108047089,0.0,0.0,0.0,2546,0.02788688138256088,73,0.028672427336999214,0.0,0.0,0.0273972602739726,0.019339872835552333,3.0654779640815883,0.0273972602739726,1.2586206896551724,0.7561212689772012
SCN1B,6201,0.0041928721174004195,28,0.004515400741815836,0.0,0.0,0.0,2546,0.009033778476040848,33,0.012961508248232521,0.0,0.0,0.09090909090909091,0.004840906358640429,2.870511165974638,0.09090909090909091,1.1785714285714286,0.7559893992582952
LMNB1,6201,0.005482986615062087,37,0.0059667795516852125,0.0,0.0,0.0,2546,0.010997643362136685,45,0.01767478397486253,0.0,0.0,0.06666666666666667,0.005514656747074598,2.962198254814123,0.06666666666666667,1.2162162162162162,0.7558331289529832
TDO2,6201,0.004999193678438961,35,0.005644250927269795,0.0,0.0,0.0,2546,0.015710919088766692,42,0.016496465043205028,0.0,0.0,0.07142857142857142,0.010711725410327732,2.922702278083268,0.07142857142857142,1.2,0.7557738892380624
IL12A,6201,0.0041928721174004195,27,0.0043541364296081275,0.0,0.0,0.0,2546,0.006677140612725845,36,0.014139827179890024,0.0,0.0,0.0,0.002484268495325425,3.2474469756480757,0.0,1.3333333333333333,0.7556551787599787
G6PD,6201,0.00725689404934688,47,0.0075794226737622965,0.0,0.0,0.0,2546,0.013747054202670856,61,0.023959151610369208,0.0,0.0,0.01639344262295082,0.006490160153323976,3.1610787050191376,0.01639344262295082,1.297872340425532,0.755510766967145
UQCRC1,6201,0.003709079180777294,24,0.0038703434929850023,0.0,0.0,0.0,2546,0.011390416339355853,29,0.011390416339355853,0.0,0.0,0.06896551724137931,0.007681337158578559,2.9429988216810687,0.06896551724137931,1.2083333333333333,0.7554412298972811
COX7B,6201,0.0009675858732462506,6,0.0009675858732462506,0.0,0.0,0.0,2546,0.003142183817753339,8,0.003142183817753339,0.0,0.0,0.0,0.0021745979445070883,3.2474469756480757,0.0,1.3333333333333333,0.7553455082091604
MPC1,6201,0.0009675858732462506,6,0.0009675858732462506,0.0,0.0,0.0,2546,0.003142183817753339,8,0.003142183817753339,0.0,0.0,0.0,0.0021745979445070883,3.2474469756480757,0.0,1.3333333333333333,0.7553455082091604
TRAF1,6201,0.005805515239477504,40,0.006450572488308337,0.0,0.0,0.0,2546,0.012175962293794187,53,0.020816967792615867,0.0,0.0,0.0,0.0063704470543166835,3.227150432050275,0.0,1.325,0.7547513758182064
ST6GALNAC2,6201,0.0038703434929850023,25,0.004031607805192711,0.0,0.0,0.0,2546,0.012961508248232521,33,0.012961508248232521,0.0,0.0,0.0,0.00909116475524752,3.214972505891595,0.0,1.32,0.754587052707703
SPARCL1,6201,0.008708272859216255,64,0.01032091598129334,0.0,0.0,0.0,2546,0.01767478397486253,79,0.031029065200314218,0.0,0.0,0.05063291139240506,0.008966511115646275,3.0064255204241945,0.05063291139240506,1.234375,0.7543516943255917
MT3,6201,0.0004837929366231253,3,0.0004837929366231253,0.0,0.0,0.0,2546,0.0015710919088766694,4,0.0015710919088766694,0.0,0.0,0.0,0.0010872989722535442,3.2474469756480757,0.0,1.3333333333333333,0.7542582092369068
EXOSC10,6201,0.008547008547008548,58,0.009353330108047089,0.0,0.0,0.0,2546,0.022388059701492536,69,0.027101335428122545,0.0,0.0,0.07246376811594203,0.013841051154483988,2.8975065687894466,0.07246376811594203,1.1896551724137931,0.7534946460442165
ALDH9A1,6201,0.00516045799064667,34,0.005482986615062087,0.0,0.0,0.0,2546,0.010997643362136685,45,0.01767478397486253,0.0,0.0,0.0,0.005837185371490015,3.2235686890624278,0.0,1.3235294117647058,0.7533704364050021
MCEE,6201,0.002902757619738752,18,0.002902757619738752,0.0,0.0,0.0,2546,0.008248232521602514,21,0.008248232521602514,0.0,0.0,0.09523809523809523,0.005345474901863762,2.841516103692066,0.09523809523809523,1.1666666666666667,0.7533034969290759
ITGB5,6201,0.010643444605708756,75,0.012094823415578132,0.0,0.0,0.0,2546,0.018067556952081697,95,0.03731343283582089,0.0,0.0,0.031578947368421054,0.007424112346372941,3.0850746268656715,0.031578947368421054,1.2666666666666666,0.753195875810516
PEX16,6201,0.0035478148685695854,23,0.003709079180777294,0.0,0.0,0.0,2546,0.011390416339355853,29,0.011390416339355853,0.0,0.0,0.034482758620689655,0.007842601470786267,3.070955292188941,0.034482758620689655,1.2608695652173914,0.7530558669701931
FKBP14,6201,0.0024189646831156266,15,0.0024189646831156266,0.0,0.0,0.0,2546,0.005106048703849175,13,0.005106048703849175,0.0,0.0,0.3076923076923077,0.0026870840207335487,2.110840534171249,0.3076923076923077,0.8666666666666667,0.7521251690506285
ATP1A3,6201,0.02048056765037897,158,0.02547976132881793,0.0,0.0,0.0,2546,0.03260015710919089,203,0.07973291437549096,0.0,0.0,0.014778325123152709,0.012119589458811919,3.129264569888731,0.014778325123152709,1.2848101265822784,0.751850054893713
LTBR,6201,0.004999193678438961,31,0.004999193678438961,0.0,0.0,0.0,2546,0.009819324430479183,41,0.01610369206598586,0.0,0.0,0.0,0.0048201307520402215,3.2212578871347843,0.0,1.3225806451612903,0.7518061113438286
HMGCR,6201,0.007095629737139171,52,0.008385744234800839,0.0,0.0,0.0,2546,0.0192458758837392,64,0.02513747054202671,0.0,0.0,0.046875,0.012150246146600027,2.997643362136685,0.046875,1.2307692307692308,0.751583093618081
LCLAT1,6201,0.0059667795516852125,40,0.006450572488308337,0.0,0.0,0.0,2546,0.009033778476040848,53,0.020816967792615867,0.0,0.0,0.0,0.003066998924355636,3.227150432050275,0.0,1.325,0.7514479276882454
TNFAIP2,6201,0.004999193678438961,37,0.0059667795516852125,0.0,0.0,0.0,2546,0.018460329929300863,47,0.018460329929300863,0.0,0.0,0.02127659574468085,0.013461136250861903,3.093851510583639,0.02127659574468085,1.2702702702702702,0.751076768008041
AGO4,6201,0.010159651669085631,68,0.010965973230124174,0.0,0.0,0.0,2546,0.03338570306362922,85,0.03338570306362922,0.0,0.0,0.023529411764705882,0.02322605139454359,3.0444815396700706,0.023529411764705882,1.25,0.7509616517601642
PEF1,6201,0.0035478148685695854,24,0.0038703434929850023,0.0,0.0,0.0,2546,0.006677140612725845,29,0.011390416339355853,0.0,0.0,0.06896551724137931,0.0031293257441562593,2.9429988216810687,0.06896551724137931,1.2083333333333333,0.7508892184828588
PSPH,6201,0.0043541364296081275,29,0.004676665054023544,0.0,0.0,0.0,2546,0.014925373134328358,38,0.014925373134328358,0.0,0.0,0.0,0.010571236704720231,3.191456510550695,0.0,1.3103448275862069,0.750472345557639
SGMS2,6201,0.0041928721174004195,29,0.004676665054023544,0.0,0.0,0.0,2546,0.009426551453260016,34,0.01335428122545169,0.0,0.0,0.08823529411764706,0.005233679335859597,2.8555137199664116,0.08823529411764706,1.1724137931034482,0.7498260517221131
RPS2,6201,0.00306402193194646,19,0.00306402193194646,0.0,0.0,0.0,2546,0.009819324430479183,25,0.009819324430479183,0.0,0.0,0.0,0.006755302498532722,3.204717410179022,0.0,1.3157894736842106,0.7498152098184606
THBS2,6201,0.022738268021286888,170,0.027414933075310434,0.0,0.0,0.0,2546,0.044383346425765906,207,0.08130400628436764,0.0,0.0,0.043478260869565216,0.021645078404479018,2.9656831939374335,0.043478260869565216,1.2176470588235293,0.7496543051211954
MAML2,6201,0.017094017094017096,120,0.019351717464925013,0.0,0.0,0.0,2546,0.05106048703849175,132,0.051846032992930086,0.0,1.0,0.10606060606060606,0.03396646994447466,2.679143754909662,0.10606060606060606,1.1,0.7495599452565911
BTG3,6201,0.00306402193194646,20,0.0032252862441541686,0.0,0.0,0.0,2546,0.006677140612725845,22,0.00864100549882168,0.0,0.0,0.13636363636363635,0.0036131186807793845,2.679143754909662,0.13636363636363635,1.1,0.7495096242959262
FZD1,6201,0.009192065795839382,63,0.010159651669085631,0.0,0.0,0.0,2546,0.027101335428122545,70,0.02749410840534171,0.0,0.0,0.11428571428571428,0.017909269632283162,2.7062058130400626,0.11428571428571428,1.1111111111111112,0.7490564647682659
SS18,6201,0.005321722302854378,37,0.0059667795516852125,0.0,0.0,0.02702702702702703,2546,0.010997643362136685,47,0.018460329929300863,0.0,0.0,0.0,0.005675921059282307,3.093851510583639,-0.02702702702702703,1.2702702702702702,0.7490419840988076
TKTL1,6201,0.009514594420254797,66,0.010643444605708756,0.0,0.0,0.0,2546,0.01335428122545169,74,0.029065200314218383,0.0,0.0,0.12162162162162163,0.003839686805196892,2.7308076840677002,0.12162162162162163,1.121212121212121,0.7489388753653494
AMOT,6201,0.015803902596355425,109,0.01757781003064022,0.0,0.0,0.0,2546,0.029065200314218383,120,0.04713275726630008,0.0,0.0,0.125,0.013261297717862958,2.6813782367736403,0.125,1.1009174311926606,0.7484013200857272
IRAK1,6201,0.007418158361554588,47,0.0075794226737622965,0.0,0.0,0.0,2546,0.018853102906520033,60,0.02356637863315004,0.0,0.0,0.016666666666666666,0.011434944544965445,3.1092577426417742,0.016666666666666666,1.2765957446808511,0.7481968449526876
BYSL,6201,0.0043541364296081275,27,0.0043541364296081275,0.0,0.0,0.0,2546,0.01335428122545169,34,0.01335428122545169,0.0,0.0,0.029411764705882353,0.009000144795843563,3.067033254778738,0.029411764705882353,1.2592592592592593,0.7481785325678224
CYP26A1,6201,0.006934365424931463,50,0.008063215610385421,0.0,0.0,0.0,2546,0.014139827179890024,57,0.022388059701492536,0.0,0.0,0.10526315789473684,0.007205461754958561,2.7765671641791045,0.10526315789473684,1.14,0.7481368784716975
HLA-DOB,6201,0.004031607805192711,26,0.0041928721174004195,0.0,0.0,0.0,2546,0.012961508248232521,34,0.01335428122545169,0.0,0.0,0.0,0.00892990044303981,3.184996072270228,0.0,1.3076923076923077,0.7472884852984603
PRDM1,6201,0.014191259474278342,99,0.015965166908563134,0.0,0.0,0.0,2546,0.031421838177533384,124,0.04870384917517675,0.0,0.0,0.024193548387096774,0.01723057870325504,3.05063200742698,0.024193548387096774,1.2525252525252526,0.7471498666906682
CASP9,6201,0.005482986615062087,36,0.005805515239477504,0.0,0.0,0.0,2546,0.009819324430479183,46,0.018067556952081697,0.0,0.0,0.021739130434782608,0.004336337815417096,3.1121366849960723,0.021739130434782608,1.2777777777777777,0.7468710558052738
QDPR,6201,0.0035478148685695854,22,0.0035478148685695854,0.0,0.0,0.0,2546,0.00589159465828751,29,0.011390416339355853,0.0,0.0,0.0,0.002343779789717924,3.2105441691066203,0.0,1.3181818181818181,0.7467884948910467
FGF17,6201,0.002902757619738752,19,0.00306402193194646,0.0,0.0,0.0,2546,0.006284367635506678,25,0.009819324430479183,0.0,0.0,0.0,0.0033816100157679258,3.204717410179022,0.0,1.3157894736842106,0.7464415173356959
PDP1,6201,0.0075794226737622965,50,0.008063215610385421,0.0,0.0,0.0,2546,0.012961508248232521,57,0.022388059701492536,0.0,0.0,0.10526315789473684,0.005382085574470225,2.7765671641791045,0.10526315789473684,1.14,0.7463135022912091
EIF2S1,6201,0.002257700370907918,14,0.002257700370907918,0.0,0.0,0.0,2546,0.006677140612725845,17,0.006677140612725845,0.0,0.0,0.058823529411764705,0.004419440241817927,2.9574963528223543,0.058823529411764705,1.2142857142857142,0.7457073802799774
GINS3,6201,0.002902757619738752,19,0.00306402193194646,0.0,0.0,0.0,2546,0.0054988216810683424,25,0.009819324430479183,0.0,0.0,0.0,0.0025960640613295906,3.204717410179022,0.0,1.3157894736842106,0.7456559713812575
EDN1,6201,0.0043541364296081275,28,0.004515400741815836,0.0,0.0,0.0,2546,0.007855459544383346,34,0.01335428122545169,0.0,0.0,0.058823529411764705,0.0035013231147752186,2.9574963528223543,0.058823529411764705,1.2142857142857142,0.7447892631529347
DDX10,6201,0.007418158361554588,58,0.009353330108047089,0.0,0.0,0.0,2546,0.021602513747054203,56,0.02199528672427337,0.0,0.0,0.21428571428571427,0.014184355385499616,2.351599534089986,0.21428571428571427,0.9655172413793104,0.7447605938570304
CYB5A,6201,0.0020964360587002098,14,0.002257700370907918,0.0,0.0,0.0,2546,0.0054988216810683424,17,0.006677140612725845,0.0,0.0,0.058823529411764705,0.0034023856223681327,2.9574963528223543,0.058823529411764705,1.2142857142857142,0.7446903256605276
CCNF,6201,0.009675858732462506,66,0.010643444605708756,0.0,0.0,0.0,2546,0.021209740769835034,83,0.03260015710919089,0.0,0.0,0.024096385542168676,0.011533882037372527,3.0629329429407988,0.024096385542168676,1.2575757575757576,0.7443881995672549
DEPDC1,6201,0.008063215610385421,56,0.009030801483631673,0.0,0.0,0.0,2546,0.020816967792615867,64,0.02513747054202671,0.0,0.0,0.09375,0.012753752182230446,2.783525979126922,0.09375,1.1428571428571428,0.7440129451782476
LTBP1,6201,0.029511369134010642,232,0.037413320432188354,0.0,0.0,0.0,2546,0.044383346425765906,284,0.11154752553024352,0.0,0.0,0.03873239436619718,0.014871977291755264,2.981492266435518,0.03873239436619718,1.2241379310344827,0.7421138814368801
PLAG1,6201,0.00822447992259313,62,0.009998387356877922,0.0,0.0,0.0,2546,0.01767478397486253,72,0.028279654359780047,0.0,0.0,0.08333333333333333,0.0094503040522694,2.8284215594354207,0.08333333333333333,1.1612903225806452,0.7420890495973884
LDLRAP1,6201,0.0038703434929850023,27,0.0043541364296081275,0.0,0.0,0.0,2546,0.013747054202670856,35,0.013747054202670856,0.0,0.0,0.0,0.009876710709685854,3.1572401152134066,0.0,1.2962962962962963,0.7415809504103654
TOM1L1,6201,0.004837929366231253,32,0.00516045799064667,0.0,0.0,0.0,2546,0.009819324430479183,39,0.015318146111547526,0.0,0.0,0.05128205128205128,0.0049813950642479295,2.968369501178319,0.05128205128205128,1.21875,0.741471571130191
PCSK1,6201,0.013062409288824383,99,0.015965166908563134,0.0,0.0,0.010101010101010102,2546,0.02788688138256088,118,0.046347211311861744,0.0,0.0,0.06779661016949153,0.014824472093736498,2.9030207812611586,0.05769560006848142,1.1919191919191918,0.7411237042193605
TOPBP1,6201,0.01451378809869376,103,0.01661022415739397,0.0,0.0,0.0,2546,0.03220738413197172,128,0.05027494108405342,0.0,0.0,0.0234375,0.017693596033277956,3.0267466957496625,0.0234375,1.2427184466019416,0.7409426938866583
GNGT2,6201,0.0017739074342847927,13,0.0020964360587002098,0.0,0.0,0.0,2546,0.0054988216810683424,14,0.0054988216810683424,0.0,0.0,0.14285714285714285,0.0037249142467835495,2.622937941869599,0.14285714285714285,1.0769230769230769,0.7407201593755242
ADAM17,6201,0.007901951298177712,57,0.009192065795839382,0.0,0.0,0.0,2546,0.014139827179890024,70,0.02749410840534171,0.0,0.0,0.04285714285714286,0.006237875881712311,2.9910695828337532,0.04285714285714286,1.2280701754385965,0.7400070990305665
CASP6,6201,0.0032252862441541686,21,0.003386550556361877,0.0,0.0,0.0,2546,0.007069913589945012,26,0.01021209740769835,0.0,0.0,0.038461538461538464,0.003844627345790843,3.0154864773874985,0.038461538461538464,1.2380952380952381,0.7393174902844322
EIF4EBP1,6201,0.0012901144976616675,8,0.0012901144976616675,0.0,0.0,0.0,2546,0.003534956794972506,9,0.003534956794972506,0.0,0.0,0.1111111111111111,0.0022448422973108386,2.7400333857030637,0.1111111111111111,1.125,0.739303310893648
HIBCH,6201,0.0035478148685695854,25,0.004031607805192711,0.0,0.0,0.0,2546,0.012175962293794187,31,0.012175962293794187,0.0,0.0,0.03225806451612903,0.008628147425224601,3.0201256873527105,0.03225806451612903,1.24,0.7390521990342067
TSPAN7,6201,0.0035478148685695854,25,0.004031607805192711,0.0,0.0,0.0,2546,0.012175962293794187,31,0.012175962293794187,0.0,0.0,0.03225806451612903,0.008628147425224601,3.0201256873527105,0.03225806451612903,1.24,0.7390521990342067
ACP1,6201,0.003386550556361877,23,0.003709079180777294,0.0,0.0,0.0,2546,0.010604870384917517,27,0.010604870384917517,0.0,0.0,0.07407407407407407,0.00721831982855564,2.859165272037979,0.07407407407407407,1.173913043478261,0.7385961226664923
VDR,6201,0.0059667795516852125,43,0.006934365424931463,0.0,0.0,0.0,2546,0.012961508248232521,53,0.020816967792615867,0.0,0.0,0.03773584905660377,0.006994728696547309,3.002000401907232,0.03773584905660377,1.2325581395348837,0.7383777337813372
OSM,6201,0.004676665054023544,30,0.004837929366231253,0.0,0.0,0.0,2546,0.009033778476040848,39,0.015318146111547526,0.0,0.0,0.0,0.004357113422017304,3.1662608012568736,0.0,1.3,0.7382288760594294
USP1,6201,0.006289308176100629,40,0.006450572488308337,0.0,0.0,0.0,2546,0.0192458758837392,50,0.019638648860958365,0.0,0.0,0.02,0.01295656770763857,3.0444815396700706,0.02,1.25,0.7371627563085532
JAK1,6201,0.013707466537655217,97,0.01564263828414772,0.0,0.0,0.010309278350515464,2546,0.031421838177533384,120,0.04713275726630008,0.0,0.0,0.03333333333333333,0.017714371639878167,3.0130951320446058,0.02302405498281787,1.2371134020618557,0.7371540430333078
NDUFS7,6201,0.0027414933075310434,17,0.0027414933075310434,0.0,0.0,0.0,2546,0.00864100549882168,22,0.00864100549882168,0.0,0.0,0.0,0.005899512191290637,3.151933829305485,0.0,1.2941176470588236,0.7363265403027835
THRB,6201,0.007418158361554588,59,0.009514594420254797,0.0,0.0,0.0,2546,0.015318146111547526,72,0.028279654359780047,0.0,0.0,0.041666666666666664,0.007899987749992938,2.972239604830442,0.041666666666666664,1.2203389830508475,0.7357495416921669
ENO1,6201,0.00612804386389292,41,0.006611836800516046,0.0,0.0,0.0,2546,0.012175962293794187,53,0.020816967792615867,0.0,0.0,0.0,0.006047918429901267,3.148439445902707,0.0,1.2926829268292683,0.7356329642609933
PLK1,6201,0.0075794226737622965,49,0.007901951298177712,0.0,0.0,0.0,2546,0.022388059701492536,57,0.022388059701492536,0.0,0.0,0.07017543859649122,0.01480863702773024,2.8332318001827597,0.07017543859649122,1.163265306122449,0.7355451545057413
PPARD,6201,0.006934365424931463,47,0.0075794226737622965,0.0,0.0,0.0,2546,0.009819324430479183,61,0.023959151610369208,0.0,0.0,0.0,0.0028849590055477197,3.1610787050191376,0.0,1.297872340425532,0.735512123196418
CLIP2,6201,0.013223673601032092,92,0.014836316723109175,0.0,0.0,0.0,2546,0.03220738413197172,114,0.04477611940298507,0.0,0.0,0.017543859649122806,0.018983710530939626,3.0180077871512005,0.017543859649122806,1.2391304347826086,0.7341665940774827
IP6K2,6201,0.005482986615062087,36,0.005805515239477504,0.0,0.0,0.027777777777777776,2546,0.012568735271013355,46,0.018067556952081697,0.0,0.0,0.021739130434782608,0.007085748655951268,3.1121366849960723,-0.006038647342995168,1.2777777777777777,0.7339199835540205
C4BPB,6201,0.00306402193194646,24,0.0038703434929850023,0.0,0.0,0.0,2546,0.007855459544383346,31,0.012175962293794187,0.0,0.0,0.0,0.004791437612436886,3.1459642576590734,0.0,1.2916666666666667,0.7337796501073255
ABHD4,6201,0.003709079180777294,26,0.0041928721174004195,0.0,0.0,0.0,2546,0.012568735271013355,32,0.012568735271013355,0.0,0.0,0.03125,0.008859656090236062,2.997643362136685,0.03125,1.2307692307692308,0.7326675035617171
THY1,6201,0.002580228995323335,17,0.0027414933075310434,0.0,0.0,0.0,2546,0.004713275726630008,22,0.00864100549882168,0.0,0.0,0.0,0.002133046731306673,3.151933829305485,0.0,1.2941176470588236,0.7325600748427996
CCNG2,6201,0.00306402193194646,19,0.00306402193194646,0.0,0.0,0.0,2546,0.007855459544383346,20,0.007855459544383346,0.0,0.0,0.15,0.004791437612436886,2.5637739281432173,0.15,1.0526315789473684,0.7324643325905754
IKZF2,6201,0.010482180293501049,74,0.011933559103370425,0.0,0.0,0.0,2546,0.015710919088766692,79,0.031029065200314218,0.0,0.0,0.13924050632911392,0.005228738795265643,2.600151801447952,0.13924050632911392,1.0675675675675675,0.7322980762063682
INCENP,6201,0.011127237542331882,78,0.012578616352201259,0.0,0.0,0.0,2546,0.02474469756480754,91,0.03574234092694423,0.0,0.0,0.06593406593406594,0.013617460022475658,2.841516103692066,0.06593406593406594,1.1666666666666667,0.7322714527456585
TES,6201,0.005805515239477504,38,0.00612804386389292,0.0,0.0,0.0,2546,0.01021209740769835,49,0.0192458758837392,0.0,0.0,0.0,0.004406582168220847,3.1406230619754414,0.0,1.2894736842105263,0.7321056761835022
DUSP4,6201,0.005321722302854378,37,0.0059667795516852125,0.0,0.0,0.0,2546,0.009426551453260016,42,0.016496465043205028,0.0,0.0,0.09523809523809523,0.004104829150405638,2.764718371159848,0.09523809523809523,1.135135135135135,0.7318688004658437
FABP6,6201,0.0038703434929850023,24,0.0038703434929850023,0.0,0.0,0.0,2546,0.006677140612725845,31,0.012175962293794187,0.0,0.0,0.0,0.0028067971197408424,3.1459642576590734,0.0,1.2916666666666667,0.7317950096146295
NMT1,6201,0.005644250927269795,35,0.005644250927269795,0.0,0.0,0.0,2546,0.01610369206598586,42,0.016496465043205028,0.0,0.0,0.047619047619047616,0.010459441138716063,2.922702278083268,0.047619047619047616,1.2,0.731712081156927
LATS2,6201,0.0133849379132398,100,0.016126431220770843,0.0,0.0,0.0,2546,0.0420267085624509,112,0.04399057344854674,0.0,0.0,0.08035714285714286,0.028641770649211102,2.7278554595443834,0.08035714285714286,1.12,0.7316848574366739
STK39,6201,0.005805515239477504,42,0.006773101112723754,0.0,0.0,0.0,2546,0.014139827179890024,37,0.014532600157109192,0.0,0.0,0.2702702702702703,0.00833431194041252,2.1456346089103357,0.2702702702702703,0.8809523809523809,0.7314730548849104
DHRS1,6201,0.0027414933075310434,17,0.0027414933075310434,0.0,0.0,0.0,2546,0.007462686567164179,19,0.007462686567164179,0.0,0.0,0.10526315789473684,0.004721193259633136,2.722124670763828,0.10526315789473684,1.1176470588235294,0.7311318238913003
CDH2,6201,0.01951298177713272,153,0.02467343976777939,0.0,0.0,0.0,2546,0.04320502749410841,181,0.07109190887666929,0.0,0.0,0.04419889502762431,0.023692045716975686,2.881313248001479,0.04419889502762431,1.1830065359477124,0.7309173225329112
SSH2,6201,0.016126431220770843,115,0.01854539590388647,0.0,0.0,0.0,2546,0.029850746268656716,138,0.05420267085624509,0.0,0.0,0.043478260869565216,0.013724315047885873,2.922702278083268,0.043478260869565216,1.2,0.7308361683166145
UROD,6201,0.002257700370907918,14,0.002257700370907918,0.0,0.0,0.0,2546,0.007069913589945012,18,0.007069913589945012,0.0,0.0,0.0,0.004812213219037093,3.131466726517787,0.0,1.2857142857142858,0.7302975161775792
EPHA2,6201,0.01661022415739397,120,0.019351717464925013,0.0,0.0,0.0,2546,0.03260015710919089,152,0.05970149253731343,0.0,0.0,0.0,0.01598993295179692,3.0850746268656715,0.0,1.2666666666666666,0.7301827490475189
SECTM1,6201,0.002580228995323335,19,0.00306402193194646,0.0,0.0,0.0,2546,0.009033778476040848,23,0.009033778476040848,0.0,0.0,0.043478260869565216,0.006453549480717514,2.9483400173647,0.043478260869565216,1.2105263157894737,0.7300798716056762
DSCC1,6201,0.002902757619738752,19,0.00306402193194646,0.0,0.0,0.0,2546,0.009033778476040848,23,0.009033778476040848,0.0,0.0,0.043478260869565216,0.006131020856302096,2.9483400173647,0.043478260869565216,1.2105263157894737,0.7297573429812608
B4GALT2,6201,0.005321722302854378,35,0.005644250927269795,0.0,0.0,0.0,2546,0.009426551453260016,45,0.01767478397486253,0.0,0.0,0.0,0.004104829150405638,3.1314667265177873,0.0,1.2857142857142858,0.7295901321089477
EZR,6201,0.007095629737139171,45,0.00725689404934688,0.0,0.0,0.0,2546,0.022388059701492536,57,0.022388059701492536,0.0,0.0,0.0,0.015292429964353364,3.0850746268656715,0.0,1.2666666666666666,0.7294852460600753
MET,6201,0.022415739396871474,168,0.027092404450895016,0.0,0.0,0.0,2546,0.03613511390416339,192,0.07541241162608013,0.0,0.0,0.078125,0.01371937450729192,2.7835259791269222,0.078125,1.1428571428571428,0.7293535675033093
FBLN2,6201,0.015481373971940009,112,0.018061602967263345,0.0,0.0,0.0,2546,0.040455616653574236,140,0.05498821681068342,0.0,0.0,0.0,0.02497424268163423,3.0444815396700706,0.0,1.25,0.729180431282549
RHCE,6201,0.005321722302854378,40,0.006450572488308337,0.0,0.0,0.0,2546,0.012568735271013355,47,0.018460329929300863,0.0,0.0,0.06382978723404255,0.007247012968158977,2.861812647289866,0.06382978723404255,1.175,0.7290662906359707
MRPL9,6201,0.0038703434929850023,25,0.004031607805192711,0.0,0.0,0.0,2546,0.010604870384917517,32,0.012568735271013355,0.0,0.0,0.0,0.006734526891932515,3.117549096622153,0.0,1.28,0.7288454532217897
CDADC1,6201,0.0043541364296081275,30,0.004837929366231253,0.0,0.0,0.0,2546,0.01335428122545169,34,0.01335428122545169,0.0,0.0,0.08823529411764706,0.009000144795843563,2.7603299293008643,0.08823529411764706,1.1333333333333333,0.7285949590602773
UROS,6201,0.003386550556361877,21,0.003386550556361877,0.0,0.0,0.0,2546,0.006284367635506678,27,0.010604870384917517,0.0,0.0,0.0,0.0028978170791448005,3.131466726517787,0.0,1.2857142857142858,0.7283831200376869
CD9,6201,0.003386550556361877,21,0.003386550556361877,0.0,0.0,0.0,2546,0.006284367635506678,27,0.010604870384917517,0.0,0.0,0.0,0.0028978170791448005,3.131466726517787,0.0,1.2857142857142858,0.7283831200376869
ADRA2B,6201,0.009353330108047089,64,0.01032091598129334,0.0,0.0,0.0,2546,0.024351924587588374,64,0.02513747054202671,0.0,0.0,0.171875,0.014998594479541286,2.4355852317360567,0.171875,1.0,0.7279136982220991
TXN,6201,0.001128850185453959,7,0.001128850185453959,0.0,0.0,0.0,2546,0.003534956794972506,9,0.003534956794972506,0.0,0.0,0.0,0.0024061066095185466,3.131466726517787,0.0,1.2857142857142858,0.7278914095680606
NDUFA2,6201,0.001128850185453959,7,0.001128850185453959,0.0,0.0,0.0,2546,0.003534956794972506,9,0.003534956794972506,0.0,0.0,0.0,0.0024061066095185466,3.131466726517787,0.0,1.2857142857142858,0.7278914095680606
HOXB9,6201,0.0032252862441541686,23,0.003709079180777294,0.0,0.0,0.0,2546,0.010997643362136685,28,0.010997643362136685,0.0,0.0,0.03571428571428571,0.007772357117982517,2.9650602821134604,0.03571428571428571,1.2173913043478262,0.7278605208030721
CNTN1,6201,0.024189646831156264,186,0.02999516207063377,0.0,0.0,0.0,2546,0.04477611940298507,198,0.07776904948939513,0.0,0.0,0.12121212121212122,0.020586472571828808,2.5927197628158023,0.12121212121212122,1.064516129032258,0.7275609229937499
SLC16A3,6201,0.004676665054023544,34,0.005482986615062087,0.0,0.0,0.0,2546,0.014925373134328358,39,0.015318146111547526,0.0,0.0,0.07692307692307693,0.010248708080304814,2.793759530520771,0.07692307692307693,1.1470588235294117,0.7273820924295823
SPRED2,6201,0.009192065795839382,62,0.009998387356877922,0.0,0.0,0.0,2546,0.016889238020424194,75,0.02945797329143755,0.0,0.0,0.04,0.007697172224584813,2.94627245774523,0.04,1.2096774193548387,0.7273214434463928
RBL1,6201,0.01128850185453959,78,0.012578616352201259,0.0,0.0,0.0,2546,0.02670856245090338,90,0.03534956794972506,0.0,0.0,0.06666666666666667,0.01542006059636379,2.8102906520031423,0.06666666666666667,1.1538461538461537,0.7266450195470169
CDK13,6201,0.016771488469601678,117,0.018867924528301886,0.0,0.0,0.0,2546,0.0420267085624509,133,0.05223880597014925,0.0,0.0,0.06766917293233082,0.025255220092849223,2.7686567164179103,0.06766917293233082,1.1367521367521367,0.7264958417896832
EPB42,6201,0.0075794226737622965,62,0.009998387356877922,0.0,0.0,0.0,2546,0.018067556952081697,76,0.029850746268656716,0.0,0.0,0.02631578947368421,0.0104881342783194,2.9855560905151663,0.02631578947368421,1.2258064516129032,0.7263335916246239
NEK7,6201,0.0041928721174004195,27,0.0043541364296081275,0.0,0.0,0.0,2546,0.012568735271013355,33,0.012961508248232521,0.0,0.0,0.030303030303030304,0.008375863153612936,2.9768263943440694,0.030303030303030304,1.2222222222222223,0.7260158257540861
GART,6201,0.009837123044670215,67,0.010804708917916465,0.0,0.0,0.0,2546,0.02631578947368421,83,0.03260015710919089,0.0,0.0,0.012048192771084338,0.016478666429013994,3.0172175258819807,0.012048192771084338,1.2388059701492538,0.7259691838785218
TRIM28,6201,0.009514594420254797,64,0.01032091598129334,0.0,0.0,0.0,2546,0.029850746268656716,76,0.029850746268656716,0.0,0.0,0.039473684210526314,0.02033615184840192,2.892257462686567,0.039473684210526314,1.1875,0.7256519694042258
CLN5,6201,0.004515400741815836,29,0.004676665054023544,0.0,0.0,0.0,2546,0.012175962293794187,31,0.012175962293794187,0.0,0.0,0.12903225806451613,0.007660561551978351,2.6035566270281985,0.12903225806451613,1.0689655172413792,0.7254669487675528
GSTM4,6201,0.0020964360587002098,13,0.0020964360587002098,0.0,0.0,0.07692307692307693,2546,0.00589159465828751,15,0.00589159465828751,0.0,0.0,0.0,0.0037951585995873,2.810290652003142,-0.07692307692307693,1.1538461538461537,0.7252765278066506
BMP2K,6201,0.01225608772778584,83,0.0133849379132398,0.0,0.0,0.0,2546,0.032992930086410056,84,0.032992930086410056,0.0,0.0,0.15476190476190477,0.020736842358624216,2.464929632118419,0.15476190476190477,1.0120481927710843,0.7250438908053038
SMURF1,6201,0.006773101112723754,46,0.007418158361554588,0.0,0.0,0.0,2546,0.016496465043205028,57,0.022388059701492536,0.0,0.0,0.017543859649122806,0.009723363930481274,3.0180077871512005,0.017543859649122806,1.2391304347826086,0.7249062474770244
PLAGL1,6201,0.004999193678438961,35,0.005644250927269795,0.0,0.0,0.02857142857142857,2546,0.009426551453260016,43,0.016889238020424194,0.0,0.0,0.0,0.004427357774821055,2.992290427561441,-0.02857142857142857,1.2285714285714286,0.7242167139843454
CDKN2C,6201,0.002902757619738752,20,0.0032252862441541686,0.0,0.0,0.0,2546,0.008248232521602514,21,0.008248232521602514,0.0,0.0,0.14285714285714285,0.005345474901863762,2.5573644933228596,0.14285714285714285,1.05,0.7240753970332272
SLC35B1,6201,0.0043541364296081275,29,0.004676665054023544,0.0,0.0,0.0,2546,0.00864100549882168,37,0.014532600157109192,0.0,0.0,0.0,0.004286869069213553,3.1074708129046242,0.0,1.2758620689655173,0.7239471536079822
MAPK9,6201,0.007095629737139171,47,0.0075794226737622965,0.0,0.0,0.0,2546,0.013747054202670856,57,0.022388059701492536,0.0,0.0,0.03508771929824561,0.006651424465531685,2.9537948555096856,0.03508771929824561,1.2127659574468086,0.7232678038318142
ECM2,6201,0.009030801483631673,67,0.010804708917916465,0.0,0.0,0.0,2546,0.018853102906520033,68,0.02670856245090338,0.0,0.0,0.16176470588235295,0.00982230142288836,2.471937250120177,0.16176470588235295,1.0149253731343284,0.7231525502580101
SDHA,6201,0.011933559103370425,86,0.013868730849862926,0.0,0.0,0.0,2546,0.02199528672427337,106,0.041633935585231735,0.0,0.0,0.018867924528301886,0.010061727620902945,3.002000401907232,0.018867924528301886,1.2325581395348837,0.722576808177391
ARAF,6201,0.0075794226737622965,53,0.008547008547008548,0.0,0.0,0.0,2546,0.01728201099764336,67,0.02631578947368421,0.0,0.0,0.0,0.009702588323881064,3.078947368421052,0.0,1.2641509433962264,0.7223943649567964
FURIN,6201,0.007095629737139171,47,0.0075794226737622965,0.0,0.0,0.0,2546,0.02199528672427337,59,0.023173605655930872,0.0,0.0,0.0,0.014899656987134198,3.0574367802644113,0.0,1.2553191489361701,0.7223039157547827
ACSS1,6201,0.01032091598129334,67,0.010804708917916465,0.0,0.0,0.0,2546,0.01728201099764336,78,0.030636292223095052,0.0,0.0,0.0641025641025641,0.006961095016350021,2.8354574339613796,0.0641025641025641,1.164179104477612,0.7222051850033451
LDB1,6201,0.006289308176100629,41,0.006611836800516046,0.0,0.0,0.0,2546,0.01021209740769835,48,0.018853102906520033,0.0,0.0,0.0625,0.003922789231597721,2.851416856666603,0.0625,1.170731707317073,0.7217167039891363
RPS14,6201,0.0016126431220770843,11,0.0017739074342847927,0.0,0.0,0.0,2546,0.0054988216810683424,14,0.0054988216810683424,0.0,0.0,0.0,0.0038861785589912583,3.0998357494822537,0.0,1.2727272727272727,0.7216859098049514
NANP,6201,0.0017739074342847927,11,0.0017739074342847927,0.0,0.0,0.0,2546,0.0054988216810683424,14,0.0054988216810683424,0.0,0.0,0.0,0.0037249142467835495,3.0998357494822537,0.0,1.2727272727272727,0.7215246454927438
DUSP3,6201,0.0017739074342847927,11,0.0017739074342847927,0.0,0.0,0.0,2546,0.0054988216810683424,14,0.0054988216810683424,0.0,0.0,0.0,0.0037249142467835495,3.0998357494822537,0.0,1.2727272727272727,0.7215246454927438
NELFB,6201,0.0059667795516852125,39,0.006289308176100629,0.0,0.0,0.0,2546,0.0192458758837392,49,0.0192458758837392,0.0,0.0,0.0,0.013279096332053986,3.0600942655145325,0.0,1.2564102564102564,0.7213381072232417
MMP9,6201,0.012578616352201259,97,0.01564263828414772,0.0,0.0,0.0,2546,0.04556166535742341,116,0.04556166535742341,0.0,0.0,0.017241379310344827,0.032983049005222156,2.9126586276431192,0.017241379310344827,1.1958762886597938,0.7212943466065633
SLC25A6,6201,0.005321722302854378,36,0.005805515239477504,0.0,0.0,0.0,2546,0.016496465043205028,44,0.01728201099764336,0.0,0.0,0.022727272727272728,0.01117474274035065,2.976826394344069,0.022727272727272728,1.2222222222222223,0.721238947765066
TEKT2,6201,0.004515400741815836,28,0.004515400741815836,0.0,0.0,0.0,2546,0.01335428122545169,34,0.01335428122545169,0.0,0.0,0.029411764705882353,0.008838880483635854,2.9574963528223543,0.029411764705882353,1.2142857142857142,0.720715055815913
CA12,6201,0.0041928721174004195,26,0.0041928721174004195,0.0,0.0,0.0,2546,0.009033778476040848,33,0.012961508248232521,0.0,0.0,0.0,0.004840906358640429,3.091319717203456,0.0,1.2692307692307692,0.7205613130497797
NCAPH2,6201,0.006934365424931463,45,0.00725689404934688,0.0,0.0,0.0,2546,0.01610369206598586,54,0.021209740769835034,0.0,0.0,0.037037037037037035,0.009169326641054396,2.9227022780832677,0.037037037037037035,1.2,0.7198399560772545
CFL1,6201,0.002257700370907918,15,0.0024189646831156266,0.0,0.0,0.0,2546,0.007462686567164179,19,0.007462686567164179,0.0,0.0,0.0,0.005204986196256261,3.0850746268656715,0.0,1.2666666666666666,0.7193978022919783
EXO1,6201,0.01241735203999355,89,0.01435252378648605,0.0,0.0,0.0,2546,0.028672427336999214,107,0.0420267085624509,0.0,0.0,0.028037383177570093,0.016255075297005664,2.928175503323124,0.028037383177570093,1.202247191011236,0.7193203474808036
NDUFS2,6201,0.0043541364296081275,30,0.004837929366231253,0.0,0.0,0.0,2546,0.013747054202670856,35,0.013747054202670856,0.0,0.0,0.05714285714285714,0.009392917773062729,2.841516103692066,0.05714285714285714,1.1666666666666667,0.7192557017050368
BCKDHA,6201,0.005482986615062087,39,0.006289308176100629,0.0,0.0,0.0,2546,0.01335428122545169,45,0.01767478397486253,0.0,0.0,0.06666666666666667,0.007871294610389603,2.8102906520031423,0.06666666666666667,1.1538461538461537,0.7190962535610427
NAMPT,6201,0.0041928721174004195,26,0.0041928721174004195,0.0,0.0,0.0,2546,0.01178318931657502,30,0.01178318931657502,0.0,0.0,0.06666666666666667,0.0075903171991746,2.810290652003142,0.06666666666666667,1.1538461538461537,0.7188152761498277
CACNG1,6201,0.0035478148685695854,23,0.003709079180777294,0.0,0.0,0.0,2546,0.011390416339355853,29,0.011390416339355853,0.0,0.0,0.0,0.007842601470786267,3.070955292188941,0.0,1.2608695652173914,0.7185731083495035
MYBL2,6201,0.01128850185453959,83,0.0133849379132398,0.0,0.0,0.0,2546,0.023173605655930872,100,0.03927729772191673,0.0,0.0,0.03,0.011885103801391282,2.934440038236213,0.03,1.2048192771084338,0.7185064921223379
ILF3,6201,0.010159651669085631,74,0.011933559103370425,0.0,0.0,0.0,2546,0.02474469756480754,91,0.03574234092694423,0.0,0.0,0.01098901098901099,0.01458504589572191,2.995111568756502,0.01098901098901099,1.2297297297297298,0.7174983822510695
PHLDB1,6201,0.014675052410901468,105,0.016932752781809387,0.0,0.0,0.009523809523809525,2546,0.0384917517674784,127,0.04988216810683425,0.0,0.0,0.023622047244094488,0.02381669935657693,2.945898327909325,0.014098237720284963,1.2095238095238094,0.7174443979235917
SGCD,6201,0.007095629737139171,48,0.0077406869859700045,0.0,0.0,0.0,2546,0.012175962293794187,55,0.021602513747054203,0.0,0.0,0.07272727272727272,0.005080332556655016,2.790774744697565,0.07272727272727272,1.1458333333333333,0.7172308410537858
PAOX,6201,0.005644250927269795,40,0.006450572488308337,0.0,0.0,0.0,2546,0.018067556952081697,50,0.019638648860958365,0.0,0.0,0.0,0.012423306024811901,3.0444815396700706,0.0,1.25,0.7166294946257266
FAH,6201,0.006773101112723754,45,0.00725689404934688,0.0,0.0,0.0,2546,0.020031421838177535,52,0.0204241948153967,0.0,0.0,0.057692307692307696,0.013258320725453781,2.8144540455616656,0.057692307692307696,1.1555555555555554,0.716600995030121
CDK8,6201,0.006289308176100629,43,0.006934365424931463,0.0,0.0,0.0,2546,0.011390416339355853,47,0.018460329929300863,0.0,0.0,0.10638297872340426,0.005101108163255224,2.6621512998045267,0.10638297872340426,1.0930232558139534,0.7163876678928094
CHRNA1,6201,0.009514594420254797,62,0.009998387356877922,0.0,0.0,0.0,2546,0.0192458758837392,75,0.02945797329143755,0.0,0.0,0.02666666666666667,0.009731281463484402,2.94627245774523,0.02666666666666667,1.2096774193548387,0.7160222193519591
TSHB,6201,0.002902757619738752,19,0.00306402193194646,0.0,0.0,0.0,2546,0.006677140612725845,24,0.009426551453260016,0.0,0.0,0.0,0.003774382992987093,3.0765287137718613,0.0,1.263157894736842,0.7158730232606617
TRIM33,6201,0.010159651669085631,71,0.011449766166747298,0.0,0.0,0.0,2546,0.031421838177533384,82,0.03220738413197172,0.0,0.0,0.04878048780487805,0.02126218650844775,2.812929422568403,0.04878048780487805,1.1549295774647887,0.7152932647717948
TIMM17A,6201,0.0020964360587002098,13,0.0020964360587002098,0.0,0.0,0.0,2546,0.00589159465828751,15,0.00589159465828751,0.0,0.0,0.06666666666666667,0.0037951585995873,2.810290652003142,0.06666666666666667,1.1538461538461537,0.7150201175502404
COL6A1,6201,0.012901144976616674,88,0.014191259474278342,0.0,0.0,0.0,2546,0.0408483896307934,106,0.041633935585231735,0.0,0.0,0.009433962264150943,0.02794724465417673,2.9337731200457045,0.009433962264150943,1.2045454545454546,0.7138330730927106
NOD2,6201,0.018222867279471054,142,0.022899532333494597,0.0,0.0,0.0,2546,0.03652788688138256,170,0.06677140612725845,0.0,0.0,0.023529411764705882,0.018305019601911506,2.915841474613589,0.023529411764705882,1.1971830985915493,0.7137174931983357
CLTC,6201,0.014836316723109175,104,0.016771488469601678,0.0,0.0,0.0,2546,0.02788688138256088,115,0.045168892380204245,0.0,0.0,0.08695652173913043,0.013050564659451706,2.693195208169678,0.08695652173913043,1.1057692307692308,0.7133518992803083
ZC2HC1C,6201,0.0035478148685695854,23,0.003709079180777294,0.0,0.0,0.0,2546,0.01021209740769835,26,0.01021209740769835,0.0,0.0,0.07692307692307693,0.006664282539128765,2.753270261962499,0.07692307692307693,1.1304347826086956,0.7130677087092558
CA6,6201,0.006450572488308337,44,0.007095629737139171,0.0,0.0,0.0,2546,0.014925373134328358,55,0.021602513747054203,0.0,0.0,0.0,0.00847480064602002,3.044481539670071,0.0,1.25,0.7126809892469349
SORD,6201,0.0035478148685695854,24,0.0038703434929850023,0.0,0.0,0.0,2546,0.01178318931657502,30,0.01178318931657502,0.0,0.0,0.0,0.008235374448005433,3.0444815396700706,0.0,1.25,0.7124415630489201
CD3D,6201,0.00306402193194646,23,0.003709079180777294,0.0,0.0,0.0,2546,0.00432050274941084,13,0.005106048703849175,0.0,0.0,0.5384615384615384,0.00125648081746438,1.3766351309812495,0.5384615384615384,0.5652173913043478,0.7122565155172756
IL3RA,6201,0.008385744234800839,55,0.008869537171423964,0.0,0.0,0.0,2546,0.015710919088766692,66,0.025923016496465043,0.0,0.0,0.030303030303030304,0.007325174853965853,2.9227022780832677,0.030303030303030304,1.2,0.7112617975561593
SSB,6201,0.002902757619738752,20,0.0032252862441541686,0.0,0.0,0.0,2546,0.009819324430479183,25,0.009819324430479183,0.0,0.0,0.0,0.00691656681074043,3.0444815396700706,0.0,1.25,0.711122755411655
NEFH,6201,0.015481373971940009,117,0.018867924528301886,0.0,0.0,0.0,2546,0.04752553024351924,127,0.04988216810683425,0.0,0.0,0.07874015748031496,0.032044156271579236,2.6437549096622153,0.07874015748031496,1.0854700854700854,0.7106518517278687
GEMIN4,6201,0.008708272859216255,59,0.009514594420254797,0.0,0.0,0.0,2546,0.025923016496465043,67,0.02631578947368421,0.0,0.0,0.05970149253731343,0.017214743637248786,2.7658340767172165,0.05970149253731343,1.1355932203389831,0.7097384266520115
ATP6V1D,6201,0.002580228995323335,16,0.002580228995323335,0.0,0.0,0.0,2546,0.007855459544383346,20,0.007855459544383346,0.0,0.0,0.0,0.0052752305490600115,3.0444815396700706,0.0,1.25,0.7094814191499746
IGFBP4,6201,0.0038703434929850023,26,0.0041928721174004195,0.0,0.0,0.0,2546,0.012175962293794187,31,0.012175962293794187,0.0,0.0,0.03225806451612903,0.008305618800809185,2.9039670070699133,0.03225806451612903,1.1923076923076923,0.7094097202142169
KLF5,6201,0.00725689404934688,51,0.00822447992259313,0.0,0.0,0.0,2546,0.012568735271013355,61,0.023959151610369208,0.0,0.0,0.03278688524590164,0.005311841221666475,2.913150963449009,0.03278688524590164,1.196078431372549,0.7092944683684564
TARDBP,6201,0.004031607805192711,26,0.0041928721174004195,0.0,0.0,0.0,2546,0.012175962293794187,31,0.012175962293794187,0.0,0.0,0.03225806451612903,0.008144354488601476,2.9039670070699133,0.03225806451612903,1.1923076923076923,0.7092484559020092
CYFIP2,6201,0.019029188840509595,153,0.02467343976777939,0.0,0.0,0.0,2546,0.032992930086410056,175,0.06873527101335428,0.0,0.0,0.05714285714285714,0.013963741245900461,2.785800101658888,0.05714285714285714,1.1437908496732025,0.7092166698714772
LTA,6201,0.0035478148685695854,29,0.004676665054023544,0.0,0.0,0.0,2546,0.013747054202670856,36,0.014139827179890024,0.0,0.0,0.0,0.01019923933410127,3.0234851152585533,0.0,1.2413793103448276,0.7092005299202769
FSCN1,6201,0.005644250927269795,38,0.00612804386389292,0.0,0.0,0.0,2546,0.018460329929300863,47,0.018460329929300863,0.0,0.0,0.0,0.012816079002031067,3.0124343655682804,0.0,1.236842105263158,0.7090670292736635
PTP4A3,6201,0.00306402193194646,20,0.0032252862441541686,0.0,0.0,0.0,2546,0.007855459544383346,25,0.009819324430479183,0.0,0.0,0.0,0.004791437612436886,3.0444815396700706,0.0,1.25,0.7089976262133515
HSP90B1,6201,0.0077406869859700045,58,0.009353330108047089,0.0,0.0,0.0,2546,0.021209740769835034,56,0.02199528672427337,0.0,0.0,0.17857142857142858,0.01346905378386503,2.351599534089986,0.17857142857142858,0.9655172413793104,0.7083310065411101
RAB17,6201,0.0017739074342847927,12,0.0019351717464925011,0.0,0.0,0.0,2546,0.00589159465828751,15,0.00589159465828751,0.0,0.0,0.0,0.004117687224002717,3.0444815396700706,0.0,1.25,0.7083238758249174
PPP3R1,6201,0.0019351717464925011,12,0.0019351717464925011,0.0,0.0,0.0,2546,0.00589159465828751,15,0.00589159465828751,0.0,0.0,0.0,0.003956422911795009,3.0444815396700706,0.0,1.25,0.7081626115127096
CSNK1D,6201,0.0043541364296081275,28,0.004515400741815836,0.0,0.0,0.0,2546,0.012175962293794187,32,0.012568735271013355,0.0,0.0,0.0625,0.00782182586418606,2.783525979126922,0.0625,1.1428571428571428,0.7078310188602033
ARRB1,6201,0.00516045799064667,34,0.005482986615062087,0.0,0.0,0.0,2546,0.012568735271013355,38,0.014925373134328358,0.0,0.0,0.07894736842105263,0.007408277280366685,2.722124670763828,0.07894736842105263,1.1176470588235294,0.7075031184383496
RABEPK,6201,0.005644250927269795,41,0.006611836800516046,0.0,0.0,0.0,2546,0.012568735271013355,51,0.020031421838177535,0.0,0.0,0.0,0.00692448434374356,3.0296304102082656,0.0,1.2439024390243902,0.7074519659110645
HSPB8,6201,0.003386550556361877,24,0.0038703434929850023,0.0,0.0,0.0,2546,0.010604870384917517,27,0.010604870384917517,0.0,0.0,0.07407407407407407,0.00721831982855564,2.7400333857030637,0.07407407407407407,1.125,0.7072397513878557
ANGPT1,6201,0.010643444605708756,74,0.011933559103370425,0.0,0.0,0.0,2546,0.01610369206598586,79,0.031029065200314218,0.0,0.0,0.11392405063291139,0.0054602474602771026,2.600151801447952,0.11392405063291139,1.0675675675675675,0.7072131291751772
RND3,6201,0.003386550556361877,22,0.0035478148685695854,0.0,0.0,0.0,2546,0.009819324430479183,26,0.01021209740769835,0.0,0.0,0.038461538461538464,0.006432773874117306,2.8784189102335214,0.038461538461538464,1.1818181818181819,0.7071747049987854
GAB2,6201,0.009514594420254797,65,0.010482180293501049,0.0,0.0,0.0,2546,0.01728201099764336,78,0.030636292223095052,0.0,0.0,0.02564102564102564,0.007767416577388563,2.9227022780832677,0.02564102564102564,1.2,0.7070420346175773
GPRC5B,6201,0.010159651669085631,72,0.011611030478955007,0.0,0.0,0.0,2546,0.021209740769835034,89,0.034956794972505895,0.0,0.0,0.0,0.011050089100749403,3.01065396700707,0.0,1.2361111111111112,0.7068572206041887
S100A10,6201,0.0012901144976616675,8,0.0012901144976616675,0.0,0.0,0.0,2546,0.003927729772191673,10,0.003927729772191673,0.0,0.0,0.0,0.0026376152745300058,3.0444815396700706,0.0,1.25,0.7068438038754447
ENO2,6201,0.0038703434929850023,25,0.004031607805192711,0.0,0.0,0.0,2546,0.012175962293794187,31,0.012175962293794187,0.0,0.0,0.0,0.008305618800809185,3.0201256873527105,0.0,1.24,0.7064716058936622
RET,6201,0.02177068214804064,161,0.025963554265441058,0.0,0.0,0.0,2546,0.04713275726630008,191,0.07501963864886096,0.0,0.0,0.015706806282722512,0.025362075118259438,2.8894209892024025,0.015706806282722512,1.186335403726708,0.7061820014293392
MIF,6201,0.0004837929366231253,4,0.0006450572488308337,0.0,0.0,0.0,2546,0.0019638648860958365,5,0.0019638648860958365,0.0,0.0,0.0,0.0014800719494727113,3.0444815396700706,0.0,1.25,0.7056862605503874
POLR2K,6201,0.0006450572488308337,4,0.0006450572488308337,0.0,0.0,0.0,2546,0.0019638648860958365,5,0.0019638648860958365,0.0,0.0,0.0,0.0013188076372650029,3.0444815396700706,0.0,1.25,0.7055249962381797
GBP6,6201,0.009192065795839382,66,0.010643444605708756,0.0,0.0,0.0,2546,0.018460329929300863,76,0.029850746268656716,0.0,0.0,0.05263157894736842,0.009268264133461481,2.8046132971506106,0.05263157894736842,1.1515151515151516,0.7049670184860286
RICTOR,6201,0.018222867279471054,138,0.022254475084663765,0.0,0.0,0.0,2546,0.03927729772191673,158,0.062058130400628436,0.0,0.0,0.04430379746835443,0.021054430442445676,2.7885685986543254,0.04430379746835443,1.144927536231884,0.7041993166513965
DDC,6201,0.013062409288824383,95,0.015320109659732302,0.0,0.0,0.0,2546,0.01767478397486253,118,0.046347211311861744,0.0,0.0,0.0,0.004612374686038147,3.0252532352089965,0.0,1.2421052631578948,0.7040530185973923
THBS3,6201,0.011611030478955007,75,0.012094823415578132,0.0,0.0,0.0,2546,0.01728201099764336,93,0.03652788688138256,0.0,0.0,0.0,0.0056709805186883535,3.02012568735271,0.0,1.24,0.7038369676115411
HSP90AA1,6201,0.009998387356877922,67,0.010804708917916465,0.0,0.0,0.014925373134328358,2546,0.01767478397486253,76,0.029850746268656716,0.0,0.0,0.07894736842105263,0.007676396617984608,2.762753397193139,0.06402199528672427,1.1343283582089552,0.7037021872431766
ITIH1,6201,0.016126431220770843,121,0.01951298177713272,0.0,0.0,0.0,2546,0.025530243519245877,138,0.05420267085624509,0.0,0.0,0.057971014492753624,0.009403812298475034,2.777774892393188,0.057971014492753624,1.140495867768595,0.7033628297326601
TGFB3,6201,0.0041928721174004195,29,0.004676665054023544,0.0,0.0,0.0,2546,0.012568735271013355,33,0.012961508248232521,0.0,0.0,0.06060606060606061,0.008375863153612936,2.7715280223203402,0.06060606060606061,1.1379310344827587,0.7033149735036504
CSF1,6201,0.007418158361554588,52,0.008385744234800839,0.0,0.0,0.0,2546,0.01767478397486253,64,0.02513747054202671,0.0,0.0,0.0,0.010256625613307943,2.997643362136685,0.0,1.2307692307692308,0.702814473084789
ECSIT,6201,0.005644250927269795,38,0.00612804386389292,0.0,0.0,0.0,2546,0.012175962293794187,47,0.018460329929300863,0.0,0.0,0.0,0.006531711366524392,3.0124343655682804,0.0,1.236842105263158,0.7027826616381568
TSSK2,6201,0.004837929366231253,32,0.00516045799064667,0.0,0.0,0.0,2546,0.014925373134328358,38,0.014925373134328358,0.0,0.0,0.02631578947368421,0.010087443768097105,2.892257462686567,0.02631578947368421,1.1875,0.7022453665870789
TRIM5,6201,0.0077406869859700045,50,0.008063215610385421,0.0,0.0,0.0,2546,0.0204241948153967,54,0.021209740769835034,0.0,0.0,0.09259259259259259,0.012683507829426698,2.630432050274941,0.09259259259259259,1.08,0.7014805831705723
ADD2,6201,0.01564263828414772,123,0.01983551040154814,0.0,0.0,0.0,2546,0.031421838177533384,131,0.05145326001571092,0.0,0.0,0.09923664122137404,0.015779199893385665,2.5939972793286454,0.09923664122137404,1.065040650406504,0.7011336919121794
SERTAD1,6201,0.0027414933075310434,17,0.0027414933075310434,0.0,0.0,0.0,2546,0.008248232521602514,21,0.008248232521602514,0.0,0.0,0.0,0.005506739214071471,3.0086641097915994,0.0,1.2352941176470589,0.7008176047664029
HMGCS1,6201,0.0059667795516852125,42,0.006773101112723754,0.0,0.0,0.0,2546,0.012568735271013355,49,0.0192458758837392,0.0,0.0,0.04081632653061224,0.006601955719328143,2.841516103692066,0.04081632653061224,1.1666666666666667,0.7001382090390573
ZBP1,6201,0.010804708917916465,72,0.011611030478955007,0.0,0.0,0.013888888888888888,2546,0.015710919088766692,85,0.03338570306362922,0.0,0.0,0.047058823529411764,0.0049062101708502275,2.8753436763550666,0.033169934640522876,1.1805555555555556,0.6995633137962282
EPHA5,6201,0.03160780519271085,231,0.03725205611998065,0.0,0.0,0.012987012987012988,2546,0.04399057344854674,257,0.10094265514532601,0.0,0.0,0.08171206225680934,0.01238276825583589,2.709720366044011,0.06872504926979635,1.1125541125541125,0.6989171377103816
INHA,6201,0.005805515239477504,36,0.005805515239477504,0.0,0.0,0.0,2546,0.01728201099764336,44,0.01728201099764336,0.0,0.0,0.0,0.011476495758165856,2.976826394344069,0.0,1.2222222222222223,0.6988134280556085
TIMELESS,6201,0.01564263828414772,112,0.018061602967263345,0.0,0.0,0.0,2546,0.029850746268656716,122,0.047918303220738416,0.0,0.0,0.08196721311475409,0.014208107984508996,2.6530481988553474,0.08196721311475409,1.0892857142857142,0.6985900825866199
CA1,6201,0.004837929366231253,30,0.004837929366231253,0.0,0.0,0.0,2546,0.00864100549882168,37,0.014532600157109192,0.0,0.0,0.0,0.003803076132590427,3.00388845247447,0.0,1.2333333333333334,0.6979218976151894
MRAP,6201,0.0035478148685695854,26,0.0041928721174004195,0.0,0.0,0.0,2546,0.007855459544383346,32,0.012568735271013355,0.0,0.0,0.0,0.00430764467581376,2.997643362136685,0.0,1.2307692307692308,0.6968654921472948
S100A9,6201,0.0020964360587002098,13,0.0020964360587002098,0.0,0.0,0.0,2546,0.006284367635506678,16,0.006284367635506678,0.0,0.0,0.0,0.004187931576806468,2.997643362136685,0.0,1.2307692307692308,0.6967457790482874
CSF2RA,6201,0.014997581035316884,105,0.016932752781809387,0.0,0.0,0.0,2546,0.037706205813040065,126,0.04948939512961508,0.0,0.0,0.0,0.02270862477772318,2.9227022780832677,0.0,1.2,0.6963422171768863
MVD,6201,0.004031607805192711,27,0.0043541364296081275,0.0,0.0,0.0,2546,0.012961508248232521,33,0.012961508248232521,0.0,0.0,0.0,0.00892990044303981,2.9768263943440694,0.0,1.2222222222222223,0.6962668327404826
PLOD3,6201,0.010643444605708756,74,0.011933559103370425,0.0,0.0,0.0,2546,0.03377847604084839,86,0.03377847604084839,0.0,0.0,0.023255813953488372,0.023135031435139633,2.830544999044606,0.023255813953488372,1.162162162162162,0.696250755298603
COL2A1,6201,0.020964360587002098,153,0.02467343976777939,0.0,0.0,0.0,2546,0.04006284367635507,179,0.07030636292223096,0.0,0.0,0.0223463687150838,0.019098483089352972,2.849475532553949,0.0223463687150838,1.1699346405228759,0.6962345849540114
ADIPOQ,6201,0.0041928721174004195,26,0.0041928721174004195,0.0,0.0,0.0,2546,0.011390416339355853,29,0.011390416339355853,0.0,0.0,0.06896551724137931,0.007197544221955433,2.716614296936371,0.06896551724137931,1.1153846153846154,0.6958289995317419
PPFIA4,6201,0.014029995162070633,95,0.015320109659732302,0.0,0.0,0.0,2546,0.034956794972505895,110,0.04320502749410841,0.0,0.0,0.02727272727272727,0.020926799810435263,2.8201513209575393,0.02727272727272727,1.1578947368421053,0.6953423811732439
CDKN1B,6201,0.00516045799064667,33,0.005321722302854378,0.0,0.0,0.0,2546,0.01335428122545169,36,0.014139827179890024,0.0,0.0,0.08333333333333333,0.008193823234805019,2.657002070984789,0.08333333333333333,1.0909090909090908,0.6950236814823015
GSTT2,6201,0.0016126431220770843,10,0.0016126431220770843,0.0,0.0,0.0,2546,0.0,0,0.0,0.0,0.0,0.0,-0.0016126431220770843,0.0,0.0,0.0,0.6947598236820224
CCL4,6201,0.0012901144976616675,8,0.0012901144976616675,0.0,0.0,0.0,2546,0.0,0,0.0,0.0,0.0,0.0,-0.0012901144976616675,0.0,0.0,0.0,0.694437295057607
NELFCD,6201,0.00612804386389292,41,0.006611836800516046,0.0,0.0,0.0,2546,0.018067556952081697,47,0.018460329929300863,0.0,0.0,0.0425531914893617,0.011939513088188776,2.7920123388193816,0.0425531914893617,1.146341463414634,0.6942423623131514
ST6GAL1,6201,0.005321722302854378,39,0.006289308176100629,0.0,0.0,0.02564102564102564,2546,0.012961508248232521,46,0.018067556952081697,0.0,0.0,0.0,0.0076397859453781435,2.8727415553809896,-0.02564102564102564,1.1794871794871795,0.6940962995057878
SERP1,6201,0.0006450572488308337,4,0.0006450572488308337,0.0,0.0,0.0,2546,0.0,0,0.0,0.0,0.0,0.0,-0.0006450572488308337,0.0,0.0,0.0,0.6937922378087761
TAPBP,6201,0.004837929366231253,31,0.004999193678438961,0.0,0.0,0.0,2546,0.009033778476040848,38,0.014925373134328358,0.0,0.0,0.0,0.004195849109809595,2.9855560905151663,0.0,1.2258064516129032,0.6937255169824299
SLN,6201,0.0004837929366231253,3,0.0004837929366231253,0.0,0.0,0.0,2546,0.0,0,0.0,0.0,0.0,0.0,-0.0004837929366231253,0.0,0.0,0.0,0.6936309734965684
ICAM5,6201,0.0075794226737622965,54,0.008708272859216255,0.0,0.0,0.0,2546,0.02513747054202671,65,0.025530243519245877,0.0,0.0,0.0,0.017558047868264412,2.931722964126735,0.0,1.2037037037037037,0.6934886103782737
SCHIP1,6201,0.0003225286244154169,2,0.0003225286244154169,0.0,0.0,0.0,2546,0.0,0,0.0,0.0,0.0,0.0,-0.0003225286244154169,0.0,0.0,0.0,0.6934697091843607
CBX8,6201,0.006450572488308337,43,0.006934365424931463,0.0,0.0,0.0,2546,0.0204241948153967,52,0.0204241948153967,0.0,0.0,0.0,0.013973622327088365,2.945358884890115,0.0,1.2093023255813953,0.6933663640160203
PRG2,6201,0.0041928721174004195,27,0.0043541364296081275,0.0,0.0,0.0,2546,0.009819324430479183,33,0.012961508248232521,0.0,0.0,0.0,0.005626452313078763,2.9768263943440694,0.0,1.2222222222222223,0.6929633846105216
BMPR2,6201,0.012739880664408966,97,0.01564263828414772,0.0,0.0,0.0,2546,0.03927729772191673,102,0.04006284367635507,0.0,0.0,0.08823529411764706,0.026537417057507763,2.561130862237915,0.08823529411764706,1.0515463917525774,0.6917036829685485
NMU,6201,0.004515400741815836,31,0.004999193678438961,0.0,0.0,0.0,2546,0.007462686567164179,32,0.012568735271013355,0.0,0.0,0.125,0.0029472858253483426,2.5141524972759295,0.125,1.032258064516129,0.6915984911507008
SLC6A6,6201,0.008869537171423964,63,0.010159651669085631,0.0,0.0,0.0,2546,0.015318146111547526,74,0.029065200314218383,0.0,0.0,0.02702702702702703,0.006448608940123562,2.860846145213781,0.02702702702702703,1.1746031746031746,0.6912148234658558
AKR1C3,6201,0.004515400741815836,32,0.00516045799064667,0.0,0.0,0.0,2546,0.014139827179890024,36,0.014139827179890024,0.0,0.0,0.05555555555555555,0.009624426438074186,2.7400333857030637,0.05555555555555555,1.125,0.6911273394788557
OXTR,6201,0.006450572488308337,42,0.006773101112723754,0.0,0.0,0.0,2546,0.018067556952081697,48,0.018853102906520033,0.0,0.0,0.041666666666666664,0.01161698446377336,2.7835259791269222,0.041666666666666664,1.1428571428571428,0.6907928441264574
NEK2,6201,0.0043541364296081275,30,0.004837929366231253,0.0,0.0,0.0,2546,0.013747054202670856,35,0.013747054202670856,0.0,0.0,0.02857142857142857,0.009392917773062729,2.841516103692066,0.02857142857142857,1.1666666666666667,0.6906842731336083
RTN4RL1,6201,0.005805515239477504,37,0.0059667795516852125,0.0,0.0,0.0,2546,0.01610369206598586,42,0.016496465043205028,0.0,0.0,0.047619047619047616,0.010298176826508354,2.764718371159848,0.047619047619047616,1.135135135135135,0.6904431005228988
RBPMS,6201,0.0016126431220770843,11,0.0017739074342847927,0.0,0.0,0.0,2546,0.004713275726630008,12,0.004713275726630008,0.0,0.0,0.08333333333333333,0.003100632604552924,2.657002070984789,0.08333333333333333,1.0909090909090908,0.6899304908520494
PTGER3,6201,0.006611836800516046,45,0.00725689404934688,0.0,0.0,0.0,2546,0.018067556952081697,47,0.018460329929300863,0.0,0.0,0.10638297872340426,0.011455720151565651,2.5438334642576588,0.10638297872340426,1.0444444444444445,0.6899005590558005
TGFB2,6201,0.008708272859216255,59,0.009514594420254797,0.0,0.0,0.0,2546,0.014925373134328358,69,0.027101335428122545,0.0,0.0,0.028985507246376812,0.006217100275112103,2.848396287962507,0.028985507246376812,1.1694915254237288,0.6897119398996097
RBP4,6201,0.0027414933075310434,18,0.002902757619738752,0.0,0.0,0.0,2546,0.005106048703849175,22,0.00864100549882168,0.0,0.0,0.0,0.002364555396318132,2.976826394344069,0.0,1.2222222222222223,0.6897014876937607
FABP2,6201,0.0027414933075310434,18,0.002902757619738752,0.0,0.0,0.0,2546,0.007462686567164179,19,0.007462686567164179,0.0,0.0,0.10526315789473684,0.004721193259633136,2.5708955223880596,0.10526315789473684,1.0555555555555556,0.6896535815365223
WDR1,6201,0.007095629737139171,51,0.00822447992259313,0.0,0.0,0.0,2546,0.015710919088766692,59,0.023173605655930872,0.0,0.0,0.03389830508474576,0.00861528935162752,2.8176378171064185,0.03389830508474576,1.1568627450980393,0.6889982727385605
HAO2,6201,0.007418158361554588,54,0.008708272859216255,0.0,0.0,0.0,2546,0.012568735271013355,60,0.02356637863315004,0.0,0.0,0.06666666666666667,0.0051505769094587674,2.706205813040063,0.06666666666666667,1.1111111111111112,0.6886787244263939
ETV5,6201,0.00822447992259313,52,0.008385744234800839,0.0,0.0,0.0,2546,0.02356637863315004,61,0.023959151610369208,0.0,0.0,0.01639344262295082,0.015341898710556908,2.857128829536528,0.01639344262295082,1.1730769230769231,0.6885112409291391
PIK3CB,6201,0.012901144976616674,91,0.014675052410901468,0.0,0.0,0.01098901098901099,2546,0.02631578947368421,98,0.0384917517674784,0.0,0.0,0.09183673469387756,0.013414644497067535,2.622937941869599,0.08084772370486656,1.0769230769230769,0.6884004704735319
SYT12,6201,0.008547008547008548,63,0.010159651669085631,0.0,0.0,0.0,2546,0.018460329929300863,76,0.029850746268656716,0.0,0.0,0.0,0.009913321382292315,2.9381663113006398,0.0,1.2063492063492063,0.6874813525753076
FMO1,6201,0.012901144976616674,89,0.01435252378648605,0.0,0.0,0.0,2546,0.01767478397486253,95,0.03731343283582089,0.0,0.0,0.09473684210526316,0.004773638998245856,2.5997819889317455,0.09473684210526316,1.0674157303370786,0.6872365855418096
CCNO,6201,0.0019351717464925011,14,0.002257700370907918,0.0,0.0,0.0,2546,0.006677140612725845,17,0.006677140612725845,0.0,0.0,0.0,0.004741968866233344,2.9574963528223543,0.0,1.2142857142857142,0.6872063794926281
NDUFAF4,6201,0.002257700370907918,14,0.002257700370907918,0.0,0.0,0.0,2546,0.006677140612725845,17,0.006677140612725845,0.0,0.0,0.0,0.004419440241817927,2.9574963528223543,0.0,1.2142857142857142,0.6868838508682127
CYB5B,6201,0.002257700370907918,16,0.002580228995323335,0.0,0.0,0.1875,2546,0.00589159465828751,15,0.00589159465828751,0.0,0.0,0.0,0.0036338942873795914,2.2833611547525527,-0.1875,0.9375,0.6868543537361183
OPN3,6201,0.0043541364296081275,28,0.004515400741815836,0.0,0.0,0.0,2546,0.012175962293794187,31,0.012175962293794187,0.0,0.0,0.06451612903225806,0.00782182586418606,2.6965407922792055,0.06451612903225806,1.1071428571428572,0.6865882356698252
POLD2,6201,0.0041928721174004195,28,0.004515400741815836,0.0,0.0,0.0,2546,0.01178318931657502,31,0.012175962293794187,0.0,0.0,0.06451612903225806,0.0075903171991746,2.6965407922792055,0.06451612903225806,1.1071428571428572,0.6863567270048138
TNF,6201,0.002257700370907918,16,0.002580228995323335,0.0,0.0,0.0,2546,0.007069913589945012,18,0.007069913589945012,0.0,0.0,0.05555555555555555,0.004812213219037093,2.7400333857030637,0.05555555555555555,1.125,0.6863151262598186
ABCG2,6201,0.01032091598129334,79,0.012739880664408966,0.0,0.0,0.0,2546,0.025923016496465043,81,0.03181461115475255,0.0,0.0,0.1111111111111111,0.015602100515171703,2.4972456173496274,0.1111111111111111,1.0253164556962024,0.6855417232695006
SLC2A2,6201,0.008708272859216255,68,0.010965973230124174,0.0,0.0,0.0,2546,0.014925373134328358,78,0.030636292223095052,0.0,0.0,0.038461538461538464,0.006217100275112103,2.793759530520771,0.038461538461538464,1.1470588235294117,0.6848889461628511
LONP2,6201,0.010804708917916465,72,0.011611030478955007,0.0,0.0,0.0,2546,0.020031421838177535,78,0.030636292223095052,0.0,0.0,0.07692307692307693,0.00922671292026107,2.6385506677140613,0.07692307692307693,1.0833333333333333,0.6845880434316096
GRB7,6201,0.009353330108047089,67,0.010804708917916465,0.0,0.0,0.0,2546,0.01610369206598586,78,0.030636292223095052,0.0,0.0,0.02564102564102564,0.00675036195793877,2.8354574339613796,0.02564102564102564,1.164179104477612,0.6835329134833954
BMPR1B,6201,0.008063215610385421,54,0.008708272859216255,0.0,0.0,0.0,2546,0.014925373134328358,65,0.025530243519245877,0.0,0.0,0.0,0.006862157523942937,2.931722964126735,0.0,1.2037037037037037,0.6827927200339522
BMP6,6201,0.009030801483631673,62,0.009998387356877922,0.0,0.0,0.0,2546,0.02474469756480754,65,0.025530243519245877,0.0,0.0,0.09230769230769231,0.01571389608117587,2.553436130045866,0.09230769230769231,1.0483870967741935,0.6827894671364924
PEX11B,6201,0.003709079180777294,24,0.0038703434929850023,0.0,0.0,0.0,2546,0.006677140612725845,29,0.011390416339355853,0.0,0.0,0.0,0.002968061431948551,2.9429988216810687,0.0,1.2083333333333333,0.6817624369292717
NUFIP1,6201,0.005482986615062087,36,0.005805515239477504,0.0,0.0,0.0,2546,0.016889238020424194,43,0.016889238020424194,0.0,0.0,0.0,0.011406251405362108,2.9091712490180677,0.0,1.1944444444444444,0.6815844656038071
LHPP,6201,0.0027414933075310434,18,0.002902757619738752,0.0,0.0,0.0,2546,0.006677140612725845,17,0.006677140612725845,0.0,0.0,0.17647058823529413,0.003935647305194801,2.3002749410840537,0.17647058823529413,0.9444444444444444,0.6812648354624528
LIMA1,6201,0.011611030478955007,80,0.012901144976616674,0.0,0.0,0.0,2546,0.016889238020424194,83,0.03260015710919089,0.0,0.0,0.10843373493975904,0.005278207541469187,2.526919677926159,0.10843373493975904,1.0375,0.6809896394330766
GMCL1,6201,0.0041928721174004195,27,0.0043541364296081275,0.0,0.0,0.0,2546,0.010997643362136685,28,0.010997643362136685,0.0,0.0,0.10714285714285714,0.006804771244736265,2.5257920921707253,0.10714285714285714,1.037037037037037,0.6809055658478311
ORC5,6201,0.004031607805192711,26,0.0041928721174004195,0.0,0.0,0.038461538461538464,2546,0.01178318931657502,30,0.01178318931657502,0.0,0.0,0.06666666666666667,0.0077515815113823085,2.810290652003142,0.028205128205128202,1.1538461538461537,0.680515002000497
TIAM1,6201,0.02967263344621835,240,0.038703434929850025,0.0,0.0,0.0,2546,0.0589159465828751,261,0.10251374705420267,0.0,1.0,0.04980842911877394,0.02924331313665675,2.6486989395129616,0.04980842911877394,1.0875,0.6802752108167708
ANGPTL4,6201,0.00516045799064667,34,0.005482986615062087,0.0,0.0,0.0,2546,0.010997643362136685,38,0.014925373134328358,0.0,0.0,0.05263157894736842,0.005837185371490015,2.722124670763828,0.05263157894736842,1.1176470588235294,0.6796162370557887
B4GALT7,6201,0.0035478148685695854,22,0.0035478148685695854,0.0,0.0,0.0,2546,0.009819324430479183,25,0.009819324430479183,0.0,0.0,0.04,0.006271509561909597,2.767710490609155,0.04,1.1363636363636365,0.6795918490617674
PGAM2,6201,0.004515400741815836,30,0.004837929366231253,0.0,0.0,0.0,2546,0.012961508248232521,33,0.012961508248232521,0.0,0.0,0.06060606060606061,0.008446107506416684,2.679143754909662,0.06060606060606061,1.1,0.6785850373639877
EIF4H,6201,0.00306402193194646,20,0.0032252862441541686,0.0,0.0,0.0,2546,0.007462686567164179,24,0.009426551453260016,0.0,0.0,0.0,0.004398664635217719,2.922702278083268,0.0,1.2,0.6780322570343811
CD80,6201,0.00306402193194646,26,0.0041928721174004195,0.0,0.0,0.0,2546,0.012175962293794187,31,0.012175962293794187,0.0,0.0,0.0,0.009111940361847728,2.9039670070699133,0.0,1.1923076923076923,0.6779579772591264
AKT2,6201,0.009998387356877922,65,0.010482180293501049,0.0,0.0,0.0,2546,0.014139827179890024,78,0.030636292223095052,0.0,0.0,0.0,0.004141439823012101,2.9227022780832677,0.0,1.2,0.6777750322221752
SSR1,6201,0.002257700370907918,15,0.0024189646831156266,0.0,0.0,0.0,2546,0.006284367635506678,18,0.007069913589945012,0.0,0.0,0.0,0.004026667264598759,2.9227022780832677,0.0,1.2,0.6776602596637619
HDAC3,6201,0.0059667795516852125,41,0.006611836800516046,0.0,0.0,0.0,2546,0.012568735271013355,49,0.0192458758837392,0.0,0.0,0.0,0.006601955719328143,2.9108213745138234,0.0,1.1951219512195121,0.6772021973031397
CCDC106,6201,0.004837929366231253,34,0.005482986615062087,0.0,0.0,0.0,2546,0.008248232521602514,38,0.014925373134328358,0.0,0.0,0.05263157894736842,0.003410303155371261,2.722124670763828,0.05263157894736842,1.1176470588235294,0.6771893548396699
CXXC1,6201,0.009675858732462506,64,0.01032091598129334,0.0,0.0,0.0,2546,0.020816967792615867,76,0.029850746268656716,0.0,0.0,0.0,0.011141109060153361,2.892257462686567,0.0,1.1875,0.6769832424054509
PAN2,6201,0.012739880664408966,87,0.014029995162070633,0.0,0.0,0.0,2546,0.02474469756480754,99,0.038884524744697564,0.0,0.0,0.030303030303030304,0.012004816900398575,2.7715280223203402,0.030303030303030304,1.1379310344827587,0.6766408969474057
IAPP,6201,0.0016126431220770843,10,0.0016126431220770843,0.0,0.0,0.0,2546,0.00432050274941084,12,0.004713275726630008,0.0,0.0,0.0,0.002707859627333756,2.922702278083268,0.0,1.2,0.6763414520264971
IL13RA1,6201,0.006289308176100629,45,0.00725689404934688,0.0,0.0,0.0,2546,0.0192458758837392,49,0.0192458758837392,0.0,0.0,0.061224489795918366,0.01295656770763857,2.6520816967792618,0.061224489795918366,1.0888888888888888,0.6763312098476042
TFAP2C,6201,0.006934365424931463,46,0.007418158361554588,0.0,0.0,0.0,2546,0.020816967792615867,53,0.020816967792615867,0.0,0.0,0.018867924528301886,0.013882602367684405,2.806217767000239,0.018867924528301886,1.1521739130434783,0.6762393303362508
PNRC1,6201,0.0032252862441541686,20,0.0032252862441541686,0.0,0.0,0.0,2546,0.008248232521602514,21,0.008248232521602514,0.0,0.0,0.09523809523809523,0.005022946277448346,2.5573644933228596,0.09523809523809523,1.05,0.6761338207897641
RPN1,6201,0.004676665054023544,32,0.00516045799064667,0.0,0.0,0.0,2546,0.014925373134328358,38,0.014925373134328358,0.0,0.0,0.0,0.010248708080304814,2.892257462686567,0.0,1.1875,0.6760908414256024
PKD2,6201,0.009675858732462506,67,0.010804708917916465,0.0,0.0,0.0,2546,0.02749410840534171,70,0.02749410840534171,0.0,0.0,0.08571428571428572,0.017818249672879205,2.5446412868884174,0.08571428571428572,1.044776119402985,0.6758223212255214
MED24,6201,0.013546202225447508,94,0.015158845347524593,0.0,0.0,0.0,2546,0.019638648860958365,108,0.04241948153967007,0.0,0.0,0.027777777777777776,0.006092446635510857,2.7983319683775965,0.027777777777777776,1.148936170212766,0.6752850585263259
COX7C,6201,0.0008063215610385422,5,0.0008063215610385422,0.0,0.0,0.0,2546,0.002356637863315004,6,0.002356637863315004,0.0,0.0,0.0,0.001550316302276462,2.922702278083268,0.0,1.2,0.6751839087014397
COX17,6201,0.0008063215610385422,5,0.0008063215610385422,0.0,0.0,0.0,2546,0.002356637863315004,6,0.002356637863315004,0.0,0.0,0.0,0.001550316302276462,2.922702278083268,0.0,1.2,0.6751839087014397
NFE2L2,6201,0.01741654571843251,121,0.01951298177713272,0.0,0.0,0.0,2546,0.019638648860958365,145,0.05695208169677926,0.0,0.0,0.0,0.0022221031425258553,2.9186765173696543,0.0,1.1983471074380165,0.6748288962574482
MATN3,6201,0.005321722302854378,36,0.005805515239477504,0.0,0.0,0.027777777777777776,2546,0.015710919088766692,40,0.015710919088766692,0.0,0.0,0.075,0.010389196785912314,2.7062058130400626,0.04722222222222222,1.1111111111111112,0.674472899858403
PAX3,6201,0.009998387356877922,65,0.010482180293501049,0.0,0.0,0.0,2546,0.0204241948153967,77,0.030243519245875882,0.0,0.0,0.0,0.010425807458518779,2.885231736056559,0.0,1.1846153846153846,0.6744612578598652
MTMR10,6201,0.007901951298177712,52,0.008385744234800839,0.0,0.0,0.0,2546,0.0192458758837392,49,0.0192458758837392,0.0,0.0,0.16326530612244897,0.011343924585561486,2.2950706991358993,0.16326530612244897,0.9423076923076923,0.6738896743627582
RNH1,6201,0.0041928721174004195,27,0.0043541364296081275,0.0,0.0,0.0,2546,0.012568735271013355,32,0.012568735271013355,0.0,0.0,0.0,0.008375863153612936,2.8866195339094007,0.0,1.1851851851851851,0.6727684479929166
PKD1,6201,0.03402676987582648,261,0.0420899854862119,0.0,0.0,0.0,2546,0.08955223880597014,286,0.11233307148468186,0.0,1.0,0.01048951048951049,0.055525468930143665,2.668878836308476,0.01048951048951049,1.0957854406130267,0.672753920059455
GNB4,6201,0.0043541364296081275,27,0.0043541364296081275,0.0,0.0,0.0,2546,0.012568735271013355,32,0.012568735271013355,0.0,0.0,0.0,0.008214598841405227,2.8866195339094007,0.0,1.1851851851851851,0.6726071836807088
KLF4,6201,0.006289308176100629,40,0.006450572488308337,0.0,0.0,0.0,2546,0.014925373134328358,46,0.018067556952081697,0.0,0.0,0.021739130434782608,0.008636064958227729,2.800923016496465,0.021739130434782608,1.15,0.6724719511482173
SIRT2,6201,0.005321722302854378,38,0.00612804386389292,0.0,0.0,0.0,2546,0.007855459544383346,36,0.014139827179890024,0.0,0.0,0.16666666666666666,0.002533737241528968,2.3073965353288957,0.16666666666666666,0.9473684210526315,0.6722145580303804
CDH15,6201,0.010965973230124174,82,0.013223673601032092,0.0,0.0,0.0,2546,0.03456402199528672,88,0.03456402199528672,0.0,0.0,0.056818181818181816,0.023598048765162548,2.613798785277719,0.056818181818181816,1.0731707317073171,0.6720285641845951
NR4A2,6201,0.011611030478955007,81,0.013062409288824383,0.0,0.0,0.0,2546,0.021209740769835034,93,0.03652788688138256,0.0,0.0,0.021505376344086023,0.009598710290880027,2.7964126734747317,0.021505376344086023,1.1481481481481481,0.6720134936311664
DPEP3,6201,0.006773101112723754,45,0.00725689404934688,0.0,0.0,0.022222222222222223,2546,0.016889238020424194,52,0.0204241948153967,0.0,0.0,0.038461538461538464,0.01011613690770044,2.8144540455616656,0.01623931623931624,1.1555555555555554,0.6720058197593762
HOMER2,6201,0.006450572488308337,41,0.006611836800516046,0.0,0.0,0.0,2546,0.010997643362136685,46,0.018067556952081697,0.0,0.0,0.043478260869565216,0.004547070873828348,2.7326078209721607,0.043478260869565216,1.1219512195121952,0.6719852882629822
TMX1,6201,0.002902757619738752,18,0.002902757619738752,0.0,0.0,0.0,2546,0.007855459544383346,20,0.007855459544383346,0.0,0.0,0.05,0.004952701924644594,2.7062058130400626,0.05,1.1111111111111112,0.6718141827749131
MEF2D,6201,0.007095629737139171,45,0.00725689404934688,0.0,0.0,0.0,2546,0.015318146111547526,49,0.0192458758837392,0.0,0.0,0.061224489795918366,0.008222516374408354,2.6520816967792618,0.061224489795918366,1.0888888888888888,0.671597158514374
CTSC,6201,0.005805515239477504,41,0.006611836800516046,0.0,0.0,0.0,2546,0.01728201099764336,44,0.01728201099764336,0.0,0.0,0.06818181818181818,0.011476495758165856,2.613798785277719,0.06818181818181818,1.0731707317073171,0.6712706475412348
PIK3R5,6201,0.012901144976616674,85,0.013707466537655217,0.0,0.0,0.0,2546,0.027101335428122545,97,0.03809897879025923,0.0,0.0,0.020618556701030927,0.01420019045150587,2.779432558569382,0.020618556701030927,1.1411764705882352,0.6712454481748495
MTIF2,6201,0.009837123044670215,65,0.010482180293501049,0.0,0.0,0.0,2546,0.018853102906520033,68,0.02670856245090338,0.0,0.0,0.08823529411764706,0.009015979861849818,2.547996857816182,0.08823529411764706,1.0461538461538462,0.6704872722453487
GCDH,6201,0.005482986615062087,36,0.005805515239477504,0.0,0.0,0.0,2546,0.01610369206598586,41,0.01610369206598586,0.0,0.0,0.024390243902439025,0.010620705450923772,2.7738609583660643,0.024390243902439025,1.1388888888888888,0.6699623730807184
SLC23A1,6201,0.0075794226737622965,50,0.008063215610385421,0.0,0.0,0.0,2546,0.01610369206598586,59,0.023173605655930872,0.0,0.0,0.0,0.008524269392223562,2.873990573448547,0.0,1.18,0.6696622205277377
IFI44L,6201,0.008547008547008548,57,0.009192065795839382,0.0,0.0,0.0,2546,0.019638648860958365,67,0.02631578947368421,0.0,0.0,0.0,0.011091640313949817,2.862880886426592,0.0,1.1754385964912282,0.6693577084886672
DNAJB1,6201,0.0043541364296081275,27,0.0043541364296081275,0.0,0.0,0.0,2546,0.009033778476040848,32,0.012568735271013355,0.0,0.0,0.0,0.004679642046432721,2.8866195339094007,0.0,1.1851851851851851,0.6690722268857363
DNMBP,6201,0.0172552814062248,137,0.022093210772456056,0.0,0.0,0.0,2546,0.04006284367635507,150,0.0589159465828751,0.0,0.0,0.04,0.02280756227013027,2.6666991588350983,0.04,1.094890510948905,0.6689522273016643
GPR19,6201,0.004837929366231253,36,0.005805515239477504,0.0,0.0,0.0,2546,0.014925373134328358,38,0.014925373134328358,0.0,0.0,0.07894736842105263,0.010087443768097105,2.5708955223880596,0.07894736842105263,1.0555555555555556,0.6687040425713021
PEX1,6201,0.013062409288824383,92,0.014836316723109175,0.0,0.0,0.0,2546,0.023959151610369208,101,0.0396700706991359,0.0,0.0,0.04950495049504951,0.010896742321544825,2.6738490044058882,0.04950495049504951,1.0978260869565217,0.6684943997852832
NUDT21,6201,0.002580228995323335,20,0.0032252862441541686,0.0,0.0,0.0,2546,0.007462686567164179,19,0.007462686567164179,0.0,0.0,0.15789473684210525,0.0048824575718408435,2.3138059701492537,0.15789473684210525,0.95,0.6677273826076024
DHX58,6201,0.006289308176100629,41,0.006611836800516046,0.0,0.0,0.0,2546,0.018460329929300863,48,0.018853102906520033,0.0,0.0,0.0,0.012171021753200234,2.851416856666603,0.0,1.170731707317073,0.6674649365107389
AGPAT4,6201,0.007095629737139171,48,0.0077406869859700045,0.0,0.0,0.0,2546,0.021602513747054203,56,0.02199528672427337,0.0,0.0,0.0,0.014506884009915032,2.841516103692066,0.0,1.1666666666666667,0.667226810799032
HDAC6,6201,0.015320109659732302,112,0.018061602967263345,0.0,0.0,0.008928571428571428,2546,0.02788688138256088,127,0.04988216810683425,0.0,0.0,0.031496062992125984,0.012566771722828579,2.7617796824149923,0.022567491563554556,1.1339285714285714,0.6668792479389837
EIF2S3,6201,0.004031607805192711,25,0.004031607805192711,0.0,0.0,0.0,2546,0.009819324430479183,25,0.009819324430479183,0.0,0.0,0.12,0.005787716625286472,2.4355852317360567,0.12,1.0,0.6668278203678442
CDC42BPA,6201,0.017094017094017096,136,0.021931946460248347,0.0,0.0,0.0,2546,0.029850746268656716,149,0.05852317360565593,0.0,0.0,0.04697986577181208,0.01275672917463962,2.6683985259461207,0.04697986577181208,1.0955882352941178,0.6663446122643369
ACKR1,6201,0.010159651669085631,73,0.011772294791162716,0.0,0.0,0.0,2546,0.018067556952081697,83,0.03260015710919089,0.0,0.0,0.024096385542168676,0.007907905282996066,2.7692270443026397,0.024096385542168676,1.1369863013698631,0.6657270626675825
PSMB3,6201,0.0017739074342847927,11,0.0017739074342847927,0.0,0.0,0.0,2546,0.005106048703849175,13,0.005106048703849175,0.0,0.0,0.0,0.0033321412695643824,2.8784189102335214,0.0,1.1818181818181819,0.665612533932694
COMP,6201,0.008547008547008548,62,0.009998387356877922,0.0,0.0,0.0,2546,0.027101335428122545,69,0.027101335428122545,0.0,0.0,0.028985507246376812,0.018554326881113997,2.7105706611256113,0.028985507246376812,1.1129032258064515,0.6655783353732548
NR1I2,6201,0.006611836800516046,43,0.006934365424931463,0.0,0.0,0.0,2546,0.009033778476040848,48,0.018853102906520033,0.0,0.0,0.041666666666666664,0.0024219416755248023,2.7187928168216446,0.041666666666666664,1.1162790697674418,0.664340531794931
MFSD6,6201,0.009030801483631673,61,0.009837123044670215,0.0,0.0,0.0,2546,0.020031421838177535,67,0.02631578947368421,0.0,0.0,0.04477611940298507,0.011000620354545862,2.6751509922346846,0.04477611940298507,1.098360655737705,0.6642237773407289
DEF6,6201,0.006289308176100629,44,0.007095629737139171,0.0,0.0,0.022727272727272728,2546,0.019638648860958365,50,0.019638648860958365,0.0,0.0,0.04,0.013349340684857736,2.767710490609155,0.017272727272727273,1.1363636363636365,0.6639424074574428
ZNF292,6201,0.028382518948556684,236,0.03805837768101919,0.0,0.0,0.0,2546,0.05341712490180676,244,0.09583660644147683,0.0,1.0,0.07377049180327869,0.025034605953250074,2.5181474429813466,0.07377049180327869,1.0338983050847457,0.663592473657399
PTK2B,6201,0.013546202225447508,99,0.015965166908563134,0.0,0.0,0.0,2546,0.032992930086410056,110,0.04320502749410841,0.0,0.0,0.02727272727272727,0.019446727860962548,2.706205813040063,0.02727272727272727,1.1111111111111112,0.6635809359839583
MGAT1,6201,0.005321722302854378,36,0.005805515239477504,0.0,0.0,0.0,2546,0.015710919088766692,42,0.016496465043205028,0.0,0.0,0.0,0.010389196785912314,2.841516103692066,0.0,1.1666666666666667,0.6631091235750293
ALDH8A1,6201,0.008547008547008548,54,0.008708272859216255,0.0,0.0,0.0,2546,0.018853102906520033,63,0.02474469756480754,0.0,0.0,0.0,0.010306094359511485,2.841516103692066,0.0,1.1666666666666667,0.6630260211486284
RREB1,6201,0.023060796645702306,168,0.027092404450895016,0.0,0.0,0.005952380952380952,2546,0.05145326001571092,190,0.07462686567164178,0.0,1.0,0.010526315789473684,0.028392463370008614,2.7545309168443497,0.004573934837092732,1.130952380952381,0.6627825727813476
MYCN,6201,0.0077406869859700045,51,0.00822447992259313,0.0,0.0,0.0,2546,0.018853102906520033,58,0.022780832678711706,0.0,0.0,0.017241379310344827,0.011112415920550029,2.7698812439351235,0.017241379310344827,1.1372549019607843,0.662250115352264
TSC22D1,6201,0.009675858732462506,70,0.01128850185453959,0.0,0.0,0.0,2546,0.023173605655930872,77,0.030243519245875882,0.0,0.0,0.03896103896103896,0.013497746923468366,2.679143754909662,0.03896103896103896,1.1,0.6619916551360178
AKT3,6201,0.006611836800516046,45,0.00725689404934688,0.0,0.0,0.0,2546,0.018460329929300863,48,0.018853102906520033,0.0,0.0,0.0625,0.011848493128784818,2.5979575805184605,0.0625,1.0666666666666667,0.6615676582885096
F10,6201,0.010643444605708756,75,0.012094823415578132,0.0,0.0,0.0,2546,0.0204241948153967,86,0.03377847604084839,0.0,0.0,0.011627906976744186,0.009780750209687945,2.792804399057345,0.011627906976744186,1.1466666666666667,0.6613671690758551
CDK5RAP2,6201,0.01967424608934043,156,0.025157232704402517,0.0,0.0,0.0,2546,0.04241948153967007,164,0.06441476826394343,0.0,0.0,0.06097560975609756,0.022745235450329637,2.5604870384917513,0.06097560975609756,1.0512820512820513,0.6604710087180814
LGMN,6201,0.005321722302854378,37,0.0059667795516852125,0.0,0.0,0.0,2546,0.014925373134328358,43,0.016889238020424194,0.0,0.0,0.0,0.00960365083147398,2.830544999044606,0.0,1.162162162162162,0.659463560741449
EBI3,6201,0.0020964360587002098,18,0.002902757619738752,0.0,0.0,0.0,2546,0.008248232521602514,21,0.008248232521602514,0.0,0.0,0.0,0.006151796462902304,2.841516103692066,0.0,1.1666666666666667,0.6588717232520193
IFIT2,6201,0.006934365424931463,47,0.0075794226737622965,0.0,0.0,0.0,2546,0.019638648860958365,50,0.019638648860958365,0.0,0.0,0.06,0.012704283436026902,2.591048118868145,0.06,1.0638297872340425,0.6580012178821424
PYGM,6201,0.015158845347524593,104,0.016771488469601678,0.0,0.0,0.0,2546,0.028279654359780047,120,0.04713275726630008,0.0,0.0,0.0,0.013120809012255454,2.810290652003142,0.0,1.1538461538461537,0.6576791012962419
TNFRSF1B,6201,0.004837929366231253,34,0.005482986615062087,0.0,0.0,0.0,2546,0.014925373134328358,38,0.014925373134328358,0.0,0.0,0.02631578947368421,0.010087443768097105,2.722124670763828,0.02631578947368421,1.1176470588235294,0.6575507059787116
ZFPM2,6201,0.03193033381712627,272,0.043863892920496694,0.0,0.0,0.0,2546,0.05341712490180676,299,0.11743912018853103,0.0,1.0,0.026755852842809364,0.02148679108468049,2.6773528834157387,0.026755852842809364,1.099264705882353,0.657288631551142
STX12,6201,0.002580228995323335,17,0.0027414933075310434,0.0,0.0,0.0,2546,0.00589159465828751,15,0.00589159465828751,0.0,0.0,0.2,0.0033113656629641746,2.149045792708285,0.2,0.8823529411764706,0.6572636691003851
PTPRR,6201,0.013546202225447508,117,0.018867924528301886,0.0,0.0,0.0,2546,0.023173605655930872,130,0.05106048703849175,0.0,0.0,0.03076923076923077,0.009627403430483364,2.706205813040063,0.03076923076923077,1.1111111111111112,0.6572581150499827
PODXL,6201,0.009353330108047089,67,0.010804708917916465,0.0,0.0,0.0,2546,0.0204241948153967,67,0.02631578947368421,0.0,0.0,0.1044776119402985,0.011070864707349613,2.4355852317360567,0.1044776119402985,1.0,0.6565885803902058
SMURF2,6201,0.007901951298177712,56,0.009030801483631673,0.0,0.0,0.0,2546,0.02356637863315004,60,0.02356637863315004,0.0,0.0,0.05,0.015664427334972326,2.609555605431489,0.05,1.0714285714285714,0.6561019105537609
COL11A1,6201,0.047089179164650864,387,0.062409288824383166,0.0,0.0,0.0,2546,0.07109190887666929,412,0.16182246661429694,0.0,1.0,0.04611650485436893,0.024002729712018424,2.5929227790058276,0.04611650485436893,1.0645994832041343,0.6559380698405781
VCAM1,6201,0.016126431220770843,115,0.01854539590388647,0.0,0.0,0.0,2546,0.022388059701492536,119,0.04673998428908091,0.0,0.0,0.08403361344537816,0.006261628480721693,2.5203012397964413,0.08403361344537816,1.0347826086956522,0.6556946268020701
WRAP73,6201,0.004999193678438961,32,0.00516045799064667,0.0,0.0,0.0,2546,0.014532600157109192,37,0.014532600157109192,0.0,0.0,0.0,0.00953340647867023,2.8161454241948154,0.0,1.15625,0.6556270878443602
IDH3B,6201,0.0032252862441541686,21,0.003386550556361877,0.0,0.0,0.0,2546,0.00864100549882168,23,0.009033778476040848,0.0,0.0,0.043478260869565216,0.005415719254667512,2.6675457299966334,0.043478260869565216,1.0952380952380953,0.6552694995049538
RAD54L,6201,0.007418158361554588,55,0.008869537171423964,0.0,0.0,0.0,2546,0.014532600157109192,58,0.022780832678711706,0.0,0.0,0.06896551724137931,0.007114441795554604,2.568435335285296,0.06896551724137931,1.0545454545454545,0.6550599967624665
AEBP1,6201,0.013062409288824383,101,0.01628769553297855,0.0,0.0,0.0,2546,0.0420267085624509,108,0.04241948153967007,0.0,0.0,0.037037037037037035,0.028964299273626516,2.6043881685890504,0.037037037037037035,1.0693069306930694,0.655006194632968
RAB1A,6201,0.002902757619738752,18,0.002902757619738752,0.0,0.0,0.0,2546,0.005106048703849175,21,0.008248232521602514,0.0,0.0,0.0,0.0022032910841104235,2.841516103692066,0.0,1.1666666666666667,0.6549232178732274
MRPL11,6201,0.0019351717464925011,12,0.0019351717464925011,0.0,0.0,0.0,2546,0.003927729772191673,14,0.0054988216810683424,0.0,0.0,0.0,0.001992558025699172,2.841516103692066,0.0,1.1666666666666667,0.6547124848148161
COX15,6201,0.004515400741815836,30,0.004837929366231253,0.0,0.0,0.0,2546,0.009426551453260016,32,0.012568735271013355,0.0,0.0,0.0625,0.00491115071144418,2.5979575805184605,0.0625,1.0666666666666667,0.654630315871169
YPEL1,6201,0.0009675858732462506,6,0.0009675858732462506,0.0,0.0,0.0,2546,0.0027494108405341712,7,0.0027494108405341712,0.0,0.0,0.0,0.0017818249672879208,2.841516103692066,0.0,1.1666666666666667,0.6545017517564049
CKS1B,6201,0.0009675858732462506,6,0.0009675858732462506,0.0,0.0,0.0,2546,0.0027494108405341712,7,0.0027494108405341712,0.0,0.0,0.0,0.0017818249672879208,2.841516103692066,0.0,1.1666666666666667,0.6545017517564049
HPCAL4,6201,0.003709079180777294,25,0.004031607805192711,0.0,0.0,0.0,2546,0.009426551453260016,29,0.011390416339355853,0.0,0.0,0.0,0.0057174722724827225,2.8252788688138257,0.0,1.16,0.6542016632128909
CYB5R1,6201,0.0041928721174004195,28,0.004515400741815836,0.0,0.0,0.0,2546,0.01178318931657502,31,0.012175962293794187,0.0,0.0,0.03225806451612903,0.0075903171991746,2.6965407922792055,0.03225806451612903,1.1071428571428572,0.6540986624886846
TRIM26,6201,0.006289308176100629,40,0.006450572488308337,0.0,0.0,0.0,2546,0.018067556952081697,46,0.018067556952081697,0.0,0.0,0.0,0.011778248775981067,2.800923016496465,0.0,1.15,0.6538750045311881
UFM1,6201,0.0009675858732462506,6,0.0009675858732462506,0.0,0.0,0.0,2546,0.0019638648860958365,7,0.0027494108405341712,0.0,0.0,0.0,0.000996279012849586,2.841516103692066,0.0,1.1666666666666667,0.6537162058019665
TSPO2,6201,0.0024189646831156266,15,0.0024189646831156266,0.0,0.0,0.0,2546,0.006284367635506678,16,0.006284367635506678,0.0,0.0,0.0625,0.003865402952391051,2.5979575805184605,0.0625,1.0666666666666667,0.6535845681121158
NFKB2,6201,0.010965973230124174,73,0.011772294791162716,0.0,0.0,0.0,2546,0.02199528672427337,84,0.032992930086410056,0.0,0.0,0.0,0.011029313494149196,2.802591225559298,0.0,1.1506849315068493,0.6535648687403528
UBE2D1,6201,0.0020964360587002098,13,0.0020964360587002098,0.0,0.0,0.0,2546,0.003534956794972506,12,0.004713275726630008,0.0,0.0,0.16666666666666666,0.0014385207362722962,2.248232521602514,0.16666666666666666,0.9230769230769231,0.6530690157433789
GDA,6201,0.009030801483631673,62,0.009998387356877922,0.0,0.0,0.0,2546,0.010604870384917517,60,0.02356637863315004,0.0,0.0,0.13333333333333333,0.0015740689012858442,2.357017966196184,0.13333333333333333,0.967741935483871,0.6528132915188951
SPTBN1,6201,0.026124818577648767,193,0.031124012256087727,0.0,0.0,0.0051813471502590676,2546,0.049096622152395915,210,0.08248232521602514,0.0,0.0,0.03333333333333333,0.022971803574747148,2.6501186459304242,0.028151986183074264,1.0880829015544042,0.6527362819983392
XYLT2,6201,0.01032091598129334,69,0.011127237542331882,0.0,0.0,0.0,2546,0.02945797329143755,77,0.030243519245875882,0.0,0.0,0.012987012987012988,0.019137057310144208,2.7179719252706716,0.012987012987012988,1.1159420289855073,0.6521552279780118
CACNA1B,6201,0.032252862441541685,274,0.04418642154491211,0.0,0.0,0.0,2546,0.10761979575805185,281,0.11036920659858601,0.0,1.0,0.017793594306049824,0.07536693331651016,2.4978082121088754,0.017793594306049824,1.0255474452554745,0.6521498942853893
PGLS,6201,0.0041928721174004195,26,0.0041928721174004195,0.0,0.0,0.0,2546,0.01178318931657502,30,0.01178318931657502,0.0,0.0,0.0,0.0075903171991746,2.810290652003142,0.0,1.1538461538461537,0.652148609483161
AIFM1,6201,0.0077406869859700045,51,0.00822447992259313,0.0,0.0,0.0,2546,0.01335428122545169,59,0.023173605655930872,0.0,0.0,0.0,0.005613594239481685,2.8176378171064185,0.0,1.1568627450980393,0.652098272541669
GLMN,6201,0.006289308176100629,41,0.006611836800516046,0.0,0.0,0.0,2546,0.012568735271013355,38,0.014925373134328358,0.0,0.0,0.15789473684210525,0.006279427094912726,2.2573716781943935,0.15789473684210525,0.926829268292683,0.6519476198918189
MAP2K6,6201,0.005644250927269795,37,0.0059667795516852125,0.0,0.0,0.0,2546,0.01021209740769835,40,0.015710919088766692,0.0,0.0,0.05,0.004567846480428556,2.6330651153903313,0.05,1.0810810810810811,0.6514973423103316
NUDT12,6201,0.005482986615062087,34,0.005482986615062087,0.0,0.0,0.0,2546,0.009033778476040848,38,0.014925373134328358,0.0,0.0,0.02631578947368421,0.0035507918609787616,2.722124670763828,0.02631578947368421,1.1176470588235294,0.6510140540715933
EDIL3,6201,0.010643444605708756,74,0.011933559103370425,0.0,0.0,0.0,2546,0.01767478397486253,75,0.02945797329143755,0.0,0.0,0.09333333333333334,0.0070313393691537746,2.4684985456784356,0.09333333333333334,1.0135135135135136,0.650939296691579
FH,6201,0.004676665054023544,32,0.00516045799064667,0.0,0.0,0.0,2546,0.012175962293794187,34,0.01335428122545169,0.0,0.0,0.058823529411764705,0.007499297239770643,2.58780930871956,0.058823529411764705,1.0625,0.6507174419191459
GOLGA4,6201,0.018222867279471054,151,0.024350911143363973,0.0,0.0,0.006622516556291391,2546,0.03574234092694423,154,0.060487038491751764,0.0,0.0,0.08441558441558442,0.017519473647473173,2.483974342300349,0.07779306785929302,1.0198675496688743,0.6503390554726315
CD1D,6201,0.008869537171423964,66,0.010643444605708756,0.0,0.0,0.0,2546,0.018853102906520033,70,0.02749410840534171,0.0,0.0,0.05714285714285714,0.009983565735096069,2.5831964579018782,0.05714285714285714,1.0606060606060606,0.650234509699191
GPER1,6201,0.005482986615062087,34,0.005482986615062087,0.0,0.0,0.0,2546,0.015318146111547526,39,0.015318146111547526,0.0,0.0,0.0,0.00983515949648544,2.793759530520771,0.0,1.1470588235294117,0.6500454669226859
LY96,6201,0.0041928721174004195,27,0.0043541364296081275,0.0,0.0,0.0,2546,0.007069913589945012,25,0.009819324430479183,0.0,0.0,0.16,0.0028770414725445923,2.255171510866719,0.16,0.9259259259259259,0.6499748266954957
SERPINE1,6201,0.006611836800516046,45,0.00725689404934688,0.0,0.0,0.0,2546,0.019638648860958365,50,0.019638648860958365,0.0,0.0,0.02,0.01302681206044232,2.7062058130400626,0.02,1.1111111111111112,0.6498882929107108
HMGCS2,6201,0.009353330108047089,67,0.010804708917916465,0.0,0.0,0.0,2546,0.016496465043205028,65,0.025530243519245877,0.0,0.0,0.12307692307692308,0.00714313493515794,2.3628811949678163,0.12307692307692308,0.9701492537313433,0.6498709824877731
PSMC6,6201,0.005482986615062087,38,0.00612804386389292,0.0,0.0,0.0,2546,0.00864100549882168,38,0.014925373134328358,0.0,0.0,0.10526315789473684,0.0031580188837595936,2.4355852317360567,0.10526315789473684,1.0,0.6494612805210541
CD48,6201,0.0041928721174004195,27,0.0043541364296081275,0.0,0.0,0.0,2546,0.012175962293794187,31,0.012175962293794187,0.0,0.0,0.0,0.007983090176393768,2.7964126734747317,0.0,1.1481481481481481,0.6488924971725941
ATAD2,6201,0.019190453152717304,143,0.023060796645702306,0.0,0.0,0.0,2546,0.047918303220738416,128,0.05027494108405342,0.0,0.0,0.15625,0.028727850068021112,2.180104263372135,0.15625,0.8951048951048951,0.6487446529866139
MAL2,6201,0.0019351717464925011,13,0.0020964360587002098,0.0,0.0,0.0,2546,0.00589159465828751,15,0.00589159465828751,0.0,0.0,0.0,0.003956422911795009,2.810290652003142,0.0,1.1538461538461537,0.6485147151957814
PLA2G12A,6201,0.0020964360587002098,13,0.0020964360587002098,0.0,0.0,0.0,2546,0.00589159465828751,15,0.00589159465828751,0.0,0.0,0.0,0.0037951585995873,2.810290652003142,0.0,1.1538461538461537,0.6483534508835738
TP53INP2,6201,0.0020964360587002098,13,0.0020964360587002098,0.0,0.0,0.0,2546,0.00589159465828751,15,0.00589159465828751,0.0,0.0,0.0,0.0037951585995873,2.810290652003142,0.0,1.1538461538461537,0.6483534508835738
VDAC1,6201,0.00306402193194646,20,0.0032252862441541686,0.0,0.0,0.0,2546,0.009033778476040848,23,0.009033778476040848,0.0,0.0,0.0,0.005969756544094388,2.800923016496465,0.0,1.15,0.6480665122993013
TCN2,6201,0.006934365424931463,47,0.0075794226737622965,0.0,0.0,0.0,2546,0.012961508248232521,54,0.021209740769835034,0.0,0.0,0.0,0.0060271428233010585,2.7983319683775965,0.0,1.148936170212766,0.6474419769363384
PDCD2L,6201,0.004999193678438961,32,0.00516045799064667,0.0,0.0,0.0,2546,0.00864100549882168,34,0.01335428122545169,0.0,0.0,0.058823529411764705,0.0036418118203827192,2.58780930871956,0.058823529411764705,1.0625,0.646859956499758
SDHD,6201,0.0020964360587002098,13,0.0020964360587002098,0.0,0.0,0.0,2546,0.00432050274941084,15,0.00589159465828751,0.0,0.0,0.0,0.0022240666907106304,2.810290652003142,0.0,1.1538461538461537,0.646782358974697
ZNRF4,6201,0.009998387356877922,78,0.012578616352201259,0.0,0.0,0.0,2546,0.03377847604084839,86,0.03377847604084839,0.0,0.0,0.011627906976744186,0.02378008868397047,2.685388845247447,0.011627906976744186,1.1025641025641026,0.6466368562734672
TMPRSS3,6201,0.00725689404934688,49,0.007901951298177712,0.0,0.0,0.0,2546,0.015710919088766692,56,0.02199528672427337,0.0,0.0,0.0,0.008454025039419812,2.7835259791269222,0.0,1.1428571428571428,0.6459632180354372
OPRK1,6201,0.012094823415578132,90,0.01451378809869376,0.0,0.0,0.0,2546,0.02513747054202671,98,0.0384917517674784,0.0,0.0,0.030612244897959183,0.013042647126448578,2.6520816967792618,0.030612244897959183,1.0888888888888888,0.645805044368455
IDH2,6201,0.009998387356877922,67,0.010804708917916465,0.0,0.0,0.0,2546,0.014139827179890024,77,0.030243519245875882,0.0,0.0,0.0,0.004141439823012101,2.799105415577259,0.0,1.1492537313432836,0.6457598813271332
NUP153,6201,0.015481373971940009,115,0.01854539590388647,0.0,0.0,0.0,2546,0.031421838177533384,130,0.05106048703849175,0.0,0.0,0.0,0.015940464205593377,2.753270261962499,0.0,1.1304347826086956,0.6454208134526435
UAP1,6201,0.0041928721174004195,29,0.004676665054023544,0.0,0.0,0.0,2546,0.009819324430479183,27,0.010604870384917517,0.0,0.0,0.14814814814814814,0.005626452313078763,2.267613836443915,0.14814814814814814,0.9310344827586207,0.644687424814151
SEC11A,6201,0.002257700370907918,14,0.002257700370907918,0.0,0.0,0.0,2546,0.003142183817753339,13,0.005106048703849175,0.0,0.0,0.15384615384615385,0.0008844834468454206,2.261614858040624,0.15384615384615385,0.9285714285714286,0.6438058846909561
RIBC2,6201,0.003709079180777294,24,0.0038703434929850023,0.0,0.0,0.0,2546,0.01021209740769835,26,0.01021209740769835,0.0,0.0,0.038461538461538464,0.006503018226921057,2.6385506677140613,0.038461538461538464,1.0833333333333333,0.6434028102767312
HTRA1,6201,0.00822447992259313,59,0.009514594420254797,0.0,0.0,0.0,2546,0.025530243519245877,65,0.025530243519245877,0.0,0.0,0.015384615384615385,0.017305763596652746,2.683271865471927,0.015384615384615385,1.1016949152542372,0.6433446494705579
NOP14,6201,0.010643444605708756,69,0.011127237542331882,0.0,0.0,0.0,2546,0.02945797329143755,76,0.029850746268656716,0.0,0.0,0.013157894736842105,0.018814528685728794,2.6826735885788446,0.013157894736842105,1.1014492753623188,0.6424642498921133
STX7,6201,0.0024189646831156266,17,0.0027414933075310434,0.0,0.0,0.0,2546,0.007069913589945012,18,0.007069913589945012,0.0,0.0,0.05555555555555555,0.004650948906829385,2.578854951249942,0.05555555555555555,1.0588235294117647,0.6421022271338318
HDDC2,6201,0.002580228995323335,17,0.0027414933075310434,0.0,0.0,0.0,2546,0.007069913589945012,18,0.007069913589945012,0.0,0.0,0.05555555555555555,0.004489684594621677,2.578854951249942,0.05555555555555555,1.0588235294117647,0.641940962821624
CFTR,6201,0.02789872601193356,226,0.03644573455894211,0.0,0.0,0.0,2546,0.07148468185388845,185,0.07266300078554595,0.0,1.0,0.1945945945945946,0.04358595584195489,1.993731273766241,0.1945945945945946,0.8185840707964602,0.6415538969247317
NFX1,6201,0.010643444605708756,72,0.011611030478955007,0.0,0.0,0.0,2546,0.02356637863315004,77,0.030243519245875882,0.0,0.0,0.03896103896103896,0.012922934027441282,2.6047230950510603,0.03896103896103896,1.0694444444444444,0.6409817488563747
HADHA,6201,0.006450572488308337,41,0.006611836800516046,0.0,0.0,0.0,2546,0.01728201099764336,45,0.01767478397486253,0.0,0.0,0.022222222222222223,0.010831438509335024,2.6732033031249403,0.022222222222222223,1.0975609756097562,0.6409705961783941
ACAT1,6201,0.004515400741815836,33,0.005321722302854378,0.0,0.0,0.0,2546,0.014139827179890024,36,0.014139827179890024,0.0,0.0,0.027777777777777776,0.009624426438074186,2.657002070984789,0.027777777777777776,1.0909090909090908,0.6408987291300151
PITX2,6201,0.008547008547008548,55,0.008869537171423964,0.0,0.0,0.0,2546,0.01021209740769835,54,0.021209740769835034,0.0,0.0,0.1111111111111111,0.0016650888606898027,2.39130186388631,0.1111111111111111,0.9818181818181818,0.6408428977282491
ADH7,6201,0.007418158361554588,54,0.008708272859216255,0.0,0.0,0.0,2546,0.014532600157109192,60,0.02356637863315004,0.0,0.0,0.016666666666666666,0.007114441795554604,2.706205813040063,0.016666666666666666,1.1111111111111112,0.6406425893124897
SPSB1,6201,0.0041928721174004195,30,0.004837929366231253,0.0,0.0,0.0,2546,0.01335428122545169,34,0.01335428122545169,0.0,0.0,0.0,0.00916140910805127,2.7603299293008643,0.0,1.1333333333333333,0.640520929254838
GOT2,6201,0.00516045799064667,36,0.005805515239477504,0.0,0.0,0.0,2546,0.01021209740769835,41,0.01610369206598586,0.0,0.0,0.0,0.005051639417051681,2.7738609583660643,0.0,1.1388888888888888,0.6400030631444072
CACYBP,6201,0.0032252862441541686,21,0.003386550556361877,0.0,0.0,0.0,2546,0.0054988216810683424,24,0.009426551453260016,0.0,0.0,0.0,0.002273535436914174,2.7835259791269222,0.0,1.1428571428571428,0.6397827284329316
PDE6G,6201,0.001128850185453959,7,0.001128850185453959,0.0,0.0,0.0,2546,0.003142183817753339,8,0.003142183817753339,0.0,0.0,0.0,0.0020133336322993795,2.783525979126922,0.0,1.1428571428571428,0.6395225266283165
EIF1B,6201,0.0008063215610385422,5,0.0008063215610385422,0.0,0.0,0.0,2546,0.0015710919088766694,4,0.0015710919088766694,0.0,0.0,0.25,0.0007647703478381272,1.9484681853888455,0.25,0.8,0.6389033660876586
GPC1,6201,0.004837929366231253,34,0.005482986615062087,0.0,0.0,0.0,2546,0.014532600157109192,37,0.014532600157109192,0.0,0.0,0.02702702702702703,0.009694670790877939,2.650489811006885,0.02702702702702703,1.088235294117647,0.6384358706454505
ZWINT,6201,0.005644250927269795,37,0.0059667795516852125,0.0,0.0,0.0,2546,0.013747054202670856,39,0.015318146111547526,0.0,0.0,0.05128205128205128,0.008102803275401062,2.567238487505573,0.05128205128205128,1.054054054054054,0.6380294375464963
IMPA2,6201,0.004837929366231253,31,0.004999193678438961,0.0,0.0,0.0,2546,0.013747054202670856,35,0.013747054202670856,0.0,0.0,0.0,0.008909124836439603,2.749854293895548,0.0,1.1290322580645162,0.6374789285427529
HNF4A,6201,0.013062409288824383,98,0.015803902596355425,0.0,0.0,0.0,2546,0.014925373134328358,106,0.041633935585231735,0.0,0.0,0.03773584905660377,0.0018629638455039746,2.634408515959408,0.03773584905660377,1.0816326530612246,0.6368980109566142
PLPPR4,6201,0.01757781003064022,122,0.01967424608934043,0.0,0.0,0.0,2546,0.02945797329143755,130,0.05106048703849175,0.0,0.0,0.038461538461538464,0.01188016326079733,2.595295738735142,0.038461538461538464,1.0655737704918034,0.6368207728559839
GFI1,6201,0.0043541364296081275,30,0.004837929366231253,0.0,0.0,0.0,2546,0.012175962293794187,31,0.012175962293794187,0.0,0.0,0.06451612903225806,0.00782182586418606,2.5167714061272584,0.06451612903225806,1.0333333333333334,0.6367341288798078
E2F2,6201,0.0043541364296081275,27,0.0043541364296081275,0.0,0.0,0.037037037037037035,2546,0.011390416339355853,29,0.011390416339355853,0.0,0.0,0.0,0.007036279909747725,2.6159989526053944,-0.037037037037037035,1.0740740740740742,0.6362942892611396
MRPS31,6201,0.0038703434929850023,27,0.0043541364296081275,0.0,0.0,0.0,2546,0.01021209740769835,26,0.01021209740769835,0.0,0.0,0.11538461538461539,0.006341753914713349,2.345378371301388,0.11538461538461539,0.9629629629629629,0.6361589914087158
GRPEL1,6201,0.0019351717464925011,15,0.0024189646831156266,0.0,0.0,0.0,2546,0.006677140612725845,17,0.006677140612725845,0.0,0.0,0.0,0.004741968866233344,2.7603299293008643,0.0,1.1333333333333333,0.63610148901302
SLC1A2,6201,0.008385744234800839,59,0.009514594420254797,0.0,0.0,0.0,2546,0.013747054202670856,64,0.02513747054202671,0.0,0.0,0.03125,0.005361309967870017,2.641990759849282,0.03125,1.0847457627118644,0.6359945736011939
PITPNC1,6201,0.0041928721174004195,27,0.0043541364296081275,0.0,0.0,0.0,2546,0.009819324430479183,26,0.01021209740769835,0.0,0.0,0.11538461538461539,0.005626452313078763,2.345378371301388,0.11538461538461539,0.9629629629629629,0.6354436898070812
MAOA,6201,0.0059667795516852125,44,0.007095629737139171,0.0,0.0,0.0,2546,0.010604870384917517,47,0.018460329929300863,0.0,0.0,0.0425531914893617,0.004638090833232304,2.601647861172606,0.0425531914893617,1.0681818181818181,0.6354355817086899
CEP250,6201,0.02080309627479439,157,0.025318497016610222,0.0,0.0,0.0,2546,0.03731343283582089,162,0.0636292223095051,0.0,0.0,0.05555555555555555,0.016510336561026503,2.513151640390071,0.05555555555555555,1.0318471337579618,0.6354322494054703
C8G,6201,0.0017739074342847927,11,0.0017739074342847927,0.0,0.0,0.0,2546,0.00432050274941084,11,0.00432050274941084,0.0,0.0,0.09090909090909091,0.0025465953151260472,2.4355852317360562,0.09090909090909091,1.0,0.6344957899667747
CSNK2B,6201,0.0024189646831156266,15,0.0024189646831156266,0.0,0.0,0.0,2546,0.005106048703849175,17,0.006677140612725845,0.0,0.0,0.0,0.0026870840207335487,2.7603299293008643,0.0,1.1333333333333333,0.6340466041675202
GALM,6201,0.0032252862441541686,23,0.003709079180777294,0.0,0.0,0.0,2546,0.009033778476040848,23,0.009033778476040848,0.0,0.0,0.08695652173913043,0.00580849223188668,2.4355852317360567,0.08695652173913043,1.0,0.6338051177135748
FABP3,6201,0.002257700370907918,15,0.0024189646831156266,0.0,0.0,0.0,2546,0.00432050274941084,17,0.006677140612725845,0.0,0.0,0.0,0.002062802378502922,2.7603299293008643,0.0,1.1333333333333333,0.6334223225252895
ARHGAP29,6201,0.014997581035316884,128,0.02064183196258668,0.0,0.0,0.0,2546,0.029065200314218383,128,0.05027494108405342,0.0,0.0,0.078125,0.014067619278901499,2.4355852317360567,0.078125,1.0,0.6332327230214593
HNRNPA2B1,6201,0.005805515239477504,38,0.00612804386389292,0.0,0.0,0.0,2546,0.00864100549882168,37,0.014532600157109192,0.0,0.0,0.10810810810810811,0.0028354902593441767,2.371490883532476,0.10810810810810811,0.9736842105263158,0.6331514630166611
ANXA1,6201,0.0043541364296081275,28,0.004515400741815836,0.0,0.0,0.0,2546,0.010604870384917517,27,0.010604870384917517,0.0,0.0,0.1111111111111111,0.006250733955309389,2.34860004488834,0.1111111111111111,0.9642857142857143,0.6327570259518875
IRAK4,6201,0.005805515239477504,38,0.00612804386389292,0.0,0.0,0.0,2546,0.008248232521602514,43,0.016889238020424194,0.0,0.0,0.0,0.0024427172821250105,2.756056972753959,0.0,1.131578947368421,0.6326652664180015
DVL2,6201,0.008385744234800839,58,0.009353330108047089,0.0,0.0,0.0,2546,0.02474469756480754,63,0.02474469756480754,0.0,0.0,0.015873015873015872,0.0163589533300067,2.645549475851234,0.015873015873015872,1.0862068965517242,0.6325918905753718
ALDH1A3,6201,0.0077406869859700045,55,0.008869537171423964,0.0,0.0,0.0,2546,0.014532600157109192,59,0.023173605655930872,0.0,0.0,0.03389830508474576,0.006791913171139187,2.6127187031350427,0.03389830508474576,1.0727272727272728,0.6320036299621978
GNB2,6201,0.0038703434929850023,24,0.0038703434929850023,0.0,0.0,0.0,2546,0.009819324430479183,27,0.010604870384917517,0.0,0.0,0.0,0.005948980937494181,2.7400333857030637,0.0,1.125,0.6318963384227202
AHSP,6201,0.0020964360587002098,16,0.002580228995323335,0.0,0.0,0.0,2546,0.007069913589945012,18,0.007069913589945012,0.0,0.0,0.0,0.004973477531244802,2.7400333857030637,0.0,1.125,0.6309208350164708
DBP,6201,0.002257700370907918,16,0.002580228995323335,0.0,0.0,0.0,2546,0.007069913589945012,18,0.007069913589945012,0.0,0.0,0.0,0.004812213219037093,2.7400333857030637,0.0,1.125,0.6307595707042631
NBL1,6201,0.002257700370907918,15,0.0024189646831156266,0.0,0.0,0.0,2546,0.001178318931657502,3,0.001178318931657502,0.0,0.0,0.3333333333333333,-0.0010793814392504161,0.4871170463472113,0.3333333333333333,0.2,0.6307205178740712
TAGLN,6201,0.002580228995323335,16,0.002580228995323335,0.0,0.0,0.0,2546,0.007069913589945012,18,0.007069913589945012,0.0,0.0,0.0,0.004489684594621677,2.7400333857030637,0.0,1.125,0.6304370420798476
BMP1,6201,0.011449766166747298,88,0.014191259474278342,0.0,0.0,0.0,2546,0.03574234092694423,92,0.03613511390416339,0.0,0.0,0.03260869565217391,0.02429257476019693,2.546293651360423,0.03260869565217391,1.0454545454545454,0.6296571060780923
NELFE,6201,0.005321722302854378,38,0.00612804386389292,0.0,0.0,0.02631578947368421,2546,0.014532600157109192,38,0.014925373134328358,0.0,0.0,0.10526315789473684,0.009210877854254814,2.4355852317360567,0.07894736842105263,1.0,0.6291983500178652
DMP1,6201,0.007901951298177712,71,0.011449766166747298,0.0,0.0,0.0,2546,0.018853102906520033,79,0.031029065200314218,0.0,0.0,0.0,0.01095115160834232,2.710017370523218,0.0,1.1126760563380282,0.6288405297385098
SCG3,6201,0.006934365424931463,55,0.008869537171423964,0.0,0.0,0.0,2546,0.016496465043205028,57,0.022388059701492536,0.0,0.0,0.05263157894736842,0.009562099618273565,2.5241519674355493,0.05263157894736842,1.0363636363636364,0.6286863287127042
GRK5,6201,0.006773101112723754,46,0.007418158361554588,0.0,0.0,0.0,2546,0.020031421838177535,51,0.020031421838177535,0.0,0.0,0.0,0.013258320725453781,2.7003227569247588,0.0,1.108695652173913,0.6285311876125185
CCP110,6201,0.008708272859216255,59,0.009514594420254797,0.0,0.0,0.0,2546,0.023173605655930872,61,0.023959151610369208,0.0,0.0,0.04918032786885246,0.014465332796714617,2.5181474429813466,0.04918032786885246,1.0338983050847457,0.6284330365664373
CASQ2,6201,0.0059667795516852125,44,0.007095629737139171,0.0,0.0,0.0,2546,0.018067556952081697,46,0.018067556952081697,0.0,0.0,0.043478260869565216,0.012100777400396483,2.546293651360423,0.043478260869565216,1.0454545454545454,0.6283348739356832
NDUFS6,6201,0.0012901144976616675,8,0.0012901144976616675,0.0,0.0,0.0,2546,0.003534956794972506,9,0.003534956794972506,0.0,0.0,0.0,0.0022448422973108386,2.7400333857030637,0.0,1.125,0.6281921997825368
IP6K1,6201,0.005321722302854378,33,0.005321722302854378,0.0,0.0,0.0,2546,0.009819324430479183,37,0.014532600157109192,0.0,0.0,0.0,0.004497602127624805,2.7308076840677002,0.0,1.121212121212121,0.6279751690661558
PGF,6201,0.0024189646831156266,16,0.002580228995323335,0.0,0.0,0.0,2546,0.00432050274941084,18,0.007069913589945012,0.0,0.0,0.0,0.0019015380662952136,2.7400333857030637,0.0,1.125,0.6278488955515212
RPTOR,6201,0.017900338655055636,122,0.01967424608934043,0.0,0.0,0.0,2546,0.034956794972505895,133,0.05223880597014925,0.0,0.0,0.007518796992481203,0.017056456317450258,2.655187178859799,0.007518796992481203,1.0901639344262295,0.6275753763667996
WASL,6201,0.007095629737139171,51,0.00822447992259313,0.0,0.0,0.0,2546,0.021209740769835034,55,0.021602513747054203,0.0,0.0,0.01818181818181818,0.014114111032695862,2.6266115244212376,0.01818181818181818,1.0784313725490196,0.627447496635402
CYP4A11,6201,0.014029995162070633,108,0.01741654571843251,0.0,0.0,0.0,2546,0.029065200314218383,115,0.045168892380204245,0.0,0.0,0.02608695652173913,0.01503520515214775,2.593447237496727,0.02608695652173913,1.0648148148148149,0.6270869561710584
KMT2D,6201,0.0727302048056765,572,0.09224318658280922,0.0,1.0,0.0,2546,0.19324430479183033,527,0.2069913589945012,0.0,1.0,0.022770398481973434,0.12051409998615382,2.243974505463115,0.022770398481973434,0.9213286713286714,0.6269365951486894
CYP2E1,6201,0.00822447992259313,57,0.009192065795839382,0.0,0.0,0.0,2546,0.02356637863315004,60,0.02356637863315004,0.0,0.0,0.03333333333333333,0.015341898710556908,2.5637739281432173,0.03333333333333333,1.0526315789473684,0.6263481270220288
PARP2,6201,0.0059667795516852125,42,0.006773101112723754,0.0,0.0,0.0,2546,0.01021209740769835,47,0.018460329929300863,0.0,0.0,0.0,0.004245317856013138,2.7255358545617776,0.0,1.119047619047619,0.6263088323552891
SAR1B,6201,0.002580228995323335,17,0.0027414933075310434,0.0,0.0,0.0,2546,0.007462686567164179,19,0.007462686567164179,0.0,0.0,0.0,0.0048824575718408435,2.722124670763828,0.0,1.1176470588235294,0.6260299303087711
MOCS2,6201,0.0038703434929850023,26,0.0041928721174004195,0.0,0.0,0.0,2546,0.01021209740769835,29,0.011390416339355853,0.0,0.0,0.0,0.006341753914713349,2.716614296936371,0.0,1.1153846153846154,0.6260076919831206
XRCC3,6201,0.0027414933075310434,17,0.0027414933075310434,0.0,0.0,0.0,2546,0.007462686567164179,19,0.007462686567164179,0.0,0.0,0.0,0.004721193259633136,2.722124670763828,0.0,1.1176470588235294,0.6258686659965634
PNP,6201,0.0032252862441541686,21,0.003386550556361877,0.0,0.0,0.0,2546,0.00864100549882168,22,0.00864100549882168,0.0,0.0,0.045454545454545456,0.005415719254667512,2.5515654808663446,0.045454545454545456,1.0476190476190477,0.6251115709589864
KIF1B,6201,0.022093210772456056,155,0.024995968392194808,0.0,0.0,0.0,2546,0.0396700706991359,160,0.06284367635506677,0.0,0.0,0.04375,0.01757685992667984,2.514152497275929,0.04375,1.032258064516129,0.6249780652520321
DGAT1,6201,0.003709079180777294,27,0.0043541364296081275,0.0,0.0,0.0,2546,0.01178318931657502,30,0.01178318931657502,0.0,0.0,0.0,0.008074110135797726,2.706205813040063,0.0,1.1111111111111112,0.6249355909860662
PDGFRB,6201,0.018061602967263345,144,0.023222060957910014,0.0,0.0,0.0,2546,0.027101335428122545,157,0.06166535742340927,0.0,0.0,0.012738853503184714,0.0090397324608592,2.655464454045562,0.012738853503184714,1.0902777777777777,0.6248545641429499
TKT,6201,0.006450572488308337,43,0.006934365424931463,0.0,0.0,0.0,2546,0.010997643362136685,48,0.018853102906520033,0.0,0.0,0.0,0.004547070873828348,2.7187928168216446,0.0,1.1162790697674418,0.6247989943265679
CD2,6201,0.006934365424931463,52,0.008385744234800839,0.0,0.0,0.0,2546,0.013747054202670856,52,0.0204241948153967,0.0,0.0,0.07692307692307693,0.006812688777739393,2.4355852317360567,0.07692307692307693,1.0,0.624775869443374
WASF2,6201,0.006289308176100629,43,0.006934365424931463,0.0,0.0,0.0,2546,0.015318146111547526,40,0.015710919088766692,0.0,0.0,0.125,0.009028837935446897,2.2656606806847037,0.125,0.9302325581395349,0.6243437520636352
LRRC15,6201,0.012094823415578132,82,0.013223673601032092,0.0,0.0,0.0,2546,0.0204241948153967,91,0.03574234092694423,0.0,0.0,0.0,0.00832937139981857,2.7029055620485507,0.0,1.1097560975609757,0.6242999893536607
PAPOLB,6201,0.009353330108047089,68,0.010965973230124174,0.0,0.0,0.0,2546,0.02788688138256088,73,0.028672427336999214,0.0,0.0,0.0136986301369863,0.018533551274513792,2.6146723811284134,0.0136986301369863,1.0735294117647058,0.6240862247283564
HSD17B7,6201,0.003386550556361877,22,0.0035478148685695854,0.0,0.0,0.045454545454545456,2546,0.009033778476040848,23,0.009033778476040848,0.0,0.0,0.0,0.005647227919678971,2.546293651360423,-0.045454545454545456,1.0454545454545454,0.6238576090399459
AMIGO1,6201,0.005482986615062087,36,0.005805515239477504,0.0,0.0,0.0,2546,0.014532600157109192,37,0.014532600157109192,0.0,0.0,0.05405405405405406,0.009049613542047105,2.5032403770620584,0.05405405405405406,1.0277777777777777,0.6236448492403887
NUMA1,6201,0.01757781003064022,126,0.020319303338171262,0.0,0.0,0.0,2546,0.041633935585231735,131,0.05145326001571092,0.0,0.0,0.030534351145038167,0.024056125554591516,2.5322354393446305,0.030534351145038167,1.0396825396825398,0.6233742355908859
MARK4,6201,0.009998387356877922,67,0.010804708917916465,0.0,0.0,0.0,2546,0.02670856245090338,72,0.028279654359780047,0.0,0.0,0.013888888888888888,0.016710175094025455,2.6173453236566577,0.013888888888888888,1.0746268656716418,0.6231923042318209
DHCR24,6201,0.0043541364296081275,32,0.00516045799064667,0.0,0.0,0.0,2546,0.012961508248232521,34,0.01335428122545169,0.0,0.0,0.029411764705882353,0.008607371818624393,2.58780930871956,0.029411764705882353,1.0625,0.6224137517921173
SLC4A4,6201,0.018384131591678763,136,0.021931946460248347,0.0,0.0,0.0,2546,0.03338570306362922,136,0.05341712490180676,0.0,0.0,0.0661764705882353,0.01500157147195046,2.4355852317360567,0.0661764705882353,1.0,0.6222181458027435
IGFBP7,6201,0.0027414933075310434,18,0.002902757619738752,0.0,0.0,0.0,2546,0.007855459544383346,20,0.007855459544383346,0.0,0.0,0.0,0.005113966236852303,2.7062058130400626,0.0,1.1111111111111112,0.6219754470871208
IFI30,6201,0.002902757619738752,18,0.002902757619738752,0.0,0.0,0.0,2546,0.007855459544383346,20,0.007855459544383346,0.0,0.0,0.0,0.004952701924644594,2.7062058130400626,0.0,1.1111111111111112,0.6218141827749131
SNRPD3,6201,0.0020964360587002098,13,0.0020964360587002098,0.0,0.0,0.0,2546,0.005106048703849175,13,0.005106048703849175,0.0,0.0,0.07692307692307693,0.0030096126451489656,2.4355852317360567,0.07692307692307693,1.0,0.6209727933107836
HEY2,6201,0.006773101112723754,44,0.007095629737139171,0.0,0.0,0.0,2546,0.018067556952081697,47,0.018460329929300863,0.0,0.0,0.02127659574468085,0.011294455839357943,2.601647861172606,0.02127659574468085,1.0681818181818181,0.6208153509701346
EPS8L2,6201,0.00822447992259313,59,0.009514594420254797,0.0,0.0,0.0,2546,0.02474469756480754,63,0.02474469756480754,0.0,0.0,0.015873015873015872,0.01652021764221441,2.6007096542266366,0.015873015873015872,1.0677966101694916,0.6203770051646038
TNFAIP6,6201,0.005644250927269795,37,0.0059667795516852125,0.0,0.0,0.0,2546,0.012961508248232521,33,0.012961508248232521,0.0,0.0,0.15151515151515152,0.007317257320962727,2.1722787201970233,0.15151515151515152,0.8918918918918919,0.6201353971030958
P4HA2,6201,0.008547008547008548,56,0.009030801483631673,0.0,0.0,0.0,2546,0.015710919088766692,51,0.020031421838177535,0.0,0.0,0.13725490196078433,0.007163910541758144,2.218122264616766,0.13725490196078433,0.9107142857142857,0.6200696737676565
SRSF6,6201,0.005805515239477504,38,0.00612804386389292,0.0,0.0,0.0,2546,0.014925373134328358,39,0.015318146111547526,0.0,0.0,0.05128205128205128,0.009119857894850855,2.499679579939637,0.05128205128205128,1.0263157894736843,0.619926144332822
CSF2,6201,0.0012901144976616675,9,0.001451378809869376,0.0,0.0,0.0,2546,0.003927729772191673,10,0.003927729772191673,0.0,0.0,0.0,0.0026376152745300058,2.7062058130400626,0.0,1.1111111111111112,0.6194990961247985
EMP3,6201,0.001451378809869376,9,0.001451378809869376,0.0,0.0,0.0,2546,0.003927729772191673,10,0.003927729772191673,0.0,0.0,0.0,0.002476350962322297,2.7062058130400626,0.0,1.1111111111111112,0.6193378318125908
TFF2,6201,0.001451378809869376,9,0.001451378809869376,0.0,0.0,0.0,2546,0.003927729772191673,10,0.003927729772191673,0.0,0.0,0.0,0.002476350962322297,2.7062058130400626,0.0,1.1111111111111112,0.6193378318125908
CXCL1,6201,0.001451378809869376,9,0.001451378809869376,0.0,0.0,0.0,2546,0.003927729772191673,10,0.003927729772191673,0.0,0.0,0.0,0.002476350962322297,2.7062058130400626,0.0,1.1111111111111112,0.6193378318125908
RAPGEF6,6201,0.016771488469601678,121,0.01951298177713272,0.0,0.0,0.0,2546,0.030243519245875882,109,0.04281225451688924,0.0,0.0,0.13761467889908258,0.013472030776274204,2.1940395889192574,0.13761467889908258,0.9008264462809917,0.6192259736088933
PMM1,6201,0.003386550556361877,23,0.003709079180777294,0.0,0.0,0.0,2546,0.009426551453260016,24,0.009426551453260016,0.0,0.0,0.041666666666666664,0.006040000896898139,2.5414802418115374,0.041666666666666664,1.0434782608695652,0.6191042741544288
CNDP2,6201,0.007418158361554588,47,0.0075794226737622965,0.0,0.0,0.0,2546,0.012568735271013355,52,0.0204241948153967,0.0,0.0,0.0,0.0051505769094587674,2.694690043622871,0.0,1.1063829787234043,0.6189000618787026
RBM14,6201,0.00822447992259313,59,0.009514594420254797,0.0,0.0,0.0,2546,0.023173605655930872,63,0.02474469756480754,0.0,0.0,0.015873015873015872,0.014949125733337742,2.6007096542266366,0.015873015873015872,1.0677966101694916,0.6188059132557272
THNSL2,6201,0.006934365424931463,52,0.008385744234800839,0.0,0.0,0.0,2546,0.018460329929300863,57,0.022388059701492536,0.0,0.0,0.0,0.0115259645043694,2.669776119402985,0.0,1.0961538461538463,0.6185094412626813
CIDEA,6201,0.005805515239477504,40,0.006450572488308337,0.0,0.0,0.05,2546,0.01021209740769835,44,0.01728201099764336,0.0,0.0,0.045454545454545456,0.004406582168220847,2.679143754909662,-0.004545454545454547,1.1,0.6184849059651858
CD34,6201,0.005482986615062087,34,0.005482986615062087,0.0,0.0,0.0,2546,0.014139827179890024,36,0.014139827179890024,0.0,0.0,0.027777777777777776,0.008656840564827937,2.578854951249942,0.027777777777777776,1.0588235294117647,0.6183303410140526
GRWD1,6201,0.005321722302854378,38,0.00612804386389292,0.0,0.0,0.0,2546,0.012568735271013355,32,0.012568735271013355,0.0,0.0,0.1875,0.007247012968158977,2.051019142514574,0.1875,0.8421052631578947,0.617075512300243
AQP3,6201,0.00306402193194646,19,0.00306402193194646,0.0,0.0,0.0,2546,0.00589159465828751,18,0.007069913589945012,0.0,0.0,0.1111111111111111,0.0028275727263410494,2.3073965353288957,0.1111111111111111,0.9473684210526315,0.616952837959637
TNFSF9,6201,0.0035478148685695854,24,0.0038703434929850023,0.0,0.0,0.0,2546,0.009819324430479183,25,0.009819324430479183,0.0,0.0,0.04,0.006271509561909597,2.537067949725059,0.04,1.0416666666666667,0.6164224501589726
MRPL34,6201,0.0009675858732462506,6,0.0009675858732462506,0.0,0.0,0.0,2546,0.0019638648860958365,5,0.0019638648860958365,0.0,0.0,0.2,0.000996279012849586,2.029654359780047,0.2,0.8333333333333334,0.6162976387875465
PEX13,6201,0.003709079180777294,24,0.0038703434929850023,0.0,0.0,0.0,2546,0.009819324430479183,25,0.009819324430479183,0.0,0.0,0.04,0.006110245249701889,2.537067949725059,0.04,1.0416666666666667,0.6162611858467648
DCBLD2,6201,0.008063215610385421,55,0.008869537171423964,0.0,0.0,0.0,2546,0.022388059701492536,57,0.022388059701492536,0.0,0.0,0.03508771929824561,0.014324844091107115,2.5241519674355493,0.03508771929824561,1.0363636363636364,0.615905213536415
C5,6201,0.016126431220770843,125,0.020158039025963553,0.0,0.0,0.0,2546,0.029065200314218383,132,0.051846032992930086,0.0,0.0,0.022727272727272728,0.01293876909344754,2.5719780047132756,0.022727272727272728,1.056,0.6156383665610174
TOR1B,6201,0.002902757619738752,20,0.0032252862441541686,0.0,0.0,0.0,2546,0.00864100549882168,22,0.00864100549882168,0.0,0.0,0.0,0.005738247879082928,2.679143754909662,0.0,1.1,0.6152711171305933
ACTR2,6201,0.004031607805192711,28,0.004515400741815836,0.0,0.0,0.0,2546,0.006677140612725845,28,0.010997643362136685,0.0,0.0,0.07142857142857142,0.002645532807533134,2.4355852317360562,0.07142857142857142,1.0,0.6151142079786622
FANCC,6201,0.005644250927269795,36,0.005805515239477504,0.0,0.0,0.0,2546,0.013747054202670856,35,0.013747054202670856,0.0,0.0,0.08571428571428572,0.008102803275401062,2.367930086410055,0.08571428571428572,0.9722222222222222,0.6149682464025786
CAB39,6201,0.00306402193194646,20,0.0032252862441541686,0.0,0.0,0.0,2546,0.008248232521602514,22,0.00864100549882168,0.0,0.0,0.0,0.005184210589656054,2.679143754909662,0.0,1.1,0.6147170798411664
KLHL24,6201,0.009030801483631673,66,0.010643444605708756,0.0,0.0,0.015151515151515152,2546,0.018853102906520033,72,0.028279654359780047,0.0,0.0,0.013888888888888888,0.00982230142288836,2.657002070984789,-0.0012626262626262638,1.0909090909090908,0.6145814525996778
TFAP2B,6201,0.011933559103370425,81,0.013062409288824383,0.0,0.0,0.012345679012345678,2546,0.031421838177533384,80,0.031421838177533384,0.0,0.0,0.075,0.019488279074162958,2.4055162782578337,0.06265432098765432,0.9876543209876543,0.6143919711802385
CALR,6201,0.005321722302854378,33,0.005321722302854378,0.0,0.0,0.0,2546,0.01178318931657502,30,0.01178318931657502,0.0,0.0,0.13333333333333333,0.006461467013720641,2.2141683924873243,0.13333333333333333,0.9090909090909091,0.6142162791609697
CD96,6201,0.010643444605708756,73,0.011772294791162716,0.0,0.0,0.0,2546,0.0192458758837392,77,0.030243519245875882,0.0,0.0,0.025974025974025976,0.008602431278030443,2.5690419567626894,0.025974025974025976,1.0547945205479452,0.613726477018591
MKI67,6201,0.04241251411062732,368,0.0593452668924367,0.0,0.0,0.0,2546,0.08091123330714847,339,0.1331500392772977,0.0,2.0,0.09144542772861357,0.038498719196521154,2.243650525974248,0.09144542772861357,0.9211956521739131,0.6134963674607079
AGL,6201,0.019029188840509595,132,0.021286889211417512,0.0,0.0,0.0,2546,0.030636292223095052,135,0.05302435192458759,0.0,0.0,0.044444444444444446,0.011607103382585457,2.4909394415482398,0.044444444444444446,1.0227272727272727,0.6130752482181072
CTSZ,6201,0.00306402193194646,19,0.00306402193194646,0.0,0.0,0.0,2546,0.006284367635506678,16,0.006284367635506678,0.0,0.0,0.1875,0.0032203457035602174,2.051019142514574,0.1875,0.8421052631578947,0.6130488450356443
RASA1,6201,0.016771488469601678,122,0.01967424608934043,0.0,0.0,0.0,2546,0.025923016496465043,115,0.045168892380204245,0.0,0.0,0.10434782608695652,0.009151528026863365,2.2958385381118567,0.10434782608695652,0.9426229508196722,0.6130127971778422
CROCC,6201,0.02160941783583293,145,0.023383325270117723,0.0,0.0,0.006896551724137931,2546,0.059308719560094265,152,0.05970149253731343,0.0,1.0,0.006578947368421052,0.037699301724261336,2.553165208440556,-0.00031760435571687867,1.0482758620689656,0.6127085397724662
RSL1D1,6201,0.006450572488308337,44,0.007095629737139171,0.0,0.0,0.0,2546,0.01767478397486253,45,0.01767478397486253,0.0,0.0,0.044444444444444446,0.011224211486554194,2.4909394415482398,0.044444444444444446,1.0227272727272727,0.612692356322076
RPA3,6201,0.001451378809869376,10,0.0016126431220770843,0.0,0.0,0.0,2546,0.00432050274941084,11,0.00432050274941084,0.0,0.0,0.0,0.002869123939541464,2.679143754909662,0.0,1.1,0.6124019931910518
L1CAM,6201,0.022899532333494597,158,0.02547976132881793,0.0,0.0,0.006329113924050633,2546,0.036920659858601726,167,0.06559308719560095,0.0,0.0,0.023952095808383235,0.01402112752510713,2.5743210993665917,0.017622981884332603,1.0569620253164558,0.612272184686666
ITGB7,6201,0.007901951298177712,52,0.008385744234800839,0.0,0.0,0.0,2546,0.020816967792615867,55,0.021602513747054203,0.0,0.0,0.01818181818181818,0.012915016494438155,2.5760997643362136,0.01818181818181818,1.0576923076923077,0.6122224093427385
GCLM,6201,0.0032252862441541686,20,0.0032252862441541686,0.0,0.0,0.0,2546,0.00589159465828751,22,0.00864100549882168,0.0,0.0,0.0,0.002666308414133341,2.679143754909662,0.0,1.1,0.6121991776656437
BCL2,6201,0.0032252862441541686,21,0.003386550556361877,0.0,0.0,0.0,2546,0.009033778476040848,23,0.009033778476040848,0.0,0.0,0.0,0.00580849223188668,2.6675457299966334,0.0,1.0952380952380953,0.6121840116126078
UCK2,6201,0.004676665054023544,29,0.004676665054023544,0.0,0.0,0.0,2546,0.006677140612725845,29,0.011390416339355853,0.0,0.0,0.06896551724137931,0.0020004755587023004,2.4355852317360567,0.06896551724137931,1.0,0.6120060965426394
UBR7,6201,0.004031607805192711,26,0.0041928721174004195,0.0,0.0,0.0,2546,0.010604870384917517,27,0.010604870384917517,0.0,0.0,0.037037037037037035,0.006573262579724806,2.5292615868028276,0.037037037037037035,1.0384615384615385,0.6115517859115416
PTPRG,6201,0.017900338655055636,127,0.02048056765037897,0.0,0.0,0.007874015748031496,2546,0.0384917517674784,129,0.05066771406127259,0.0,0.0,0.046511627906976744,0.02059141311242276,2.473940904676782,0.03863761215894525,1.015748031496063,0.6113715016420656
TIMM50,6201,0.004837929366231253,31,0.004999193678438961,0.0,0.0,0.0,2546,0.00864100549882168,34,0.01335428122545169,0.0,0.0,0.0,0.003803076132590427,2.671287028355675,0.0,1.096774193548387,0.6111981850873874
VTN,6201,0.006934365424931463,46,0.007418158361554588,0.0,0.0,0.0,2546,0.01728201099764336,44,0.01728201099764336,0.0,0.0,0.09090909090909091,0.010347645572711898,2.329690221660576,0.09090909090909091,0.9565217391304348,0.6109888290586185
NKX2-5,6201,0.005321722302854378,34,0.005482986615062087,0.0,0.0,0.0,2546,0.014532600157109192,37,0.014532600157109192,0.0,0.0,0.0,0.009210877854254814,2.650489811006885,0.0,1.088235294117647,0.6109250506818004
HERC6,6201,0.011127237542331882,82,0.013223673601032092,0.0,0.0,0.0,2546,0.02356637863315004,86,0.03377847604084839,0.0,0.0,0.023255813953488372,0.012439141090818156,2.554394267430498,0.023255813953488372,1.048780487804878,0.6107324343132869
TENT5A,6201,0.0,0,0.0,0.0,0.0,0.0,2546,0.009819324430479183,25,0.009819324430479183,0.0,0.0,0.6,0.009819324430479183,,0.6,,0.6098193244304791
YKT6,6201,0.0019351717464925011,13,0.0020964360587002098,0.0,0.0,0.0,2546,0.00432050274941084,11,0.00432050274941084,0.0,0.0,0.18181818181818182,0.0023853310029183393,2.0608798114689706,0.18181818181818182,0.8461538461538461,0.6097587269873638
PNN,6201,0.008063215610385421,53,0.008547008547008548,0.0,0.0,0.018867924528301886,2546,0.020031421838177535,56,0.02199528672427337,0.0,0.0,0.03571428571428571,0.011968206227792114,2.573448546739984,0.016846361185983826,1.0566037735849056,0.609198495866428
ITGB4,6201,0.02144815352362522,156,0.025157232704402517,0.0,0.0,0.0,2546,0.04948939512961508,165,0.06480754124116261,0.0,0.0,0.0,0.02804124160598986,2.5760997643362136,0.0,1.0576923076923077,0.609166816272472
LYN,6201,0.009192065795839382,63,0.010159651669085631,0.0,0.0,0.0,2546,0.013747054202670856,63,0.02474469756480754,0.0,0.0,0.06349206349206349,0.004554988406831474,2.4355852317360567,0.06349206349206349,1.0,0.6090871556414527
YTHDC1,6201,0.011449766166747298,84,0.013546202225447508,0.0,0.0,0.0,2546,0.021209740769835034,79,0.031029065200314218,0.0,0.0,0.10126582278481013,0.009759974603087735,2.290609920323196,0.10126582278481013,0.9404761904761905,0.6089515505398234
IDI1,6201,0.003709079180777294,25,0.004031607805192711,0.0,0.0,0.0,2546,0.004713275726630008,26,0.01021209740769835,0.0,0.0,0.038461538461538464,0.0010041965458527143,2.533008641005499,0.038461538461538464,1.04,0.6084683686197929
NT5E,6201,0.0077406869859700045,49,0.007901951298177712,0.0,0.0,0.0,2546,0.018460329929300863,53,0.020816967792615867,0.0,0.0,0.0,0.01071964294333086,2.634408515959408,0.0,1.0816326530612246,0.6080188409978373
GP9,6201,0.00306402193194646,23,0.003709079180777294,0.0,0.0,0.0,2546,0.009819324430479183,25,0.009819324430479183,0.0,0.0,0.0,0.006755302498532722,2.647375251887018,0.0,1.0869565217391304,0.6076159217779874
HS2ST1,6201,0.0043541364296081275,28,0.004515400741815836,0.0,0.0,0.0,2546,0.011390416339355853,29,0.011390416339355853,0.0,0.0,0.034482758620689655,0.007036279909747725,2.522570418583773,0.034482758620689655,1.0357142857142858,0.6075628136426411
ARFIP1,6201,0.004999193678438961,33,0.005321722302854378,0.0,0.0,0.0,2546,0.009033778476040848,36,0.014139827179890024,0.0,0.0,0.0,0.004034584797601887,2.657002070984789,0.0,1.0909090909090908,0.607531109711765
OVOL2,6201,0.0035478148685695854,22,0.0035478148685695854,0.0,0.0,0.0,2546,0.007462686567164179,24,0.009426551453260016,0.0,0.0,0.0,0.003914871698594594,2.657002070984789,0.0,1.0909090909090908,0.6074113966127578
KIF18B,6201,0.008547008547008548,63,0.010159651669085631,0.0,0.0,0.0,2546,0.019638648860958365,68,0.02670856245090338,0.0,0.0,0.0,0.011091640313949817,2.6288856469532043,0.0,1.0793650793650793,0.606870076591023
CROT,6201,0.009998387356877922,67,0.010804708917916465,0.0,0.0,0.0,2546,0.01610369206598586,67,0.02631578947368421,0.0,0.0,0.05970149253731343,0.006105304709107936,2.4355852317360567,0.05970149253731343,1.0,0.6068469009889791
DGKG,6201,0.015481373971940009,111,0.017900338655055636,0.0,0.0,0.0,2546,0.029065200314218383,118,0.046347211311861744,0.0,0.0,0.00847457627118644,0.013583826342278374,2.5891806968004927,0.00847457627118644,1.063063063063063,0.606835180346557
PGS1,6201,0.005805515239477504,37,0.0059667795516852125,0.0,0.0,0.0,2546,0.015710919088766692,40,0.015710919088766692,0.0,0.0,0.0,0.009905403849289188,2.6330651153903313,0.0,1.0810810810810811,0.6068348996791922
EIF4A1,6201,0.0043541364296081275,29,0.004676665054023544,0.0,0.0,0.0,2546,0.01178318931657502,30,0.01178318931657502,0.0,0.0,0.03333333333333333,0.007429052886966892,2.5195709293821276,0.03333333333333333,1.0344827586206897,0.6059542927786583
APOA4,6201,0.006773101112723754,44,0.007095629737139171,0.0,0.0,0.0,2546,0.018067556952081697,46,0.018067556952081697,0.0,0.0,0.021739130434782608,0.011294455839357943,2.546293651360423,0.021739130434782608,1.0454545454545454,0.6057894219398621
SDC3,6201,0.0059667795516852125,38,0.00612804386389292,0.0,0.0,0.0,2546,0.01610369206598586,41,0.01610369206598586,0.0,0.0,0.0,0.010136912514300645,2.6278682763467978,0.0,1.0789473684210527,0.6056349560362038
BUB1,6201,0.011611030478955007,82,0.013223673601032092,0.0,0.0,0.0,2546,0.018853102906520033,86,0.03377847604084839,0.0,0.0,0.023255813953488372,0.0072420724275650255,2.554394267430498,0.023255813953488372,1.048780487804878,0.6055353656500339
PROP1,6201,0.005644250927269795,39,0.006289308176100629,0.0,0.0,0.0,2546,0.016496465043205028,42,0.016496465043205028,0.0,0.0,0.0,0.010852214115935233,2.6229379418695995,0.0,1.0769230769230769,0.604990316387533
HES1,6201,0.003709079180777294,24,0.0038703434929850023,0.0,0.0,0.0,2546,0.01021209740769835,26,0.01021209740769835,0.0,0.0,0.0,0.006503018226921057,2.6385506677140613,0.0,1.0833333333333333,0.6049412718151926
NFKBIA,6201,0.003709079180777294,24,0.0038703434929850023,0.0,0.0,0.0,2546,0.01021209740769835,26,0.01021209740769835,0.0,0.0,0.0,0.006503018226921057,2.6385506677140613,0.0,1.0833333333333333,0.6049412718151926
UGCG,6201,0.003709079180777294,24,0.0038703434929850023,0.0,0.0,0.0,2546,0.01021209740769835,26,0.01021209740769835,0.0,0.0,0.0,0.006503018226921057,2.6385506677140613,0.0,1.0833333333333333,0.6049412718151926
NRP1,6201,0.014191259474278342,105,0.016932752781809387,0.0,0.0,0.0,2546,0.030243519245875882,108,0.04241948153967007,0.0,0.0,0.027777777777777776,0.016052259771597542,2.505173381214229,0.027777777777777776,1.0285714285714285,0.6049228430754303
EDF1,6201,0.0017739074342847927,11,0.0017739074342847927,0.0,0.0,0.0,2546,0.003142183817753339,12,0.004713275726630008,0.0,0.0,0.0,0.001368276383468546,2.657002070984789,0.0,1.0909090909090908,0.6048648012976318
RXRG,6201,0.009998387356877922,70,0.01128850185453959,0.0,0.0,0.014285714285714285,2546,0.019638648860958365,74,0.029065200314218383,0.0,0.0,0.0,0.009640261504080443,2.574761530692403,-0.014285714285714285,1.0571428571428572,0.6046772644495372
HLA-DRB1,6201,0.0077406869859700045,59,0.009514594420254797,0.0,0.0,0.0,2546,0.024351924587588374,63,0.02474469756480754,0.0,0.0,0.0,0.01661123760161837,2.6007096542266366,0.0,1.0677966101694916,0.604595009250992
KCNN1,6201,0.00822447992259313,59,0.009514594420254797,0.0,0.0,0.0,2546,0.02474469756480754,63,0.02474469756480754,0.0,0.0,0.0,0.01652021764221441,2.6007096542266366,0.0,1.0677966101694916,0.604503989291588
AKR1C2,6201,0.0035478148685695854,23,0.003709079180777294,0.0,0.0,0.0,2546,0.007069913589945012,25,0.009819324430479183,0.0,0.0,0.0,0.0035220987213754264,2.647375251887018,0.0,1.0869565217391304,0.6043827180008301
PAPSS2,6201,0.007418158361554588,51,0.00822447992259313,0.0,0.0,0.0,2546,0.015710919088766692,55,0.021602513747054203,0.0,0.0,0.0,0.008292760727212104,2.6266115244212376,0.0,1.0784313725490196,0.6034443281481
ELMOD3,6201,0.0038703434929850023,24,0.0038703434929850023,0.0,0.0,0.0,2546,0.009033778476040848,23,0.009033778476040848,0.0,0.0,0.08695652173913043,0.0051634349830558465,2.3341025137470544,0.08695652173913043,0.9583333333333334,0.6031763079926553
SC5D,6201,0.0038703434929850023,24,0.0038703434929850023,0.0,0.0,0.0,2546,0.009033778476040848,23,0.009033778476040848,0.0,0.0,0.08695652173913043,0.0051634349830558465,2.3341025137470544,0.08695652173913043,0.9583333333333334,0.6031763079926553
TRAFD1,6201,0.005805515239477504,38,0.00612804386389292,0.0,0.0,0.0,2546,0.014925373134328358,38,0.014925373134328358,0.0,0.0,0.05263157894736842,0.009119857894850855,2.4355852317360567,0.05263157894736842,1.0,0.602791540584777
SRC,6201,0.006289308176100629,41,0.006611836800516046,0.0,0.0,0.0,2546,0.01728201099764336,44,0.01728201099764336,0.0,0.0,0.0,0.010992702821542731,2.613798785277719,0.0,1.0731707317073171,0.6026050364227935
CHPT1,6201,0.004031607805192711,25,0.004031607805192711,0.0,0.0,0.0,2546,0.01021209740769835,27,0.010604870384917517,0.0,0.0,0.0,0.00618048960250564,2.630432050274941,0.0,1.08,0.6023849723510586
CAP2,6201,0.009837123044670215,72,0.011611030478955007,0.0,0.0,0.0,2546,0.013747054202670856,78,0.030636292223095052,0.0,0.0,0.0,0.0039099311580006405,2.6385506677140613,0.0,1.0833333333333333,0.6023481847462723
WDR90,6201,0.01628769553297855,114,0.018384131591678763,0.0,0.0,0.0,2546,0.046347211311861744,119,0.04673998428908091,0.0,0.0,0.0,0.030059515778883193,2.5424091454086906,0.0,1.043859649122807,0.6017193804462647
CXCL6,6201,0.0019351717464925011,12,0.0019351717464925011,0.0,0.0,0.0,2546,0.005106048703849175,13,0.005106048703849175,0.0,0.0,0.0,0.0031708769573566744,2.6385506677140613,0.0,1.0833333333333333,0.6016091305456283
LAP3,6201,0.005805515239477504,42,0.006773101112723754,0.0,0.0,0.0,2546,0.016889238020424194,45,0.01767478397486253,0.0,0.0,0.0,0.01108372278094669,2.6095556054314892,0.0,1.0714285714285714,0.6015212059997352
GPD1L,6201,0.003709079180777294,25,0.004031607805192711,0.0,0.0,0.0,2546,0.009426551453260016,24,0.009426551453260016,0.0,0.0,0.08333333333333333,0.0057174722724827225,2.3381618224666147,0.08333333333333333,0.96,0.6013239279800187
PNMT,6201,0.0035478148685695854,22,0.0035478148685695854,0.0,0.0,0.0,2546,0.007462686567164179,19,0.007462686567164179,0.0,0.0,0.15789473684210525,0.003914871698594594,2.103459972862958,0.15789473684210525,0.8636363636363636,0.6011800373510627
CSRP3,6201,0.0024189646831156266,18,0.002902757619738752,0.0,0.0,0.0,2546,0.006677140612725845,18,0.007069913589945012,0.0,0.0,0.05555555555555555,0.004258175929610218,2.4355852317360567,0.05555555555555555,1.0,0.6008538352277235
BPGM,6201,0.002902757619738752,18,0.002902757619738752,0.0,0.0,0.0,2546,0.007069913589945012,18,0.007069913589945012,0.0,0.0,0.05555555555555555,0.00416715597020626,2.4355852317360567,0.05555555555555555,1.0,0.6007628152683195
GRHPR,6201,0.004031607805192711,26,0.0041928721174004195,0.0,0.0,0.0,2546,0.010604870384917517,28,0.010997643362136685,0.0,0.0,0.0,0.006573262579724806,2.622937941869599,0.0,1.0769230769230769,0.6007113648513226
PCNT,6201,0.037413320432188354,289,0.046605386228027734,0.0,0.0,0.0,2546,0.06520031421838178,295,0.11586802827965435,0.0,1.0,0.01694915254237288,0.027786993786193426,2.4861510150938986,0.01694915254237288,1.0207612456747406,0.6003872323796379
NUP107,6201,0.012578616352201259,89,0.01435252378648605,0.0,0.0,0.0,2546,0.0192458758837392,90,0.03534956794972506,0.0,0.0,0.044444444444444446,0.00666725953153794,2.462951357935338,0.044444444444444446,1.0112359550561798,0.6000857425162864
LAMA3,6201,0.03838090630543461,325,0.05241090146750524,0.0,0.0,0.0,2546,0.059308719560094265,321,0.12608012568735272,0.0,1.0,0.04672897196261682,0.020927813254659658,2.40560879811469,0.04672897196261682,0.9876923076923076,0.5999333236115366
SIPA1L1,6201,0.02773746169972585,227,0.036606998871149814,0.0,0.0,0.0,2546,0.04595443833464258,227,0.08915946582875098,0.0,0.0,0.039647577092511016,0.018216976634916726,2.4355852317360567,0.039647577092511016,1.0,0.5989046574699854
FYN,6201,0.00725689404934688,46,0.007418158361554588,0.0,0.0,0.0,2546,0.013747054202670856,45,0.01767478397486253,0.0,0.0,0.06666666666666667,0.006490160153323976,2.3826377266983165,0.06666666666666667,0.9782608695652174,0.5986654439213597
NLGN3,6201,0.014029995162070633,105,0.016932752781809387,0.0,0.0,0.0,2546,0.018853102906520033,113,0.044383346425765906,0.0,0.0,0.0,0.0048231077444494,2.6211536303445175,0.0,1.0761904761904761,0.598468584669341
DRAM2,6201,0.002902757619738752,18,0.002902757619738752,0.0,0.0,0.0,2546,0.004713275726630008,18,0.007069913589945012,0.0,0.0,0.05555555555555555,0.0018105181068912564,2.4355852317360567,0.05555555555555555,1.0,0.5984061774050046
TBCD,6201,0.013062409288824383,89,0.01435252378648605,0.0,0.0,0.0,2546,0.03574234092694423,92,0.03613511390416339,0.0,0.0,0.010869565217391304,0.022679931638119842,2.517683610333901,0.010869565217391304,1.0337078651685394,0.598205024039548
ICOS,6201,0.0019351717464925011,13,0.0020964360587002098,0.0,0.0,0.0,2546,0.0054988216810683424,14,0.0054988216810683424,0.0,0.0,0.0,0.0035636499345758415,2.622937941869599,0.0,1.0769230769230769,0.5977017522061736
NUP205,6201,0.02064183196258668,155,0.024995968392194808,0.0,0.0,0.0,2546,0.03731343283582089,161,0.06323644933228594,0.0,0.0,0.012422360248447204,0.016671600873234212,2.5298659503839036,0.012422360248447204,1.038709677419355,0.5972066763904013
ATG4B,6201,0.0038703434929850023,29,0.004676665054023544,0.0,0.0,0.0,2546,0.01178318931657502,31,0.012175962293794187,0.0,0.0,0.0,0.007912845823590017,2.6035566270281985,0.0,1.0689655172413792,0.5966869749746483
TXNIP,6201,0.006611836800516046,46,0.007418158361554588,0.0,0.0,0.0,2546,0.010997643362136685,45,0.01767478397486253,0.0,0.0,0.06666666666666667,0.004385806561620639,2.3826377266983165,0.06666666666666667,0.9782608695652174,0.5965610903296564
DAAM1,6201,0.013223673601032092,99,0.015965166908563134,0.0,0.0,0.0,2546,0.031421838177533384,100,0.03927729772191673,0.0,0.0,0.03,0.018198164576501294,2.4601871027636935,0.03,1.0101010101010102,0.5963736475674019
VCL,6201,0.011127237542331882,73,0.011772294791162716,0.0,0.0,0.0,2546,0.02513747054202671,73,0.028672427336999214,0.0,0.0,0.0410958904109589,0.014010232999694828,2.4355852317360562,0.0410958904109589,1.0,0.5961462271532114
VAV3,6201,0.013062409288824383,91,0.014675052410901468,0.0,0.0,0.0,2546,0.02749410840534171,89,0.034956794972505895,0.0,0.0,0.056179775280898875,0.014431699116517328,2.3820558859836156,0.056179775280898875,0.978021978021978,0.5959480687141775
APOL6,6201,0.0041928721174004195,28,0.004515400741815836,0.0,0.0,0.0,2546,0.01021209740769835,27,0.010604870384917517,0.0,0.0,0.07407407407407407,0.006019225290297931,2.34860004488834,0.07407407407407407,0.9642857142857143,0.595488480249839
CHST2,6201,0.009030801483631673,63,0.010159651669085631,0.0,0.0,0.0,2546,0.025530243519245877,65,0.025530243519245877,0.0,0.0,0.015384615384615385,0.016499442035614202,2.5129053978229154,0.015384615384615385,1.0317460317460319,0.5951803206105595
NOC4L,6201,0.005805515239477504,39,0.006289308176100629,0.0,0.0,0.02564102564102564,2546,0.015710919088766692,40,0.015710919088766692,0.0,0.0,0.0,0.009905403849289188,2.498036135113904,-0.02564102564102564,1.0256410256410255,0.5946009556946654
IPO4,6201,0.009030801483631673,65,0.010482180293501049,0.0,0.0,0.0,2546,0.025923016496465043,67,0.02631578947368421,0.0,0.0,0.014925373134328358,0.01689221501283337,2.5105263157894733,0.014925373134328358,1.0307692307692307,0.5944363813423539
DNAJC1,6201,0.00725689404934688,49,0.007901951298177712,0.0,0.0,0.0,2546,0.018067556952081697,46,0.018067556952081697,0.0,0.0,0.08695652173913043,0.010810662902734816,2.286467768568543,0.08695652173913043,0.9387755102040817,0.5944333655344322
PDIA5,6201,0.006773101112723754,48,0.0077406869859700045,0.0,0.0,0.0,2546,0.018460329929300863,48,0.018853102906520033,0.0,0.0,0.041666666666666664,0.011687228816577109,2.4355852317360567,0.041666666666666664,1.0,0.5943939992258015
SLC12A2,6201,0.011449766166747298,88,0.014191259474278342,0.0,0.0,0.0,2546,0.030243519245875882,85,0.03338570306362922,0.0,0.0,0.058823529411764705,0.018793753079128582,2.352553917017782,0.058823529411764705,0.9659090909090909,0.5941925206055314
MAP3K7,6201,0.006934365424931463,51,0.00822447992259313,0.0,0.0,0.0,2546,0.018460329929300863,54,0.021209740769835034,0.0,0.0,0.0,0.0115259645043694,2.578854951249942,0.0,1.0588235294117647,0.5934216871758162
ATP2B1,6201,0.015320109659732302,120,0.019351717464925013,0.0,0.0,0.0,2546,0.022780832678711706,122,0.047918303220738416,0.0,0.0,0.03278688524590164,0.007460723018979404,2.4761783189316575,0.03278688524590164,1.0166666666666666,0.5930339338301557
COCH,6201,0.008869537171423964,59,0.009514594420254797,0.0,0.0,0.0,2546,0.013747054202670856,63,0.02474469756480754,0.0,0.0,0.0,0.004877517031246892,2.6007096542266366,0.0,1.0677966101694916,0.5928612886806204
HSDL2,6201,0.004999193678438961,32,0.00516045799064667,0.0,0.0,0.0,2546,0.006677140612725845,28,0.010997643362136685,0.0,0.0,0.14285714285714285,0.0016779469342868836,2.1311370777690493,0.14285714285714285,0.875,0.5927841314443086
POLR2A,6201,0.018706660216094177,150,0.024189646831156264,0.0,0.0,0.0,2546,0.05498821681068342,143,0.05616653574234093,0.0,1.0,0.04895104895104895,0.036281556594589245,2.321924587588374,0.04895104895104895,0.9533333333333334,0.5926297350125564
CHST3,6201,0.00612804386389292,41,0.006611836800516046,0.0,0.0,0.0,2546,0.016496465043205028,42,0.016496465043205028,0.0,0.0,0.023809523809523808,0.010368421179312108,2.4949897495832776,0.023809523809523808,1.024390243902439,0.5923612072300422
IL4,6201,0.002580228995323335,16,0.002580228995323335,0.0,0.0,0.0,2546,0.003534956794972506,14,0.0054988216810683424,0.0,0.0,0.14285714285714285,0.0009547277996491709,2.1311370777690493,0.14285714285714285,0.875,0.592060912309671
PARP9,6201,0.010965973230124174,77,0.01241735203999355,0.0,0.0,0.0,2546,0.018460329929300863,76,0.029850746268656716,0.0,0.0,0.05263157894736842,0.007494356699176689,2.403954254700523,0.05263157894736842,0.987012987012987,0.5919165270178045
COL6A2,6201,0.020319303338171262,153,0.02467343976777939,0.0,0.0,0.006535947712418301,2546,0.0600942655145326,154,0.060487038491751764,0.0,1.0,0.012987012987012988,0.03977496217636134,2.4515040894598217,0.006451065274594687,1.0065359477124183,0.591888950887229
MIOX,6201,0.004999193678438961,33,0.005321722302854378,0.0,0.0,0.0,2546,0.01335428122545169,35,0.013747054202670856,0.0,0.0,0.0,0.008355087547012727,2.5831964579018782,0.0,1.0606060606060606,0.5914631743682506
PTPRD,6201,0.045476536042573776,390,0.06289308176100629,0.0,0.0,0.0,2546,0.05420267085624509,384,0.15082482325216026,0.0,1.0,0.052083333333333336,0.008726134813671314,2.3981146897093484,0.052083333333333336,0.9846153846153847,0.5908830623888542
RAD1,6201,0.0024189646831156266,17,0.0027414933075310434,0.0,0.0,0.0,2546,0.00589159465828751,15,0.00589159465828751,0.0,0.0,0.13333333333333333,0.003472629975171883,2.149045792708285,0.13333333333333333,0.8823529411764706,0.5907582667459262
NDUFS8,6201,0.0024189646831156266,15,0.0024189646831156266,0.0,0.0,0.0,2546,0.00589159465828751,16,0.006284367635506678,0.0,0.0,0.0,0.003472629975171883,2.5979575805184605,0.0,1.0666666666666667,0.5906917951348967
ESR2,6201,0.009675858732462506,62,0.009998387356877922,0.0,0.0,0.0,2546,0.021209740769835034,61,0.023959151610369208,0.0,0.0,0.04918032786885246,0.011533882037372527,2.3963015989661205,0.04918032786885246,0.9838709677419355,0.5902541039126957
EDN2,6201,0.0024189646831156266,15,0.0024189646831156266,0.0,0.0,0.0,2546,0.004713275726630008,16,0.006284367635506678,0.0,0.0,0.0,0.0022943110435143816,2.5979575805184605,0.0,1.0666666666666667,0.5895134762032392
MRPS30,6201,0.006773101112723754,45,0.00725689404934688,0.0,0.0,0.0,2546,0.016889238020424194,43,0.016889238020424194,0.0,0.0,0.06976744186046512,0.01011613690770044,2.327336999214454,0.06976744186046512,0.9555555555555556,0.5889086823344029
LIPE,6201,0.013707466537655217,93,0.014997581035316884,0.0,0.0,0.0,2546,0.03613511390416339,92,0.03613511390416339,0.0,0.0,0.03260869565217391,0.022427647366508176,2.4093961432227657,0.03260869565217391,0.989247311827957,0.5884243539740261
MOV10,6201,0.010643444605708756,81,0.013062409288824383,0.0,0.0,0.012345679012345678,2546,0.019638648860958365,84,0.032992930086410056,0.0,0.0,0.0,0.00899520425524961,2.5257920921707253,-0.012345679012345678,1.037037037037037,0.588298820727833
AP1G1,6201,0.009998387356877922,71,0.011449766166747298,0.0,0.0,0.0,2546,0.018853102906520033,72,0.028279654359780047,0.0,0.0,0.027777777777777776,0.00885471554964211,2.469889249084452,0.027777777777777776,1.0140845070422535,0.5876079895265345
ITGA3,6201,0.010965973230124174,74,0.011933559103370425,0.0,0.0,0.0,2546,0.029065200314218383,74,0.029065200314218383,0.0,0.0,0.02702702702702703,0.01809922708409421,2.4355852317360567,0.02702702702702703,1.0,0.586166357853679
HEXIM1,6201,0.0043541364296081275,29,0.004676665054023544,0.0,0.0,0.0,2546,0.01021209740769835,26,0.01021209740769835,0.0,0.0,0.11538461538461539,0.005857960978090223,2.183628138797844,0.11538461538461539,0.896551724137931,0.5861168663857798
MAST3,6201,0.013062409288824383,98,0.015803902596355425,0.0,0.0,0.0,2546,0.037706205813040065,98,0.0384917517674784,0.0,0.0,0.02040816326530612,0.02464379652421568,2.4355852317360567,0.02040816326530612,1.0,0.5860920635320795
TTPA,6201,0.004515400741815836,29,0.004676665054023544,0.0,0.0,0.0,2546,0.01021209740769835,26,0.01021209740769835,0.0,0.0,0.11538461538461539,0.005696696665882514,2.183628138797844,0.11538461538461539,0.896551724137931,0.585955602073572
CAD,6201,0.026124818577648767,203,0.032736655378164815,0.0,0.0,0.0,2546,0.04713275726630008,201,0.07894736842105263,0.0,0.0,0.029850746268656716,0.02100793868865131,2.411589318122893,0.029850746268656716,0.9901477832512315,0.5848897628091104
SUCLA2,6201,0.004031607805192711,27,0.0043541364296081275,0.0,0.0,0.0,2546,0.010604870384917517,27,0.010604870384917517,0.0,0.0,0.037037037037037035,0.006573262579724806,2.4355852317360567,0.037037037037037035,1.0,0.5846504033593196
HSD11B2,6201,0.002902757619738752,18,0.002902757619738752,0.0,0.0,0.0,2546,0.007462686567164179,19,0.007462686567164179,0.0,0.0,0.0,0.004559928947425428,2.5708955223880596,0.0,1.0555555555555556,0.5842291593295778
CYP2J2,6201,0.005482986615062087,46,0.007418158361554588,0.0,0.0,0.0,2546,0.016496465043205028,42,0.016496465043205028,0.0,0.0,0.09523809523809523,0.011013478428142941,2.223795211585095,0.09523809523809523,0.9130434782608695,0.5836636957533862
ATRN,6201,0.014191259474278342,100,0.016126431220770843,0.0,0.0,0.0,2546,0.02670856245090338,97,0.03809897879025923,0.0,0.0,0.05154639175257732,0.012517302976625037,2.362517674783975,0.05154639175257732,0.97,0.5836065155247304
SLC22A4,6201,0.007095629737139171,45,0.00725689404934688,0.0,0.0,0.0,2546,0.018067556952081697,47,0.018460329929300863,0.0,0.0,0.0,0.010971927214942525,2.5438334642576588,0.0,1.0444444444444445,0.5830337873957732
OPTN,6201,0.00725689404934688,48,0.0077406869859700045,0.0,0.0,0.0,2546,0.019638648860958365,50,0.019638648860958365,0.0,0.0,0.0,0.012381754811611485,2.537067949725059,0.0,1.0416666666666667,0.5825326954086745
SLC30A1,6201,0.0043541364296081275,29,0.004676665054023544,0.0,0.0,0.0,2546,0.009426551453260016,24,0.009426551453260016,0.0,0.0,0.16666666666666666,0.005072415023651889,2.0156567435057022,0.16666666666666666,0.8275862068965517,0.5824095329640451
AMACR,6201,0.00612804386389292,42,0.006773101112723754,0.0,0.0,0.0,2546,0.014925373134328358,41,0.01610369206598586,0.0,0.0,0.04878048780487805,0.008797329270435437,2.377595107170912,0.04878048780487805,0.9761904761904762,0.581594586015068
MYH11,6201,0.033381712626995644,275,0.04434768585711982,0.0,0.0,0.0,2546,0.06323644933228594,272,0.10683424980361352,0.0,1.0,0.01838235294117647,0.02985473670529029,2.409015211026209,0.01838235294117647,0.9890909090909091,0.5815133642523412
ORM1,6201,0.0041928721174004195,31,0.004999193678438961,0.0,0.0,0.0,2546,0.012175962293794187,31,0.012175962293794187,0.0,0.0,0.03225806451612903,0.007983090176393768,2.4355852317360567,0.03225806451612903,1.0,0.5812812584350805
SLC25A13,6201,0.010643444605708756,72,0.011611030478955007,0.0,0.0,0.0,2546,0.018460329929300863,71,0.02788688138256088,0.0,0.0,0.04225352112676056,0.007816885323592107,2.401757659073056,0.04225352112676056,0.9861111111111112,0.5812154824863842
AMPH,6201,0.017739074342847928,127,0.02048056765037897,0.0,0.0,0.0,2546,0.03652788688138256,128,0.05027494108405342,0.0,0.0,0.015625,0.018788812538534632,2.4547630682064194,0.015625,1.0078740157480315,0.581020510350776
TULP2,6201,0.0077406869859700045,53,0.008547008547008548,0.0,0.0,0.0,2546,0.021209740769835034,55,0.021602513747054203,0.0,0.0,0.0,0.01346905378386503,2.5274941084053415,0.0,1.0377358490566038,0.5809096077775175
COQ9,6201,0.0032252862441541686,20,0.0032252862441541686,0.0,0.0,0.0,2546,0.008248232521602514,21,0.008248232521602514,0.0,0.0,0.0,0.005022946277448346,2.5573644933228596,0.0,1.05,0.5808957255516689
ADH4,6201,0.006289308176100629,39,0.006289308176100629,0.0,0.0,0.0,2546,0.01021209740769835,41,0.01610369206598586,0.0,0.0,0.0,0.003922789231597721,2.5604870384917513,0.0,1.0512820512820513,0.5806729527432519
YPEL5,6201,0.0016126431220770843,10,0.0016126431220770843,0.0,0.0,0.0,2546,0.003534956794972506,9,0.003534956794972506,0.0,0.0,0.1111111111111111,0.0019223136728954216,2.1920267085624507,0.1111111111111111,0.9,0.5805422911207436
KIF3B,6201,0.010965973230124174,74,0.011933559103370425,0.0,0.0,0.0,2546,0.02788688138256088,72,0.028279654359780047,0.0,0.0,0.041666666666666664,0.016920908152436707,2.3697586038512983,0.041666666666666664,0.972972972972973,0.5802815051531535
DNAJC3,6201,0.004515400741815836,33,0.005321722302854378,0.0,0.0,0.0,2546,0.012961508248232521,33,0.012961508248232521,0.0,0.0,0.030303030303030304,0.008446107506416684,2.4355852317360567,0.030303030303030304,1.0,0.5797892415520047
EMP2,6201,0.0032252862441541686,21,0.003386550556361877,0.0,0.0,0.0,2546,0.00864100549882168,22,0.00864100549882168,0.0,0.0,0.0,0.005415719254667512,2.5515654808663446,0.0,1.0476190476190477,0.579657025504441
UQCRB,6201,0.0032252862441541686,20,0.0032252862441541686,0.0,0.0,0.0,2546,0.006284367635506678,21,0.008248232521602514,0.0,0.0,0.0,0.003059081391352509,2.5573644933228596,0.0,1.05,0.578931860665573
PRLR,6201,0.014191259474278342,104,0.016771488469601678,0.0,0.0,0.0,2546,0.020031421838177535,86,0.03377847604084839,0.0,0.0,0.16279069767441862,0.005840162363899193,2.014041633935585,0.16279069767441862,0.8269230769230769,0.5787655931027267
PSMA7,6201,0.00306402193194646,21,0.003386550556361877,0.0,0.0,0.0,2546,0.006677140612725845,17,0.006677140612725845,0.0,0.0,0.17647058823529413,0.0036131186807793845,1.971664235214903,0.17647058823529413,0.8095238095238095,0.5760586707913136
PNPLA8,6201,0.009514594420254797,65,0.010482180293501049,0.0,0.0,0.015384615384615385,2546,0.01335428122545169,65,0.025530243519245877,0.0,0.0,0.046153846153846156,0.003839686805196892,2.4355852317360567,0.03076923076923077,1.0,0.5756490213169854
CLDN11,6201,0.0035478148685695854,22,0.0035478148685695854,0.0,0.0,0.0,2546,0.006284367635506678,23,0.009033778476040848,0.0,0.0,0.0,0.002736552766937092,2.546293651360423,0.0,1.0454545454545454,0.5754923884326586
CD14,6201,0.0035478148685695854,26,0.0041928721174004195,0.0,0.0,0.0,2546,0.01021209740769835,27,0.010604870384917517,0.0,0.0,0.0,0.006664282539128765,2.5292615868028276,0.0,1.0384615384615385,0.5746057688339085
CHUK,6201,0.0077406869859700045,52,0.008385744234800839,0.0,0.0,0.0,2546,0.01767478397486253,46,0.018067556952081697,0.0,0.0,0.10869565217391304,0.009934096988892527,2.154556166535742,0.10869565217391304,0.8846153846153846,0.5743303784833291
CDC5L,6201,0.010159651669085631,76,0.01225608772778584,0.0,0.0,0.0,2546,0.025923016496465043,67,0.02631578947368421,0.0,0.0,0.1044776119402985,0.01576336482737941,2.1471606648199444,0.1044776119402985,0.881578947368421,0.573594466313786
PTGIR,6201,0.007095629737139171,50,0.008063215610385421,0.0,0.0,0.0,2546,0.019638648860958365,50,0.019638648860958365,0.0,0.0,0.02,0.012543019123819193,2.4355852317360567,0.02,1.0,0.5735831228663769
FIS1,6201,0.0019351717464925011,12,0.0019351717464925011,0.0,0.0,0.0,2546,0.00432050274941084,11,0.00432050274941084,0.0,0.0,0.09090909090909091,0.0023853310029183393,2.2326197957580516,0.09090909090909091,0.9166666666666666,0.5734401321151827
SLIT2,6201,0.03692952749556523,299,0.04821802935010482,0.0,0.0,0.0,2546,0.05498821681068342,292,0.11468970934799685,0.0,1.0,0.030821917808219176,0.01805868931511819,2.378564841695413,0.030821917808219176,0.9765886287625418,0.5731844428402256
EIF5,6201,0.005482986615062087,36,0.005805515239477504,0.0,0.0,0.0,2546,0.012175962293794187,31,0.012175962293794187,0.0,0.0,0.12903225806451613,0.0066929756787321,2.0973095051060486,0.12903225806451613,0.8611111111111112,0.5731118862510759
TLR8,6201,0.0172552814062248,119,0.019190453152717304,0.0,0.0,0.0,2546,0.02631578947368421,117,0.04595443833464258,0.0,0.0,0.03418803418803419,0.009060508067459408,2.394651026160661,0.03418803418803419,0.9831932773109243,0.5723023268958481
INPPL1,6201,0.015481373971940009,110,0.017739074342847928,0.0,0.0,0.0,2546,0.0408483896307934,108,0.04241948153967007,0.0,0.0,0.018518518518518517,0.025367015658853395,2.39130186388631,0.018518518518518517,0.9818181818181818,0.5719522319338202
MOCOS,6201,0.011611030478955007,81,0.013062409288824383,0.0,0.0,0.0,2546,0.027101335428122545,72,0.028279654359780047,0.0,0.0,0.09722222222222222,0.015490304949167538,2.1649646504320503,0.09722222222222222,0.8888888888888888,0.5717072332453853
AP2B1,6201,0.010965973230124174,72,0.011611030478955007,0.0,0.0,0.0,2546,0.016889238020424194,60,0.02356637863315004,0.0,0.0,0.15,0.005923264790300021,2.029654359780047,0.15,0.8333333333333334,0.571224624564997
HTATIP2,6201,0.003386550556361877,25,0.004031607805192711,0.0,0.0,0.0,2546,0.0054988216810683424,26,0.01021209740769835,0.0,0.0,0.0,0.0021122711247064654,2.533008641005499,0.0,1.04,0.5711149047371082
INHBE,6201,0.004837929366231253,31,0.004999193678438961,0.0,0.0,0.0,2546,0.012175962293794187,32,0.012568735271013355,0.0,0.0,0.0,0.007338032927562934,2.5141524972759295,0.0,1.032258064516129,0.5709892382529155
SOS1,6201,0.017094017094017096,115,0.01854539590388647,0.0,0.0,0.008695652173913044,2546,0.025530243519245877,117,0.04595443833464258,0.0,0.0,0.0,0.00843622642522878,2.477943235766249,-0.008695652173913044,1.017391304347826,0.5704257928968257
MVP,6201,0.011449766166747298,83,0.0133849379132398,0.0,0.0,0.0,2546,0.02356637863315004,85,0.03338570306362922,0.0,0.0,0.0,0.01211661246640274,2.494274032500781,0.0,1.0240963855421688,0.5700950699936037
S100A12,6201,0.0017739074342847927,12,0.0019351717464925011,0.0,0.0,0.0,2546,0.003534956794972506,9,0.003534956794972506,0.0,0.0,0.2222222222222222,0.0017610493606877132,1.8266889238020425,0.2222222222222222,0.75,0.5699421261142386
CASP2,6201,0.005805515239477504,43,0.006934365424931463,0.0,0.0,0.0,2546,0.011390416339355853,43,0.016889238020424194,0.0,0.0,0.023255813953488372,0.005584901099878349,2.4355852317360562,0.023255813953488372,1.0,0.5698808187959244
IL12RB1,6201,0.012901144976616674,93,0.014997581035316884,0.0,0.0,0.0,2546,0.0204241948153967,90,0.03534956794972506,0.0,0.0,0.044444444444444446,0.007523049838780027,2.357017966196184,0.044444444444444446,0.967741935483871,0.5698733835675004
CASP3,6201,0.0038703434929850023,25,0.004031607805192711,0.0,0.0,0.0,2546,0.004713275726630008,26,0.01021209740769835,0.0,0.0,0.0,0.0008429322336450059,2.533008641005499,0.0,1.04,0.5698455658460467
RAD51,6201,0.0041928721174004195,26,0.0041928721174004195,0.0,0.0,0.0,2546,0.0054988216810683424,24,0.009426551453260016,0.0,0.0,0.08333333333333333,0.001305949563667923,2.248232521602514,0.08333333333333333,0.9230769230769231,0.5696031112374412
NUDT11,6201,0.0019351717464925011,14,0.002257700370907918,0.0,0.0,0.0,2546,0.005106048703849175,13,0.005106048703849175,0.0,0.0,0.07692307692307693,0.0031708769573566744,2.261614858040624,0.07692307692307693,0.9285714285714286,0.5691692012783904
MXD1,6201,0.0043541364296081275,27,0.0043541364296081275,0.0,0.0,0.0,2546,0.006284367635506678,28,0.010997643362136685,0.0,0.0,0.0,0.00193023120589855,2.5257920921707253,0.0,1.037037037037037,0.5688881686661362
SERPINH1,6201,0.0059667795516852125,40,0.006450572488308337,0.0,0.0,0.0,2546,0.01610369206598586,41,0.01610369206598586,0.0,0.0,0.0,0.010136912514300645,2.4964748625294577,0.0,1.025,0.5687450107665319
KRT1,6201,0.012578616352201259,93,0.014997581035316884,0.0,0.0,0.0,2546,0.03260015710919089,85,0.03338570306362922,0.0,0.0,0.07058823529411765,0.02002154075698963,2.226072523629729,0.07058823529411765,0.9139784946236559,0.5687280559178433
BST2,6201,0.002257700370907918,14,0.002257700370907918,0.0,0.0,0.0,2546,0.004713275726630008,13,0.005106048703849175,0.0,0.0,0.07692307692307693,0.00245557535572209,2.261614858040624,0.07692307692307693,0.9285714285714286,0.5684538996767559
IL23A,6201,0.0019351717464925011,15,0.0024189646831156266,0.0,0.0,0.0,2546,0.0054988216810683424,14,0.0054988216810683424,0.0,0.0,0.07142857142857142,0.0035636499345758415,2.273212882953653,0.07142857142857142,0.9333333333333333,0.567617076356089
ILVBL,6201,0.008708272859216255,57,0.009192065795839382,0.0,0.0,0.0,2546,0.022780832678711706,58,0.022780832678711706,0.0,0.0,0.0,0.01407255981949545,2.47831479720511,0.0,1.0175438596491229,0.5674733020805625
NADSYN1,6201,0.008547008547008548,56,0.009030801483631673,0.0,0.0,0.0,2546,0.022388059701492536,57,0.022388059701492536,0.0,0.0,0.0,0.013841051154483988,2.4790778251599144,0.0,1.0178571428571428,0.567461136493994
MEFV,6201,0.02048056765037897,142,0.022899532333494597,0.0,0.0,0.0,2546,0.045168892380204245,138,0.05420267085624509,0.0,0.0,0.021739130434782608,0.024688324729825274,2.366977197039266,0.021739130434782608,0.971830985915493,0.5672956422745563
IGSF6,6201,0.0024189646831156266,15,0.0024189646831156266,0.0,0.0,0.0,2546,0.0054988216810683424,14,0.0054988216810683424,0.0,0.0,0.07142857142857142,0.003079856997952716,2.273212882953653,0.07142857142857142,0.9333333333333333,0.567133283419466
GLS,6201,0.0059667795516852125,42,0.006773101112723754,0.0,0.0,0.0,2546,0.015318146111547526,40,0.015710919088766692,0.0,0.0,0.05,0.009351366559862313,2.3196049826057683,0.05,0.9523809523809523,0.5660499807066557
SNX24,6201,0.0024189646831156266,16,0.002580228995323335,0.0,0.0,0.0,2546,0.00589159465828751,15,0.00589159465828751,0.0,0.0,0.06666666666666667,0.003472629975171883,2.2833611547525527,0.06666666666666667,0.9375,0.5658597560905771
ATP6V1C1,6201,0.0041928721174004195,27,0.0043541364296081275,0.0,0.0,0.0,2546,0.009033778476040848,23,0.009033778476040848,0.0,0.0,0.13043478260869565,0.004840906358640429,2.0747577899973817,0.13043478260869565,0.8518518518518519,0.5653546390830247
TSN,6201,0.0024189646831156266,16,0.002580228995323335,0.0,0.0,0.0,2546,0.00432050274941084,11,0.00432050274941084,0.0,0.0,0.2727272727272727,0.0019015380662952136,1.6744648468185388,0.2727272727272727,0.6875,0.565230933303371
PCSK9,6201,0.009192065795839382,58,0.009353330108047089,0.0,0.0,0.0,2546,0.02199528672427337,56,0.02199528672427337,0.0,0.0,0.03571428571428571,0.012803220928433988,2.351599534089986,0.03571428571428571,0.9655172413793104,0.5648080308285363
MRTO4,6201,0.0027414933075310434,18,0.002902757619738752,0.0,0.0,0.0,2546,0.006677140612725845,17,0.006677140612725845,0.0,0.0,0.058823529411764705,0.003935647305194801,2.3002749410840537,0.058823529411764705,0.9444444444444444,0.5636177766389233
CSNK2A2,6201,0.002902757619738752,18,0.002902757619738752,0.0,0.0,0.0,2546,0.006284367635506678,17,0.006677140612725845,0.0,0.0,0.058823529411764705,0.0033816100157679258,2.3002749410840537,0.058823529411764705,0.9444444444444444,0.5630637393494964
GNPDA1,6201,0.0027414933075310434,19,0.00306402193194646,0.0,0.0,0.0,2546,0.007069913589945012,18,0.007069913589945012,0.0,0.0,0.05555555555555555,0.0043284202824139684,2.3073965353288957,0.05555555555555555,0.9473684210526315,0.5628981299601543
PSMD7,6201,0.002902757619738752,19,0.00306402193194646,0.0,0.0,0.0,2546,0.007069913589945012,18,0.007069913589945012,0.0,0.0,0.05555555555555555,0.00416715597020626,2.3073965353288957,0.05555555555555555,0.9473684210526315,0.5627368656479466
SULT1A1,6201,0.006934365424931463,58,0.009353330108047089,0.0,0.0,0.0,2546,0.01610369206598586,59,0.023173605655930872,0.0,0.0,0.0,0.009169326641054396,2.477578080559092,0.0,1.0172413793103448,0.5623582437168521
PRC1,6201,0.009192065795839382,61,0.009837123044670215,0.0,0.0,0.01639344262295082,2546,0.012961508248232521,58,0.022780832678711706,0.0,0.0,0.06896551724137931,0.00376944245239314,2.315802351486742,0.052572074618428485,0.9508196721311475,0.5618939675101424
PSIP1,6201,0.008063215610385421,54,0.008708272859216255,0.0,0.0,0.0,2546,0.010997643362136685,37,0.014532600157109192,0.0,0.0,0.2702702702702703,0.0029344277517512635,1.6688269180413722,0.2702702702702703,0.6851851851851852,0.5616965367900588
ZAP70,6201,0.012739880664408966,91,0.014675052410901468,0.0,0.0,0.0,2546,0.025530243519245877,92,0.03613511390416339,0.0,0.0,0.0,0.012790362854836911,2.4623499046122768,0.0,1.010989010989011,0.5615907040203202
SDHC,6201,0.0020964360587002098,14,0.002257700370907918,0.0,0.0,0.07142857142857142,2546,0.003142183817753339,13,0.005106048703849175,0.0,0.0,0.0,0.001045747759053129,2.261614858040624,-0.07142857142857142,0.9285714285714286,0.5615495665855814
GGH,6201,0.0032252862441541686,21,0.003386550556361877,0.0,0.0,0.0,2546,0.007855459544383346,20,0.007855459544383346,0.0,0.0,0.05,0.004630173300229178,2.3196049826057683,0.05,0.9523809523809523,0.5613287874470225
PSMB10,6201,0.0032252862441541686,21,0.003386550556361877,0.0,0.0,0.0,2546,0.007855459544383346,20,0.007855459544383346,0.0,0.0,0.05,0.004630173300229178,2.3196049826057683,0.05,0.9523809523809523,0.5613287874470225
IL12RB2,6201,0.010159651669085631,71,0.011449766166747298,0.0,0.0,0.0,2546,0.0204241948153967,72,0.028279654359780047,0.0,0.0,0.0,0.01026454314631107,2.469889249084452,0.0,1.0140845070422535,0.5612400393454257
RIOK3,6201,0.00612804386389292,46,0.007418158361554588,0.0,0.0,0.0,2546,0.010997643362136685,47,0.018460329929300863,0.0,0.0,0.0,0.0048695994982437645,2.488532736773797,0.0,1.0217391304347827,0.5612036474891559
PDPN,6201,0.0059667795516852125,43,0.006934365424931463,0.0,0.0,0.0,2546,0.009033778476040848,44,0.01728201099764336,0.0,0.0,0.0,0.003066998924355636,2.4922267487531737,0.0,1.0232558139534884,0.5604593880117735
PEBP1,6201,0.002257700370907918,14,0.002257700370907918,0.0,0.0,0.0,2546,0.00432050274941084,11,0.00432050274941084,0.0,0.0,0.18181818181818182,0.002062802378502922,1.9136741106497586,0.18181818181818182,0.7857142857142857,0.5601486694143378
DCT,6201,0.012901144976616674,89,0.01435252378648605,0.0,0.0,0.011235955056179775,2546,0.020816967792615867,86,0.03377847604084839,0.0,0.0,0.046511627906976744,0.007915822815999193,2.353486853138212,0.03527567285079697,0.9662921348314607,0.5600449713163447
KLRK1,6201,0.00516045799064667,33,0.005321722302854378,0.0,0.0,0.0,2546,0.0007855459544383347,2,0.0007855459544383347,0.0,0.0,0.0,-0.004374912036208335,0.14761122616582162,0.0,0.06060606060606061,0.5598395052203724
JUNB,6201,0.0038703434929850023,25,0.004031607805192711,0.0,0.0,0.0,2546,0.009426551453260016,24,0.009426551453260016,0.0,0.0,0.041666666666666664,0.0055562079602750145,2.3381618224666147,0.041666666666666664,0.96,0.5594959970011443
NEDD9,6201,0.011449766166747298,74,0.011933559103370425,0.0,0.0,0.0,2546,0.020031421838177535,75,0.02945797329143755,0.0,0.0,0.0,0.008581655671430237,2.4684985456784356,0.0,1.0135135135135136,0.5591562796605222
CHRM4,6201,0.00725689404934688,49,0.007901951298177712,0.0,0.0,0.0,2546,0.018853102906520033,48,0.018853102906520033,0.0,0.0,0.020833333333333332,0.011596208857173152,2.3858794106802192,0.020833333333333332,0.9795918367346939,0.5588960306140472
PTGR1,6201,0.0041928721174004195,28,0.004515400741815836,0.0,0.0,0.0,2546,0.01021209740769835,27,0.010604870384917517,0.0,0.0,0.037037037037037035,0.006019225290297931,2.34860004488834,0.037037037037037035,0.9642857142857143,0.5584514432128019
MEIS1,6201,0.006611836800516046,43,0.006934365424931463,0.0,0.0,0.0,2546,0.016496465043205028,42,0.016496465043205028,0.0,0.0,0.023809523809523808,0.009884628242688983,2.378943714718939,0.023809523809523808,0.9767441860465116,0.5581101217074484
ERMAP,6201,0.00516045799064667,33,0.005321722302854378,0.0,0.0,0.0,2546,0.012568735271013355,32,0.012568735271013355,0.0,0.0,0.03125,0.007408277280366685,2.361779618653146,0.03125,0.9696969696969697,0.5579815788899976
ENDOD1,6201,0.005321722302854378,33,0.005321722302854378,0.0,0.0,0.0,2546,0.012568735271013355,32,0.012568735271013355,0.0,0.0,0.03125,0.007247012968158977,2.361779618653146,0.03125,0.9696969696969697,0.5578203145777899
WDR37,6201,0.00516045799064667,35,0.005644250927269795,0.0,0.0,0.0,2546,0.012961508248232521,34,0.01335428122545169,0.0,0.0,0.029411764705882353,0.007801050257585851,2.3659970822578837,0.029411764705882353,0.9714285714285714,0.5577898633440384
OSMR,6201,0.017900338655055636,148,0.02386711820674085,0.0,0.0,0.0,2546,0.03534956794972506,139,0.054595443833464256,0.0,0.0,0.04316546762589928,0.017449229294669424,2.2874753189953503,0.04316546762589928,0.9391891891891891,0.5575874063063934
TIMP3,6201,0.005482986615062087,38,0.00612804386389292,0.0,0.0,0.0,2546,0.013747054202670856,37,0.014532600157109192,0.0,0.0,0.02702702702702703,0.008264067587608769,2.371490883532476,0.02702702702702703,0.9736842105263158,0.5574989592638446
KRT8,6201,0.008869537171423964,61,0.009837123044670215,0.0,0.0,0.0,2546,0.013747054202670856,56,0.02199528672427337,0.0,0.0,0.07142857142857142,0.004877517031246892,2.235947097987199,0.07142857142857142,0.9180327868852459,0.5574805589980881
SUPT5H,6201,0.015965166908563134,118,0.019029188840509595,0.0,0.0,0.0,2546,0.027101335428122545,116,0.04556166535742341,0.0,0.0,0.017241379310344827,0.011136168519559411,2.3943041261134117,0.017241379310344827,0.9830508474576272,0.5573291370543899
SEC24D,6201,0.011933559103370425,84,0.013546202225447508,0.0,0.0,0.0,2546,0.0204241948153967,82,0.03220738413197172,0.0,0.0,0.024390243902439025,0.008490635712026276,2.377595107170912,0.024390243902439025,0.9761904761904762,0.5568976485542197
PLA2G4A,6201,0.014029995162070633,98,0.015803902596355425,0.0,0.0,0.0,2546,0.022780832678711706,90,0.03534956794972506,0.0,0.0,0.06666666666666667,0.008750837516641073,2.236761947512705,0.06666666666666667,0.9183673469387755,0.5568437547796901
MAP1B,6201,0.03176906950491856,282,0.045476536042573776,0.0,0.0,0.0,2546,0.05852317360565593,266,0.1044776119402985,0.0,1.0,0.03007518796992481,0.02675410410073737,2.2973959987297556,0.03007518796992481,0.9432624113475178,0.5568151771927261
ATP6V0A4,6201,0.0133849379132398,99,0.015965166908563134,0.0,0.0,0.0,2546,0.03574234092694423,95,0.03731343283582089,0.0,0.0,0.021052631578947368,0.022357403013704428,2.3371777476255087,0.021052631578947368,0.9595959595959596,0.5553883180787643
C1QBP,6201,0.002580228995323335,16,0.002580228995323335,0.0,0.0,0.0,2546,0.005106048703849175,13,0.005106048703849175,0.0,0.0,0.15384615384615385,0.0025258197085258403,1.978913000785546,0.15384615384615385,0.8125,0.5547832621321069
TLR6,6201,0.008708272859216255,61,0.009837123044670215,0.0,0.0,0.0,2546,0.022780832678711706,58,0.022780832678711706,0.0,0.0,0.034482758620689655,0.01407255981949545,2.315802351486742,0.034482758620689655,0.9508196721311475,0.554107768879506
ZPBP,6201,0.009353330108047089,64,0.01032091598129334,0.0,0.0,0.0,2546,0.01767478397486253,63,0.02474469756480754,0.0,0.0,0.015873015873015872,0.008321453866815442,2.3975292124901806,0.015873015873015872,0.984375,0.5540957544171886
NCL,6201,0.009192065795839382,62,0.009998387356877922,0.0,0.0,0.0,2546,0.0192458758837392,51,0.020031421838177535,0.0,0.0,0.13725490196078433,0.010053810087899817,2.0034652712667564,0.13725490196078433,0.8225806451612904,0.5539282439754345
PER1,6201,0.01451378809869376,103,0.01661022415739397,0.0,0.0,0.009708737864077669,2546,0.03809897879025923,100,0.03927729772191673,0.0,0.0,0.0,0.02358519069156547,2.3646458560544237,-0.009708737864077669,0.970873786407767,0.5534694621822744
ERCC2,6201,0.012578616352201259,80,0.012901144976616674,0.0,0.0,0.0,2546,0.020816967792615867,79,0.031029065200314218,0.0,0.0,0.012658227848101266,0.008238351440414609,2.4051404163393557,0.012658227848101266,0.9875,0.553035575758584
PPP1R15B,6201,0.0077406869859700045,52,0.008385744234800839,0.0,0.0,0.0,2546,0.018067556952081697,46,0.018067556952081697,0.0,0.0,0.08695652173913043,0.010326869966111693,2.154556166535742,0.08695652173913043,0.8846153846153846,0.5529840210257657
LAMA4,6201,0.024028382518948555,184,0.02967263344621835,0.0,0.0,0.005434782608695652,2546,0.04556166535742341,177,0.06952081696779261,0.0,0.0,0.022598870056497175,0.021533282838474856,2.3429270979200107,0.017164087447801523,0.9619565217391305,0.5523969895439209
DHPS,6201,0.004999193678438961,33,0.005321722302854378,0.0,0.0,0.0,2546,0.006677140612725845,32,0.012568735271013355,0.0,0.0,0.03125,0.0016779469342868836,2.361779618653146,0.03125,0.9696969696969697,0.5522512485439178
MYBPH,6201,0.007095629737139171,46,0.007418158361554588,0.0,0.0,0.0,2546,0.018067556952081697,46,0.018067556952081697,0.0,0.0,0.0,0.010971927214942525,2.4355852317360567,0.0,1.0,0.5520120309575003
AVL9,6201,0.006773101112723754,43,0.006934365424931463,0.0,0.0,0.0,2546,0.016889238020424194,43,0.016889238020424194,0.0,0.0,0.0,0.01011613690770044,2.4355852317360562,0.0,1.0,0.5511562406502581
ACADL,6201,0.006450572488308337,44,0.007095629737139171,0.0,0.0,0.0,2546,0.012568735271013355,32,0.012568735271013355,0.0,0.0,0.21875,0.006118162782705018,1.7713347139898594,0.21875,0.7272727272727273,0.5510500325771268
TNNI3,6201,0.004031607805192711,31,0.004999193678438961,0.0,0.0,0.0,2546,0.0007855459544383347,2,0.0007855459544383347,0.0,0.0,0.0,-0.003246061850754376,0.1571345310797456,0.0,0.06451612903225806,0.5504465251766895
CDH11,6201,0.025963554265441058,185,0.02983389775842606,0.0,0.0,0.0,2546,0.0420267085624509,176,0.06912804399057344,0.0,0.0,0.028409090909090908,0.016063154297009843,2.3170973015434915,0.028409090909090908,0.9513513513513514,0.550415158381462
NCF4,6201,0.005644250927269795,37,0.0059667795516852125,0.0,0.0,0.0,2546,0.014532600157109192,37,0.014532600157109192,0.0,0.0,0.0,0.008888349229839398,2.4355852317360567,0.0,1.0,0.5499284529723971
RPL3L,6201,0.005805515239477504,37,0.0059667795516852125,0.0,0.0,0.0,2546,0.014532600157109192,37,0.014532600157109192,0.0,0.0,0.0,0.008727084917631689,2.4355852317360567,0.0,1.0,0.5497671886601894
USP8,6201,0.0133849379132398,95,0.015320109659732302,0.0,0.0,0.0,2546,0.02199528672427337,92,0.03613511390416339,0.0,0.0,0.021739130434782608,0.00861034881103357,2.35867201389176,0.021739130434782608,0.968421052631579,0.5487479605746703
APEX1,6201,0.0032252862441541686,23,0.003709079180777294,0.0,0.0,0.0,2546,0.007855459544383346,20,0.007855459544383346,0.0,0.0,0.1,0.004630173300229178,2.1179002015096144,0.1,0.8695652173913043,0.5486427556505462
SMC4,6201,0.01644895984518626,121,0.01951298177713272,0.0,0.0,0.0,2546,0.02474469756480754,115,0.045168892380204245,0.0,0.0,0.034782608695652174,0.00829573771962128,2.314812410327657,0.034782608695652174,0.9504132231404959,0.5483321997555315
DLST,6201,0.0043541364296081275,32,0.00516045799064667,0.0,0.0,0.0,2546,0.011390416339355853,29,0.011390416339355853,0.0,0.0,0.06896551724137931,0.007036279909747725,2.2072491162608014,0.06896551724137931,0.90625,0.5482682131942367
PLCG1,6201,0.01564263828414772,107,0.0172552814062248,0.0,0.0,0.0,2546,0.03652788688138256,102,0.04006284367635507,0.0,0.0,0.0196078431372549,0.02088524859723484,2.321772837729699,0.0196078431372549,0.9532710280373832,0.547844538850456
DMRT1,6201,0.005805515239477504,38,0.00612804386389292,0.0,0.0,0.0,2546,0.012568735271013355,38,0.014925373134328358,0.0,0.0,0.0,0.0067632200315358515,2.4355852317360567,0.0,1.0,0.5478033237740936
MGMT,6201,0.004676665054023544,30,0.004837929366231253,0.0,0.0,0.0,2546,0.011390416339355853,30,0.01178318931657502,0.0,0.0,0.0,0.006713751285332309,2.4355852317360562,0.0,1.0,0.5477538550278901
AKAP13,6201,0.031124012256087727,233,0.03757458474439607,0.0,0.0,0.004291845493562232,2546,0.04870384917517675,225,0.08837391987431265,0.0,0.0,0.017777777777777778,0.01757983691908902,2.3519599877279513,0.013485932284215546,0.9656652360515021,0.5474638343566147
HLA-DMA,6201,0.0038703434929850023,26,0.0041928721174004195,0.0,0.0,0.0,2546,0.01021209740769835,26,0.01021209740769835,0.0,0.0,0.0,0.006341753914713349,2.4355852317360567,0.0,1.0,0.5473818576572711
SPRY2,6201,0.0035478148685695854,25,0.004031607805192711,0.0,0.0,0.0,2546,0.009819324430479183,25,0.009819324430479183,0.0,0.0,0.0,0.006271509561909597,2.4355852317360567,0.0,1.0,0.5473116133044673
SGCB,6201,0.0043541364296081275,29,0.004676665054023544,0.0,0.0,0.0,2546,0.009819324430479183,26,0.01021209740769835,0.0,0.0,0.07692307692307693,0.005465188000871055,2.183628138797844,0.07692307692307693,0.896551724137931,0.5472625549470221
ZC3H12A,6201,0.009514594420254797,64,0.01032091598129334,0.0,0.0,0.0,2546,0.016496465043205028,61,0.023959151610369208,0.0,0.0,0.03278688524590164,0.006981870622950231,2.321417173998429,0.03278688524590164,0.953125,0.5470131267967271
SLC25A38,6201,0.004031607805192711,27,0.0043541364296081275,0.0,0.0,0.0,2546,0.009819324430479183,27,0.010604870384917517,0.0,0.0,0.0,0.005787716625286472,2.4355852317360567,0.0,1.0,0.5468278203678442
HYAL2,6201,0.003709079180777294,25,0.004031607805192711,0.0,0.0,0.0,2546,0.009426551453260016,25,0.009819324430479183,0.0,0.0,0.0,0.0057174722724827225,2.4355852317360567,0.0,1.0,0.5467575760150405
FABP1,6201,0.003709079180777294,23,0.003709079180777294,0.0,0.0,0.0,2546,0.009033778476040848,23,0.009033778476040848,0.0,0.0,0.0,0.0053246992952635545,2.4355852317360567,0.0,1.0,0.5463648030378213
SLC19A2,6201,0.005321722302854378,38,0.00612804386389292,0.0,0.0,0.0,2546,0.010604870384917517,38,0.014925373134328358,0.0,0.0,0.0,0.005283148082063139,2.4355852317360567,0.0,1.0,0.5463232518246208
SLC25A4,6201,0.00306402193194646,21,0.003386550556361877,0.0,0.0,0.0,2546,0.008248232521602514,21,0.008248232521602514,0.0,0.0,0.0,0.005184210589656054,2.4355852317360567,0.0,1.0,0.5462243143322137
COL9A1,6201,0.02144815352362522,171,0.027576197387518143,0.0,0.0,0.0,2546,0.03574234092694423,163,0.06402199528672427,0.0,0.0,0.024539877300613498,0.014294187403319007,2.32163972381858,0.024539877300613498,0.9532163742690059,0.54614543786396
FADS1,6201,0.0032252862441541686,22,0.0035478148685695854,0.0,0.0,0.0,2546,0.008248232521602514,22,0.00864100549882168,0.0,0.0,0.0,0.005022946277448346,2.4355852317360562,0.0,1.0,0.5460630500200061
IGF1,6201,0.004515400741815836,34,0.005482986615062087,0.0,0.0,0.0,2546,0.009426551453260016,34,0.01335428122545169,0.0,0.0,0.0,0.00491115071144418,2.4355852317360567,0.0,1.0,0.5459512544540019
PSMC4,6201,0.008063215610385421,57,0.009192065795839382,0.0,0.0,0.0,2546,0.012961508248232521,57,0.022388059701492536,0.0,0.0,0.0,0.0048982926378471,2.4355852317360562,0.0,1.0,0.5459383963804049
ERCC3,6201,0.009837123044670215,69,0.011127237542331882,0.0,0.0,0.0,2546,0.015710919088766692,66,0.025923016496465043,0.0,0.0,0.030303030303030304,0.005873796044096477,2.3296902216605755,0.030303030303030304,0.9565217391304348,0.5459089189239423
ESYT1,6201,0.011611030478955007,84,0.013546202225447508,0.0,0.0,0.0,2546,0.021209740769835034,82,0.03220738413197172,0.0,0.0,0.012195121951219513,0.009598710290880027,2.377595107170912,0.012195121951219513,0.9761904761904762,0.545810601181854
BRCA1,6201,0.021125624899209806,149,0.024028382518948555,0.0,0.0,0.0,2546,0.030636292223095052,148,0.05813040062843677,0.0,0.0,0.0,0.009510667323885245,2.41923902212709,0.0,0.9932885906040269,0.5457815049298689
COPE,6201,0.003709079180777294,24,0.0038703434929850023,0.0,0.0,0.0,2546,0.008248232521602514,24,0.009426551453260016,0.0,0.0,0.0,0.00453915334082522,2.4355852317360567,0.0,1.0,0.545579257083383
GSTM3,6201,0.002580228995323335,18,0.002902757619738752,0.0,0.0,0.0,2546,0.007069913589945012,18,0.007069913589945012,0.0,0.0,0.0,0.004489684594621677,2.4355852317360567,0.0,1.0,0.5455297883371794
REL,6201,0.006934365424931463,47,0.0075794226737622965,0.0,0.0,0.0,2546,0.012175962293794187,44,0.01728201099764336,0.0,0.0,0.045454545454545456,0.005241596868862724,2.2801223446039676,0.045454545454545456,0.9361702127659575,0.545429683648017
CLN6,6201,0.0027414933075310434,18,0.002902757619738752,0.0,0.0,0.0,2546,0.007069913589945012,18,0.007069913589945012,0.0,0.0,0.0,0.0043284202824139684,2.4355852317360567,0.0,1.0,0.5453685240249717
PPP2CB,6201,0.0027414933075310434,18,0.002902757619738752,0.0,0.0,0.0,2546,0.007069913589945012,18,0.007069913589945012,0.0,0.0,0.0,0.0043284202824139684,2.4355852317360567,0.0,1.0,0.5453685240249717
MYL7,6201,0.0027414933075310434,18,0.002902757619738752,0.0,0.0,0.0,2546,0.007069913589945012,18,0.007069913589945012,0.0,0.0,0.0,0.0043284202824139684,2.4355852317360567,0.0,1.0,0.5453685240249717
IL10,6201,0.003386550556361877,23,0.003709079180777294,0.0,0.0,0.0,2546,0.004713275726630008,20,0.007855459544383346,0.0,0.0,0.1,0.0013267251702681311,2.1179002015096144,0.1,0.8695652173913043,0.5453393075205852
IER5,6201,0.002902757619738752,18,0.002902757619738752,0.0,0.0,0.0,2546,0.007069913589945012,18,0.007069913589945012,0.0,0.0,0.0,0.00416715597020626,2.4355852317360567,0.0,1.0,0.545207259712764
SDHB,6201,0.002580228995323335,17,0.0027414933075310434,0.0,0.0,0.0,2546,0.006677140612725845,17,0.006677140612725845,0.0,0.0,0.0,0.004096911617402509,2.4355852317360567,0.0,1.0,0.5451370153599603
GUCY2D,6201,0.012578616352201259,84,0.013546202225447508,0.0,0.0,0.0,2546,0.029850746268656716,81,0.03181461115475255,0.0,0.0,0.012345679012345678,0.017272129916455457,2.34860004488834,0.012345679012345678,0.9642857142857143,0.5450129898142682
DGCR8,6201,0.010482180293501049,70,0.01128850185453959,0.0,0.0,0.0,2546,0.020031421838177535,65,0.025530243519245877,0.0,0.0,0.046153846153846156,0.009549241544676486,2.261614858040624,0.046153846153846156,0.9285714285714286,0.5447783350964794
GPX2,6201,0.0024189646831156266,15,0.0024189646831156266,0.0,0.0,0.0,2546,0.00039277297721916735,1,0.00039277297721916735,0.0,0.0,0.0,-0.0020261917058964594,0.16237234878240378,0.0,0.06666666666666667,0.5447103273147597
PRDX3,6201,0.0017739074342847927,13,0.0020964360587002098,0.0,0.0,0.0,2546,0.005106048703849175,13,0.005106048703849175,0.0,0.0,0.0,0.0033321412695643824,2.4355852317360567,0.0,1.0,0.5443722450121221
NDUFA8,6201,0.002257700370907918,14,0.002257700370907918,0.0,0.0,0.0,2546,0.0054988216810683424,14,0.0054988216810683424,0.0,0.0,0.0,0.0032411213101604243,2.4355852317360562,0.0,1.0,0.5442812250527181
TCAP,6201,0.001128850185453959,11,0.0017739074342847927,0.0,0.0,0.0,2546,0.00432050274941084,11,0.00432050274941084,0.0,0.0,0.0,0.003191652563956881,2.4355852317360562,0.0,1.0,0.5442317563065147
DUSP14,6201,0.0020964360587002098,13,0.0020964360587002098,0.0,0.0,0.0,2546,0.005106048703849175,13,0.005106048703849175,0.0,0.0,0.0,0.0030096126451489656,2.4355852317360567,0.0,1.0,0.5440497163877067
CCL2,6201,0.0020964360587002098,13,0.0020964360587002098,0.0,0.0,0.0,2546,0.005106048703849175,13,0.005106048703849175,0.0,0.0,0.0,0.0030096126451489656,2.4355852317360567,0.0,1.0,0.5440497163877067
BLVRB,6201,0.0017739074342847927,12,0.0019351717464925011,0.0,0.0,0.0,2546,0.004713275726630008,12,0.004713275726630008,0.0,0.0,0.0,0.0029393682923452152,2.4355852317360567,0.0,1.0,0.5439794720349029
IFIH1,6201,0.011449766166747298,79,0.012739880664408966,0.0,0.0,0.0,2546,0.027101335428122545,70,0.02749410840534171,0.0,0.0,0.07142857142857142,0.015651569261375245,2.1581134964749866,0.07142857142857142,0.8860759493670886,0.5439078146700828
ANK1,6201,0.037897113368811484,307,0.049508143847766486,0.0,0.0,0.0,2546,0.0624509033778476,286,0.11233307148468186,0.0,1.0,0.027972027972027972,0.024553790009036118,2.26898168168245,0.027972027972027972,0.9315960912052117,0.5438571615018664
SCUBE1,6201,0.01435252378648605,104,0.016771488469601678,0.0,0.0,0.0,2546,0.0384917517674784,98,0.0384917517674784,0.0,0.0,0.02040816326530612,0.02413922798099235,2.2950706991358993,0.02040816326530612,0.9423076923076923,0.5438278349010461
LGALS1,6201,0.0019351717464925011,12,0.0019351717464925011,0.0,0.0,0.0,2546,0.004713275726630008,12,0.004713275726630008,0.0,0.0,0.0,0.0027781039801375073,2.4355852317360567,0.0,1.0,0.5438182077226953
CCL13,6201,0.0017739074342847927,11,0.0017739074342847927,0.0,0.0,0.0,2546,0.00432050274941084,11,0.00432050274941084,0.0,0.0,0.0,0.0025465953151260472,2.4355852317360562,0.0,1.0,0.5435866990576838
PMVK,6201,0.0027414933075310434,20,0.0032252862441541686,0.0,0.0,0.0,2546,0.005106048703849175,20,0.007855459544383346,0.0,0.0,0.0,0.002364555396318132,2.4355852317360567,0.0,1.0,0.5434046591388758
SLC30A5,6201,0.00725689404934688,49,0.007901951298177712,0.0,0.0,0.0,2546,0.016496465043205028,44,0.01728201099764336,0.0,0.0,0.06818181818181818,0.009239570993858148,2.1870561264568673,0.06818181818181818,0.8979591836734694,0.5433718549585708
REV3L,6201,0.026447347202064184,218,0.03515562006128044,0.0,0.0,0.0,2546,0.04595443833464258,204,0.08012568735271014,0.0,0.0,0.029411764705882353,0.019507091132578393,2.2791715012575944,0.029411764705882353,0.9357798165137615,0.5433624746880664
ADAD1,6201,0.013707466537655217,102,0.01644895984518626,0.0,0.0,0.0,2546,0.0204241948153967,97,0.03809897879025923,0.0,0.0,0.030927835051546393,0.006716728277741484,2.3161937988078187,0.030927835051546393,0.9509803921568627,0.5433150618834329
POLR3G,6201,0.0024189646831156266,15,0.0024189646831156266,0.0,0.0,0.0,2546,0.00432050274941084,15,0.00589159465828751,0.0,0.0,0.0,0.0019015380662952136,2.4355852317360562,0.0,1.0,0.542941641808853
IER3,6201,0.0012901144976616675,8,0.0012901144976616675,0.0,0.0,0.0,2546,0.003142183817753339,8,0.003142183817753339,0.0,0.0,0.0,0.0018520693200916713,2.4355852317360567,0.0,1.0,0.5428921730626494
MDK,6201,0.0012901144976616675,9,0.001451378809869376,0.0,0.0,0.0,2546,0.003142183817753339,9,0.003534956794972506,0.0,0.0,0.0,0.0018520693200916713,2.4355852317360567,0.0,1.0,0.5428921730626494
TRIM25,6201,0.007418158361554588,47,0.0075794226737622965,0.0,0.0,0.0,2546,0.01767478397486253,45,0.01767478397486253,0.0,0.0,0.022222222222222223,0.010256625613307943,2.331943306981331,0.022222222222222223,0.9574468085106383,0.5428873767239439
GTF2B,6201,0.003709079180777294,24,0.0038703434929850023,0.0,0.0,0.0,2546,0.007462686567164179,19,0.007462686567164179,0.0,0.0,0.15789473684210525,0.003753607386386885,1.9281716417910448,0.15789473684210525,0.7916666666666666,0.5428793788797531
CKS2,6201,0.0009675858732462506,7,0.001128850185453959,0.0,0.0,0.0,2546,0.0027494108405341712,7,0.0027494108405341712,0.0,0.0,0.0,0.0017818249672879208,2.4355852317360562,0.0,1.0,0.5428219287098457
DAD1,6201,0.001128850185453959,7,0.001128850185453959,0.0,0.0,0.0,2546,0.0027494108405341712,7,0.0027494108405341712,0.0,0.0,0.0,0.0016205606550802121,2.4355852317360562,0.0,1.0,0.5426606643976379
CXCL2,6201,0.001128850185453959,7,0.001128850185453959,0.0,0.0,0.0,2546,0.0027494108405341712,7,0.0027494108405341712,0.0,0.0,0.0,0.0016205606550802121,2.4355852317360562,0.0,1.0,0.5426606643976379
NDUFA3,6201,0.0009675858732462506,6,0.0009675858732462506,0.0,0.0,0.0,2546,0.002356637863315004,6,0.002356637863315004,0.0,0.0,0.0,0.0013890519900687536,2.4355852317360567,0.0,1.0,0.5424291557326265
CDC42SE2,6201,0.0004837929366231253,4,0.0006450572488308337,0.0,0.0,0.0,2546,0.0015710919088766694,4,0.0015710919088766694,0.0,0.0,0.0,0.0010872989722535442,2.4355852317360567,0.0,1.0,0.5421274027148113
GTF2H5,6201,0.0006450572488308337,4,0.0006450572488308337,0.0,0.0,0.0,2546,0.0015710919088766694,4,0.0015710919088766694,0.0,0.0,0.0,0.0009260346600458356,2.4355852317360567,0.0,1.0,0.5419661384026035
LEAP2,6201,0.0006450572488308337,4,0.0006450572488308337,0.0,0.0,0.0,2546,0.0015710919088766694,4,0.0015710919088766694,0.0,0.0,0.0,0.0009260346600458356,2.4355852317360567,0.0,1.0,0.5419661384026035
NDUFB1,6201,0.0003225286244154169,3,0.0004837929366231253,0.0,0.0,0.0,2546,0.001178318931657502,3,0.001178318931657502,0.0,0.0,0.0,0.0008557903072420852,2.4355852317360567,0.0,1.0,0.5418958940497998
MSR1,6201,0.015158845347524593,128,0.02064183196258668,0.0,0.0,0.0,2546,0.02749410840534171,117,0.04595443833464258,0.0,0.0,0.05128205128205128,0.012335263057817118,2.226277125883739,0.05128205128205128,0.9140625,0.5417990136631411
RPS19,6201,0.0012901144976616675,8,0.0012901144976616675,0.0,0.0,0.0,2546,0.0019638648860958365,8,0.003142183817753339,0.0,0.0,0.0,0.000673750388434169,2.4355852317360567,0.0,1.0,0.5417138541309919
HMGA1,6201,0.0009675858732462506,6,0.0009675858732462506,0.0,0.0,0.0,2546,0.0015710919088766694,6,0.002356637863315004,0.0,0.0,0.0,0.0006035060356304188,2.4355852317360567,0.0,1.0,0.5416436097781882
FECH,6201,0.00612804386389292,40,0.006450572488308337,0.0,0.0,0.0,2546,0.006677140612725845,40,0.015710919088766692,0.0,0.0,0.0,0.0005490967488329243,2.4355852317360567,0.0,1.0,0.5415892004913907
FGF6,6201,0.006611836800516046,43,0.006934365424931463,0.0,0.0,0.023255813953488372,2546,0.01610369206598586,41,0.01610369206598586,0.0,0.0,0.0,0.009491855265469813,2.3223021977018212,-0.023255813953488372,0.9534883720930233,0.5402584643165229
OCRL,6201,0.011449766166747298,86,0.013868730849862926,0.0,0.0,0.0,2546,0.018853102906520033,85,0.03338570306362922,0.0,0.0,0.0,0.007403336739772734,2.4072644732274977,0.0,0.9883720930232558,0.5401659182701549
KLHDC8A,6201,0.005644250927269795,39,0.006289308176100629,0.0,0.0,0.0,2546,0.014532600157109192,37,0.014532600157109192,0.0,0.0,0.02702702702702703,0.008888349229839398,2.310683424980361,0.02702702702702703,0.9487179487179487,0.5399228365770515
NTNG1,6201,0.013707466537655217,90,0.01451378809869376,0.0,0.0,0.0,2546,0.0204241948153967,89,0.034956794972505895,0.0,0.0,0.0,0.006716728277741484,2.4085231736056563,0.0,0.9888888888888889,0.5398486582848334
THSD4,6201,0.015965166908563134,122,0.01967424608934043,0.0,0.0,0.0,2546,0.03220738413197172,119,0.04673998428908091,0.0,0.0,0.0,0.016242217223408583,2.375693791611399,0.0,0.9754098360655737,0.539695907746633
ABCG4,6201,0.013062409288824383,90,0.01451378809869376,0.0,0.0,0.0,2546,0.0204241948153967,86,0.03377847604084839,0.0,0.0,0.023255813953488372,0.007361785526572318,2.327336999214454,0.023255813953488372,0.9555555555555556,0.539642703046298
G6PC2,6201,0.005644250927269795,38,0.00612804386389292,0.0,0.0,0.0,2546,0.014139827179890024,36,0.014139827179890024,0.0,0.0,0.027777777777777776,0.008495576252620228,2.3073965353288957,0.027777777777777776,0.9473684210526315,0.5392875081525828
PPAT,6201,0.005644250927269795,38,0.00612804386389292,0.0,0.0,0.0,2546,0.014139827179890024,36,0.014139827179890024,0.0,0.0,0.027777777777777776,0.008495576252620228,2.3073965353288957,0.027777777777777776,0.9473684210526315,0.5392875081525828
CSK,6201,0.005805515239477504,38,0.00612804386389292,0.0,0.0,0.0,2546,0.014139827179890024,36,0.014139827179890024,0.0,0.0,0.027777777777777776,0.00833431194041252,2.3073965353288957,0.027777777777777776,0.9473684210526315,0.539126243840375
CADM1,6201,0.012578616352201259,81,0.013062409288824383,0.0,0.0,0.0,2546,0.020031421838177535,69,0.027101335428122545,0.0,0.0,0.10144927536231885,0.007452805485976276,2.0747577899973817,0.10144927536231885,0.8518518518518519,0.5389810309639838
IGSF1,6201,0.028221254636348975,231,0.03725205611998065,0.0,0.0,0.0,2546,0.0408483896307934,216,0.08483896307934014,0.0,0.0,0.032407407407407406,0.012627134994444428,2.2774303465583903,0.032407407407407406,0.935064935064935,0.5389470462682551
AKT1,6201,0.0077406869859700045,50,0.008063215610385421,0.0,0.0,0.0,2546,0.0192458758837392,49,0.0192458758837392,0.0,0.0,0.0,0.011505188897769195,2.3868735271013355,0.0,0.98,0.5382652407917001
SLC7A11,6201,0.005321722302854378,36,0.005805515239477504,0.0,0.0,0.0,2546,0.012961508248232521,34,0.01335428122545169,0.0,0.0,0.029411764705882353,0.0076397859453781435,2.3002749410840537,0.029411764705882353,0.9444444444444444,0.5379101505732243
LYAR,6201,0.004837929366231253,32,0.00516045799064667,0.0,0.0,0.0,2546,0.009819324430479183,25,0.009819324430479183,0.0,0.0,0.16,0.0049813950642479295,1.902800962293794,0.16,0.78125,0.5375103344314647
GJB3,6201,0.005644250927269795,35,0.005644250927269795,0.0,0.0,0.0,2546,0.012961508248232521,33,0.012961508248232521,0.0,0.0,0.030303030303030304,0.007317257320962727,2.296408932779711,0.030303030303030304,0.9428571428571428,0.5373067808266202
VCAN,6201,0.04741170778906628,445,0.07176261893243026,0.0,0.0,0.0,2546,0.0816967792615868,393,0.15435978004713274,0.0,1.0,0.04834605597964377,0.03428507147252052,2.1509775192635283,0.04834605597964377,0.8831460674157303,0.5371966751650822
SLC39A6,6201,0.009353330108047089,63,0.010159651669085631,0.0,0.0,0.0,2546,0.016889238020424194,59,0.023173605655930872,0.0,0.0,0.03389830508474576,0.007535907912377106,2.2809448995623387,0.03389830508474576,0.9365079365079365,0.5364184924812629
STEAP3,6201,0.010482180293501049,70,0.01128850185453959,0.0,0.0,0.0,2546,0.015318146111547526,69,0.027101335428122545,0.0,0.0,0.0,0.004835965818046477,2.4007911569969704,0.0,0.9857142857142858,0.5356968830457483
CMKLR1,6201,0.010159651669085631,69,0.011127237542331882,0.0,0.0,0.0,2546,0.015710919088766692,65,0.025530243519245877,0.0,0.0,0.03076923076923077,0.005551267419681061,2.294391884968749,0.03076923076923077,0.9420289855072463,0.5353949116368292
ELK4,6201,0.0043541364296081275,30,0.004837929366231253,0.0,0.0,0.0,2546,0.01021209740769835,28,0.010997643362136685,0.0,0.0,0.03571428571428571,0.005857960978090223,2.273212882953653,0.03571428571428571,0.9333333333333333,0.5341971016853178
SLC16A6,6201,0.0075794226737622965,53,0.008547008547008548,0.0,0.0,0.0,2546,0.019638648860958365,50,0.019638648860958365,0.0,0.0,0.02,0.012059226187196069,2.2977219167321286,0.02,0.9433962264150944,0.5321439474504224
FERMT2,6201,0.007901951298177712,56,0.009030801483631673,0.0,0.0,0.0,2546,0.01767478397486253,50,0.019638648860958365,0.0,0.0,0.06,0.009772832676684818,2.1746296711929074,0.06,0.8928571428571429,0.531816638664178
TPST1,6201,0.0043541364296081275,27,0.0043541364296081275,0.0,0.0,0.0,2546,0.009033778476040848,25,0.009819324430479183,0.0,0.0,0.04,0.004679642046432721,2.255171510866719,0.04,0.9259259259259259,0.5317774272693838
GOT1,6201,0.00516045799064667,40,0.006450572488308337,0.0,0.0,0.0,2546,0.013747054202670856,36,0.014139827179890024,0.0,0.0,0.05555555555555555,0.008586596212024185,2.1920267085624507,0.05555555555555555,0.9,0.5316510181043169
DNTT,6201,0.0077406869859700045,53,0.008547008547008548,0.0,0.0,0.0,2546,0.016496465043205028,47,0.018460329929300863,0.0,0.0,0.06382978723404255,0.008755778057235025,2.159858601728201,0.06382978723404255,0.8867924528301887,0.529965665040464
MAPRE1,6201,0.003386550556361877,23,0.003709079180777294,0.0,0.0,0.0,2546,0.008248232521602514,21,0.008248232521602514,0.0,0.0,0.047619047619047616,0.004861681965240637,2.223795211585095,0.047619047619047616,0.9130434782608695,0.5298928516714363
IGF1R,6201,0.020158039025963553,148,0.02386711820674085,0.0,0.0,0.006756756756756757,2546,0.040455616653574236,140,0.05498821681068342,0.0,0.0,0.014285714285714285,0.020297577627610683,2.3039319759665395,0.007528957528957528,0.9459459459459459,0.5297926216555595
SMARCC1,6201,0.009353330108047089,71,0.011449766166747298,0.0,0.0,0.0,2546,0.02356637863315004,64,0.02513747054202671,0.0,0.0,0.046875,0.01421304852510295,2.1954571102972906,0.046875,0.9014084507042254,0.5296710160766296
BIK,6201,0.0017739074342847927,11,0.0017739074342847927,0.0,0.0,0.0,2546,0.0027494108405341712,7,0.0027494108405341712,0.0,0.0,0.2857142857142857,0.0009755034062493785,1.5499178747411269,0.2857142857142857,0.6363636363636364,0.5296037612284288
CALCR,6201,0.013546202225447508,101,0.01628769553297855,0.0,0.0,0.0,2546,0.02356637863315004,92,0.03613511390416339,0.0,0.0,0.043478260869565216,0.01002017640770253,2.2185528843536355,0.043478260869565216,0.9108910891089109,0.5292831004595352
XPOT,6201,0.012094823415578132,92,0.014836316723109175,0.0,0.0,0.0,2546,0.03220738413197172,85,0.03338570306362922,0.0,0.0,0.023529411764705882,0.020112560716393585,2.2502689641039653,0.023529411764705882,0.9239130434782609,0.529232543024366
ATP6AP1,6201,0.005321722302854378,35,0.005644250927269795,0.0,0.0,0.0,2546,0.01335428122545169,34,0.01335428122545169,0.0,0.0,0.0,0.008032558922597311,2.3659970822578837,0.0,0.9714285714285714,0.5286096073031675
PRIM2,6201,0.0075794226737622965,48,0.0077406869859700045,0.0,0.0,0.0,2546,0.016496465043205028,42,0.016496465043205028,0.0,0.0,0.07142857142857142,0.008917042369442732,2.1311370777690497,0.07142857142857142,0.875,0.5285946554508933
F2R,6201,0.006450572488308337,43,0.006934365424931463,0.0,0.0,0.0,2546,0.010604870384917517,39,0.015318146111547526,0.0,0.0,0.05128205128205128,0.00415429789660918,2.209019163667586,0.05128205128205128,0.9069767441860465,0.5282545025788953
DNAJB9,6201,0.0032252862441541686,21,0.003386550556361877,0.0,0.0,0.0,2546,0.007462686567164179,19,0.007462686567164179,0.0,0.0,0.05263157894736842,0.00423740032301001,2.20362473347548,0.05263157894736842,0.9047619047619048,0.5280046966735163
MMP15,6201,0.00725689404934688,54,0.008708272859216255,0.0,0.0,0.0,2546,0.0204241948153967,52,0.0204241948153967,0.0,0.0,0.0,0.01316730076604982,2.345378371301388,0.0,0.9629629629629629,0.5275999228754368
DDB2,6201,0.00516045799064667,37,0.0059667795516852125,0.0,0.0,0.0,2546,0.01021209740769835,33,0.012961508248232521,0.0,0.0,0.06060606060606061,0.005051639417051681,2.1722787201970233,0.06060606060606061,0.8918918918918919,0.5269606882900939
NIN,6201,0.01967424608934043,147,0.02370585389453314,0.0,0.0,0.006802721088435374,2546,0.0420267085624509,132,0.051846032992930086,0.0,0.0,0.045454545454545456,0.02235246247311047,2.187056126456867,0.03865182436611008,0.8979591836734694,0.5269547526221148
ARID5B,6201,0.018222867279471054,136,0.021931946460248347,0.0,0.0,0.0,2546,0.031029065200314218,125,0.049096622152395915,0.0,0.0,0.032,0.012806197920843164,2.238589367404464,0.032,0.9191176470588235,0.5267968719288364
EIF3A,6201,0.01225608772778584,96,0.015481373971940009,0.0,0.0,0.0,2546,0.031029065200314218,84,0.032992930086410056,0.0,0.0,0.05952380952380952,0.018772977472528377,2.1311370777690497,0.05952380952380952,0.875,0.5265458286492171
PTPN21,6201,0.013223673601032092,99,0.015965166908563134,0.0,0.0,0.0,2546,0.03574234092694423,91,0.03574234092694423,0.0,0.0,0.02197802197802198,0.022518667325912137,2.238770263514961,0.02197802197802198,0.9191919191919192,0.5265432182036895
ATP4A,6201,0.01741654571843251,127,0.02048056765037897,0.0,0.0,0.0,2546,0.04595443833464258,118,0.046347211311861744,0.0,0.0,0.00847457627118644,0.028537892616210068,2.262984703502793,0.00847457627118644,0.9291338582677166,0.5265076180645737
SRSF7,6201,0.0032252862441541686,21,0.003386550556361877,0.0,0.0,0.0,2546,0.00589159465828751,19,0.007462686567164179,0.0,0.0,0.05263157894736842,0.002666308414133341,2.20362473347548,0.05263157894736842,0.9047619047619048,0.5264336047646397
PROK2,6201,0.002580228995323335,17,0.0027414933075310434,0.0,0.0,0.0,2546,0.003142183817753339,11,0.00432050274941084,0.0,0.0,0.2727272727272727,0.0005619548224300038,1.5759669146527424,0.2727272727272727,0.6470588235294118,0.526367011458678
HNRNPA1,6201,0.005482986615062087,35,0.005644250927269795,0.0,0.0,0.0,2546,0.010604870384917517,31,0.012175962293794187,0.0,0.0,0.06451612903225806,0.00512188376985543,2.1572326338233645,0.06451612903225806,0.8857142857142857,0.5261867273589146
MSX1,6201,0.004837929366231253,32,0.00516045799064667,0.0,0.0,0.0,2546,0.012175962293794187,31,0.012175962293794187,0.0,0.0,0.0,0.007338032927562934,2.359473193244305,0.0,0.96875,0.525975026325341
CD47,6201,0.002902757619738752,19,0.00306402193194646,0.0,0.0,0.0,2546,0.006284367635506678,17,0.006677140612725845,0.0,0.0,0.058823529411764705,0.0033816100157679258,2.179207838921735,0.058823529411764705,0.8947368421052632,0.5256900173699903
TGFBR3,6201,0.013707466537655217,96,0.015481373971940009,0.0,0.0,0.0,2546,0.02474469756480754,91,0.03574234092694423,0.0,0.0,0.01098901098901099,0.011037231027152324,2.3087318342498038,0.01098901098901099,0.9479166666666666,0.5254440457849232
MYO9B,6201,0.01983551040154814,141,0.022738268021286888,0.0,0.0,0.0,2546,0.05066771406127259,129,0.05066771406127259,0.0,1.0,0.015503875968992248,0.030832203659724448,2.228301382226605,0.015503875968992248,0.9148936170212766,0.5251450101202794
ICOSLG,6201,0.0038703434929850023,26,0.0041928721174004195,0.0,0.0,0.0,2546,0.0007855459544383347,2,0.0007855459544383347,0.0,0.0,0.0,-0.0030847975385466676,0.18735271013354282,0.0,0.07692307692307693,0.5245057624363857
SPR,6201,0.002580228995323335,17,0.0027414933075310434,0.0,0.0,0.0,2546,0.00589159465828751,15,0.00589159465828751,0.0,0.0,0.06666666666666667,0.0033113656629641746,2.149045792708285,0.06666666666666667,0.8823529411764706,0.5239303357670518
IL10RA,6201,0.007901951298177712,52,0.008385744234800839,0.0,0.0,0.0,2546,0.018460329929300863,47,0.018460329929300863,0.0,0.0,0.0425531914893617,0.01055837863112315,2.201394344069128,0.0425531914893617,0.9038461538461539,0.5235508369839752
CYP17A1,6201,0.005805515239477504,41,0.006611836800516046,0.0,0.0,0.0,2546,0.014925373134328358,38,0.014925373134328358,0.0,0.0,0.02631578947368421,0.009119857894850855,2.2573716781943935,0.02631578947368421,0.926829268292683,0.523209103323336
PRPS2,6201,0.004837929366231253,33,0.005321722302854378,0.0,0.0,0.0,2546,0.00864100549882168,32,0.012568735271013355,0.0,0.0,0.0,0.003803076132590427,2.361779618653146,0.0,0.9696969696969697,0.5231263777422214
ACO2,6201,0.0075794226737622965,51,0.00822447992259313,0.0,0.0,0.0,2546,0.018067556952081697,46,0.018067556952081697,0.0,0.0,0.043478260869565216,0.0104881342783194,2.1968023658795803,0.043478260869565216,0.9019607843137255,0.522970264137209
SCARF1,6201,0.009192065795839382,61,0.009837123044670215,0.0,0.0,0.0,2546,0.020816967792615867,57,0.022388059701492536,0.0,0.0,0.017543859649122806,0.011624901996776486,2.2758747247369704,0.017543859649122806,0.9344262295081968,0.5226065060333175
AGGF1,6201,0.00822447992259313,58,0.009353330108047089,0.0,0.0,0.0,2546,0.020031421838177535,51,0.020031421838177535,0.0,0.0,0.058823529411764705,0.011806941915584405,2.1416352899748086,0.058823529411764705,0.8793103448275862,0.5222267481075725
CIT,6201,0.026286082889856476,200,0.032252862441541685,0.0,0.0,0.0,2546,0.04713275726630008,180,0.07069913589945012,0.0,0.0,0.03333333333333333,0.0208466743764436,2.192026708562451,0.03333333333333333,0.9,0.5216888740465143
DYRK2,6201,0.009030801483631673,58,0.009353330108047089,0.0,0.0,0.0,2546,0.012568735271013355,50,0.019638648860958365,0.0,0.0,0.08,0.0035379337873816825,2.099642441151773,0.08,0.8620689655172413,0.5216775165022431
PDAP1,6201,0.002257700370907918,15,0.0024189646831156266,0.0,0.0,0.0,2546,0.005106048703849175,13,0.005106048703849175,0.0,0.0,0.07692307692307693,0.002848348332941257,2.110840534171249,0.07692307692307693,0.8666666666666667,0.5215172025936056
MCL1,6201,0.004676665054023544,30,0.004837929366231253,0.0,0.0,0.0,2546,0.009033778476040848,29,0.011390416339355853,0.0,0.0,0.0,0.004357113422017304,2.3543990573448546,0.0,0.9666666666666667,0.5214825687159542
RER1,6201,0.0024189646831156266,15,0.0024189646831156266,0.0,0.0,0.0,2546,0.005106048703849175,13,0.005106048703849175,0.0,0.0,0.07692307692307693,0.0026870840207335487,2.110840534171249,0.07692307692307693,0.8666666666666667,0.5213559382813978
PSMA2,6201,0.0024189646831156266,15,0.0024189646831156266,0.0,0.0,0.0,2546,0.005106048703849175,13,0.005106048703849175,0.0,0.0,0.07692307692307693,0.0026870840207335487,2.110840534171249,0.07692307692307693,0.8666666666666667,0.5213559382813978
CMPK2,6201,0.0075794226737622965,49,0.007901951298177712,0.0,0.0,0.0,2546,0.01728201099764336,44,0.01728201099764336,0.0,0.0,0.045454545454545456,0.009702588323881064,2.1870561264568673,0.045454545454545456,0.8979591836734694,0.521107599561321
AP2M1,6201,0.004999193678438961,34,0.005482986615062087,0.0,0.0,0.0,2546,0.010997643362136685,28,0.010997643362136685,0.0,0.0,0.10714285714285714,0.005998449683697724,2.0057760731943994,0.10714285714285714,0.8235294117647058,0.5205299215406605
RASAL2,6201,0.017739074342847928,132,0.021286889211417512,0.0,0.0,0.0,2546,0.02513747054202671,113,0.044383346425765906,0.0,0.0,0.07964601769911504,0.007398396199178783,2.0850085695922305,0.07964601769911504,0.8560606060606061,0.520451668517524
SMAD5,6201,0.003709079180777294,25,0.004031607805192711,0.0,0.0,0.0,2546,0.008248232521602514,21,0.008248232521602514,0.0,0.0,0.09523809523809523,0.00453915334082522,2.0458915946582876,0.09523809523809523,0.84,0.520423732449004
PCDH7,6201,0.02080309627479439,144,0.023222060957910014,0.0,0.0,0.0,2546,0.04320502749410841,131,0.05145326001571092,0.0,0.0,0.022900763358778626,0.022401931219314018,2.2157060094265515,0.022900763358778626,0.9097222222222222,0.5202024461769572
MMP1,6201,0.0075794226737622965,54,0.008708272859216255,0.0,0.0,0.0,2546,0.012961508248232521,52,0.0204241948153967,0.0,0.0,0.0,0.005382085574470225,2.345378371301388,0.0,0.9629629629629629,0.5198147076838572
SLC16A1,6201,0.00725689404934688,48,0.0077406869859700045,0.0,0.0,0.0,2546,0.01610369206598586,43,0.016889238020424194,0.0,0.0,0.046511627906976744,0.008846798016638978,2.181878436763551,0.046511627906976744,0.8958333333333334,0.5196829711439502
BBOX1,6201,0.006289308176100629,40,0.006450572488308337,0.0,0.0,0.0,2546,0.012175962293794187,37,0.014532600157109192,0.0,0.0,0.02702702702702703,0.005886654117693558,2.2529163393558527,0.02702702702702703,0.925,0.5193184297483052
CDC42EP4,6201,0.005644250927269795,37,0.0059667795516852125,0.0,0.0,0.0,2546,0.01335428122545169,34,0.01335428122545169,0.0,0.0,0.029411764705882353,0.007710030298181895,2.2381053480817816,0.029411764705882353,0.918918918918919,0.5189630040936553
PPM1B,6201,0.006450572488308337,44,0.007095629737139171,0.0,0.0,0.0,2546,0.010997643362136685,36,0.014139827179890024,0.0,0.0,0.1111111111111111,0.004547070873828348,1.9927515532385918,0.1111111111111111,0.8181818181818182,0.5187042175746501
CTCF,6201,0.018061602967263345,121,0.01951298177713272,0.0,0.0,0.008264462809917356,2546,0.029850746268656716,106,0.041633935585231735,0.0,0.0,0.0660377358490566,0.01178914330139337,2.1336531782150576,0.05777327303913925,0.8760330578512396,0.5186147093325574
BCAM,6201,0.010804708917916465,74,0.011933559103370425,0.0,0.0,0.0,2546,0.027101335428122545,70,0.02749410840534171,0.0,0.0,0.0,0.01629662651020608,2.3039319759665395,0.0,0.9459459459459459,0.5182627130091975
NOD1,6201,0.01451378809869376,99,0.015965166908563134,0.0,0.0,0.0,2546,0.034956794972505895,93,0.03652788688138256,0.0,0.0,0.0,0.020443006873812133,2.287974005570235,0.0,0.9393939393939394,0.5175673976280802
FTL,6201,0.00306402193194646,21,0.003386550556361877,0.0,0.0,0.0,2546,0.006677140612725845,17,0.006677140612725845,0.0,0.0,0.11764705882352941,0.0036131186807793845,1.971664235214903,0.11764705882352941,0.8095238095238095,0.5172351413795488
CHRNB1,6201,0.005321722302854378,35,0.005644250927269795,0.0,0.0,0.0,2546,0.012568735271013355,32,0.012568735271013355,0.0,0.0,0.03125,0.007247012968158977,2.226820783301538,0.03125,0.9142857142857143,0.5168472073078519
SNAP25,6201,0.005482986615062087,35,0.005644250927269795,0.0,0.0,0.0,2546,0.012568735271013355,32,0.012568735271013355,0.0,0.0,0.03125,0.007085748655951268,2.226820783301538,0.03125,0.9142857142857143,0.5166859429956442
DLL1,6201,0.009675858732462506,66,0.010643444605708756,0.0,0.0,0.0,2546,0.023959151610369208,61,0.023959151610369208,0.0,0.0,0.01639344262295082,0.014283292877906702,2.2510711990287797,0.01639344262295082,0.9242424242424242,0.5165140966776723
LDHB,6201,0.003709079180777294,24,0.0038703434929850023,0.0,0.0,0.0,2546,0.009033778476040848,23,0.009033778476040848,0.0,0.0,0.0,0.0053246992952635545,2.3341025137470544,0.0,0.9583333333333334,0.5163810505657326
ARL2BP,6201,0.002257700370907918,14,0.002257700370907918,0.0,0.0,0.0,2546,0.003927729772191673,10,0.003927729772191673,0.0,0.0,0.2,0.0016700294012837549,1.739703736954326,0.2,0.7142857142857143,0.5163726381962155
PSMD14,6201,0.002257700370907918,14,0.002257700370907918,0.0,0.0,0.0,2546,0.003927729772191673,10,0.003927729772191673,0.0,0.0,0.2,0.0016700294012837549,1.739703736954326,0.2,0.7142857142857143,0.5163726381962155
CBR4,6201,0.0016126431220770843,11,0.0017739074342847927,0.0,0.0,0.0,2546,0.003534956794972506,9,0.003534956794972506,0.0,0.0,0.1111111111111111,0.0019223136728954216,1.9927515532385918,0.1111111111111111,0.8181818181818182,0.5160794603737171
GZMB,6201,0.0041928721174004195,27,0.0043541364296081275,0.0,0.0,0.0,2546,0.0054988216810683424,26,0.01021209740769835,0.0,0.0,0.0,0.001305949563667923,2.345378371301388,0.0,0.9629629629629629,0.5157385716730549
WNT5B,6201,0.005805515239477504,42,0.006773101112723754,0.0,0.0,0.0,2546,0.014532600157109192,37,0.014532600157109192,0.0,0.0,0.05405405405405406,0.008727084917631689,2.1456346089103357,0.05405405405405406,0.8809523809523809,0.5156496116459135
UCP2,6201,0.003709079180777294,25,0.004031607805192711,0.0,0.0,0.0,2546,0.007069913589945012,24,0.009426551453260016,0.0,0.0,0.0,0.003360834409167718,2.3381618224666147,0.0,0.96,0.5156339567833703
ACTN2,6201,0.022415739396871474,180,0.02902757619738752,0.0,0.0,0.0,2546,0.041633935585231735,166,0.06520031421838178,0.0,0.0,0.012048192771084338,0.01921819618836026,2.2461508248232525,0.012048192771084338,0.9222222222222223,0.5155891412378435
PSMA1,6201,0.0043541364296081275,27,0.0043541364296081275,0.0,0.0,0.0,2546,0.0054988216810683424,26,0.01021209740769835,0.0,0.0,0.0,0.001144685251460215,2.345378371301388,0.0,0.9629629629629629,0.5155773073608472
RBX1,6201,0.001128850185453959,7,0.001128850185453959,0.0,0.0,0.0,2546,0.0019638648860958365,5,0.0019638648860958365,0.0,0.0,0.2,0.0008350147006418774,1.739703736954326,0.2,0.7142857142857143,0.5155376234955736
RTP4,6201,0.0032252862441541686,23,0.003709079180777294,0.0,0.0,0.0,2546,0.00864100549882168,22,0.00864100549882168,0.0,0.0,0.0,0.005415719254667512,2.329690221660576,0.0,0.9565217391304348,0.5151478118314833
IL9,6201,0.002580228995323335,16,0.002580228995323335,0.0,0.0,0.0,2546,0.004713275726630008,12,0.004713275726630008,0.0,0.0,0.16666666666666666,0.002133046731306673,1.8266889238020425,0.16666666666666666,0.75,0.5147585679293021
CXCL13,6201,0.0016126431220770843,10,0.0016126431220770843,0.0,0.0,0.0,2546,0.003142183817753339,8,0.003142183817753339,0.0,0.0,0.125,0.0015295406956762545,1.9484681853888455,0.125,0.8,0.5146681364354968
CREG1,6201,0.0016126431220770843,10,0.0016126431220770843,0.0,0.0,0.0,2546,0.003142183817753339,8,0.003142183817753339,0.0,0.0,0.125,0.0015295406956762545,1.9484681853888455,0.125,0.8,0.5146681364354968
DFFA,6201,0.0035478148685695854,23,0.003709079180777294,0.0,0.0,0.0,2546,0.008248232521602514,22,0.00864100549882168,0.0,0.0,0.0,0.004700417653032928,2.329690221660576,0.0,0.9565217391304348,0.5144325102298487
GFPT2,6201,0.011449766166747298,81,0.013062409288824383,0.0,0.0,0.0,2546,0.029065200314218383,76,0.029850746268656716,0.0,0.0,0.0,0.017615434147471083,2.285240464344942,0.0,0.9382716049382716,0.5139081035588913
ARL6IP1,6201,0.0024189646831156266,19,0.00306402193194646,0.0,0.0,0.0,2546,0.003534956794972506,15,0.00589159465828751,0.0,0.0,0.13333333333333333,0.0011159921118568793,1.922830446107413,0.13333333333333333,0.7894736842105263,0.5138546225263562
SLC2A3,6201,0.010482180293501049,68,0.010965973230124174,0.0,0.0,0.0,2546,0.02513747054202671,64,0.02513747054202671,0.0,0.0,0.0,0.014655290248525661,2.2923155122221712,0.0,0.9411764705882353,0.5130992300196426
CSTF3,6201,0.006773101112723754,48,0.0077406869859700045,0.0,0.0,0.0,2546,0.016889238020424194,44,0.01728201099764336,0.0,0.0,0.022727272727272728,0.01011613690770044,2.2326197957580516,0.022727272727272728,0.9166666666666666,0.5129891198381467
DIO1,6201,0.0035478148685695854,22,0.0035478148685695854,0.0,0.0,0.0,2546,0.008248232521602514,21,0.008248232521602514,0.0,0.0,0.0,0.004700417653032928,2.3248768121116905,0.0,0.9545454545454546,0.5129858615256092
MMP14,6201,0.007095629737139171,47,0.0075794226737622965,0.0,0.0,0.0,2546,0.015318146111547526,40,0.015710919088766692,0.0,0.0,0.075,0.008222516374408354,2.072838495094516,0.075,0.851063829787234,0.5126770614783762
ITIH5,6201,0.024189646831156264,188,0.030317690695049186,0.0,0.0,0.0,2546,0.040455616653574236,169,0.06637863315003928,0.0,0.0,0.029585798816568046,0.016265969822417972,2.189435660443583,0.029585798816568046,0.898936170212766,0.5125485802737046
GTF2F1,6201,0.006611836800516046,46,0.007418158361554588,0.0,0.0,0.0,2546,0.015318146111547526,39,0.015318146111547526,0.0,0.0,0.07692307692307693,0.00870630931103148,2.0649526964718743,0.07692307692307693,0.8478260869565217,0.5125143414919765
NUDT19,6201,0.004676665054023544,31,0.004999193678438961,0.0,0.0,0.0,2546,0.010997643362136685,28,0.010997643362136685,0.0,0.0,0.03571428571428571,0.006320978308113141,2.1998834351164382,0.03571428571428571,0.9032258064516129,0.5120024660785595
SATB1,6201,0.013707466537655217,109,0.01757781003064022,0.0,0.0,0.0,2546,0.021209740769835034,91,0.03574234092694423,0.0,0.0,0.08791208791208792,0.007502274232179817,2.0333784962200108,0.08791208791208792,0.8348623853211009,0.5119441951919188
NDUFB5,6201,0.003709079180777294,23,0.003709079180777294,0.0,0.0,0.0,2546,0.00589159465828751,22,0.00864100549882168,0.0,0.0,0.0,0.0021825154775102157,2.329690221660576,0.0,0.9565217391304348,0.511914608054326
TAOK2,6201,0.015481373971940009,115,0.01854539590388647,0.0,0.0,0.008695652173913044,2546,0.032992930086410056,103,0.040455616653574236,0.0,0.0,0.038834951456310676,0.01751155611447005,2.1814372075549033,0.030139299282397634,0.8956521739130435,0.5118367215907269
CR1,6201,0.02983389775842606,227,0.036606998871149814,0.0,0.0,0.0,2546,0.04870384917517675,200,0.07855459544383346,0.0,0.0,0.04,0.01886995141675069,2.1458900720141467,0.04,0.8810572687224669,0.511819632738137
MKNK2,6201,0.005482986615062087,38,0.00612804386389292,0.0,0.0,0.0,2546,0.014139827179890024,36,0.014139827179890024,0.0,0.0,0.0,0.008656840564827937,2.3073965353288957,0.0,0.9473684210526315,0.5116709946870127
CORO1A,6201,0.00612804386389292,39,0.006289308176100629,0.0,0.0,0.0,2546,0.013747054202670856,37,0.014532600157109192,0.0,0.0,0.0,0.007619010338777935,2.310683424980361,0.0,0.9487179487179487,0.511626470658963
ITIH3,6201,0.010804708917916465,78,0.012578616352201259,0.0,0.0,0.0,2546,0.02788688138256088,73,0.028672427336999214,0.0,0.0,0.0,0.017082172464644416,2.2794579732914375,0.0,0.9358974358974359,0.5116131485998344
POLR2E,6201,0.0032252862441541686,22,0.0035478148685695854,0.0,0.0,0.0,2546,0.00589159465828751,21,0.008248232521602514,0.0,0.0,0.0,0.002666308414133341,2.3248768121116905,0.0,0.9545454545454546,0.5109517522867095
SFRP4,6201,0.009192065795839382,60,0.009675858732462506,0.0,0.0,0.0,2546,0.021209740769835034,55,0.021602513747054203,0.0,0.0,0.01818181818181818,0.012017674973995652,2.232619795758052,0.01818181818181818,0.9166666666666666,0.5103452033589874
PICK1,6201,0.004837929366231253,30,0.004837929366231253,0.0,0.0,0.0,2546,0.010604870384917517,27,0.010604870384917517,0.0,0.0,0.037037037037037035,0.005766941018686264,2.1920267085624507,0.037037037037037035,0.9,0.5103128443924605
SLC22A1,6201,0.006934365424931463,46,0.007418158361554588,0.0,0.0,0.0,2546,0.015710919088766692,42,0.016496465043205028,0.0,0.0,0.023809523809523808,0.00877655366383523,2.223795211585095,0.023809523809523808,0.9130434782608695,0.5099981995605071
IGFBP1,6201,0.004999193678438961,32,0.00516045799064667,0.0,0.0,0.03125,2546,0.011390416339355853,29,0.011390416339355853,0.0,0.0,0.0,0.006391222660916892,2.2072491162608014,-0.03125,0.90625,0.5099076387040266
CD302,6201,0.0019351717464925011,12,0.0019351717464925011,0.0,0.0,0.0,2546,0.00039277297721916735,1,0.00039277297721916735,0.0,0.0,0.0,-0.0015423987692733338,0.20296543597800473,0.0,0.08333333333333333,0.5098998742722904
FBXO34,6201,0.009030801483631673,65,0.010482180293501049,0.0,0.0,0.0,2546,0.022780832678711706,58,0.022780832678711706,0.0,0.0,0.034482758620689655,0.013750031195080033,2.173291437549097,0.034482758620689655,0.8923076923076924,0.5098549668508198
BAK1,6201,0.002902757619738752,20,0.0032252862441541686,0.0,0.0,0.0,2546,0.007462686567164179,19,0.007462686567164179,0.0,0.0,0.0,0.004559928947425428,2.3138059701492537,0.0,0.95,0.5095101171410817
ANXA5,6201,0.0032252862441541686,20,0.0032252862441541686,0.0,0.0,0.0,2546,0.007462686567164179,19,0.007462686567164179,0.0,0.0,0.0,0.00423740032301001,2.3138059701492537,0.0,0.95,0.5091875885166663
IL7,6201,0.0032252862441541686,21,0.003386550556361877,0.0,0.0,0.0,2546,0.005106048703849175,20,0.007855459544383346,0.0,0.0,0.0,0.0018807624596950067,2.3196049826057683,0.0,0.9523809523809523,0.5085793766064884
PTGIS,6201,0.008869537171423964,63,0.010159651669085631,0.0,0.0,0.0,2546,0.020031421838177535,53,0.020816967792615867,0.0,0.0,0.07547169811320754,0.011161884666753571,2.048984401301762,0.07547169811320754,0.8412698412698413,0.5082949542083771
GPR83,6201,0.009353330108047089,69,0.011127237542331882,0.0,0.0,0.0,2546,0.018067556952081697,65,0.025530243519245877,0.0,0.0,0.0,0.008714226844034608,2.294391884968749,0.0,0.9420289855072463,0.5077886402919519
ONECUT1,6201,0.008547008547008548,57,0.009192065795839382,0.0,0.0,0.0,2546,0.020031421838177535,52,0.0204241948153967,0.0,0.0,0.019230769230769232,0.011484413291168987,2.2219374043907885,0.019230769230769232,0.9122807017543859,0.5075508589646776
PPM1D,6201,0.0077406869859700045,56,0.009030801483631673,0.0,0.0,0.0,2546,0.019638648860958365,51,0.020031421838177535,0.0,0.0,0.0196078431372549,0.011897961874988362,2.218122264616766,0.0196078431372549,0.9107142857142857,0.5071566662773574
CD55,6201,0.00516045799064667,35,0.005644250927269795,0.0,0.0,0.0,2546,0.010997643362136685,30,0.01178318931657502,0.0,0.0,0.06666666666666667,0.005837185371490015,2.0876444843451916,0.06666666666666667,0.8571428571428571,0.5067651688864326
C1S,6201,0.012739880664408966,100,0.016126431220770843,0.0,0.0,0.0,2546,0.02199528672427337,91,0.03574234092694423,0.0,0.0,0.02197802197802198,0.009255406059864404,2.216382560879812,0.02197802197802198,0.91,0.5063435472174709
KDM7A,6201,0.01032091598129334,73,0.011772294791162716,0.0,0.0,0.0,2546,0.025530243519245877,65,0.025530243519245877,0.0,0.0,0.03076923076923077,0.015209327537952537,2.1686717816827903,0.03076923076923077,0.8904109589041096,0.5061438815183672
HGF,6201,0.018061602967263345,132,0.021286889211417512,0.0,0.0,0.007575757575757576,2546,0.02945797329143755,119,0.04673998428908091,0.0,0.0,0.03361344537815126,0.011396370324174204,2.1957169892165966,0.026037687802393683,0.9015151515151515,0.5060983499904674
BLVRA,6201,0.004676665054023544,34,0.005482986615062087,0.0,0.0,0.0,2546,0.012175962293794187,32,0.012568735271013355,0.0,0.0,0.0,0.007499297239770643,2.2923155122221712,0.0,0.9411764705882353,0.5059432370108876
AURKA,6201,0.0041928721174004195,27,0.0043541364296081275,0.0,0.0,0.0,2546,0.009426551453260016,24,0.009426551453260016,0.0,0.0,0.041666666666666664,0.005233679335859597,2.1649646504320503,0.041666666666666664,0.8888888888888888,0.5058950520765217
P4HA1,6201,0.00612804386389292,41,0.006611836800516046,0.0,0.0,0.0,2546,0.011390416339355853,34,0.01335428122545169,0.0,0.0,0.08823529411764706,0.0052623724754629325,2.0197536068055104,0.08823529411764706,0.8292682926829268,0.505525726941037
NPTXR,6201,0.006611836800516046,47,0.0075794226737622965,0.0,0.0,0.0,2546,0.01728201099764336,44,0.01728201099764336,0.0,0.0,0.0,0.010670174197127315,2.2801223446039676,0.0,0.9361702127659575,0.5054037155217362
KIF13B,6201,0.016771488469601678,122,0.01967424608934043,0.0,0.0,0.0,2546,0.0408483896307934,106,0.041633935585231735,0.0,0.0,0.03773584905660377,0.024076901161191724,2.116164217737885,0.03773584905660377,0.8688524590163934,0.5052683977339965
MPHOSPH10,6201,0.009192065795839382,66,0.010643444605708756,0.0,0.0,0.0,2546,0.022388059701492536,57,0.022388059701492536,0.0,0.0,0.05263157894736842,0.013195993905653155,2.103459972862958,0.05263157894736842,0.8636363636363636,0.5051980016633845
CAV3,6201,0.002902757619738752,18,0.002902757619738752,0.0,0.0,0.0,2546,0.006677140612725845,17,0.006677140612725845,0.0,0.0,0.0,0.003774382992987093,2.3002749410840537,0.0,0.9444444444444444,0.5046329829149508
ASB13,6201,0.002902757619738752,18,0.002902757619738752,0.0,0.0,0.0,2546,0.006677140612725845,17,0.006677140612725845,0.0,0.0,0.0,0.003774382992987093,2.3002749410840537,0.0,0.9444444444444444,0.5046329829149508
LBR,6201,0.008385744234800839,54,0.008708272859216255,0.0,0.0,0.0,2546,0.01767478397486253,46,0.018067556952081697,0.0,0.0,0.06521739130434782,0.009289039740061691,2.0747577899973817,0.06521739130434782,0.8518518518518519,0.5045853811600982
PLA2G7,6201,0.007901951298177712,54,0.008708272859216255,0.0,0.0,0.0,2546,0.018853102906520033,49,0.0192458758837392,0.0,0.0,0.02040816326530612,0.01095115160834232,2.2100680806493846,0.02040816326530612,0.9074074074074074,0.5045042801557634
DKK1,6201,0.0059667795516852125,38,0.00612804386389292,0.0,0.0,0.0,2546,0.012175962293794187,31,0.012175962293794187,0.0,0.0,0.0967741935483871,0.006209182742108975,1.9869247943109936,0.0967741935483871,0.8157894736842105,0.5040805569813382
TRIB2,6201,0.006611836800516046,46,0.007418158361554588,0.0,0.0,0.0,2546,0.016889238020424194,43,0.016889238020424194,0.0,0.0,0.0,0.01027740121990815,2.2767427166228353,0.0,0.9347826086956522,0.5039800754307777
HCLS1,6201,0.011127237542331882,82,0.013223673601032092,0.0,0.0,0.0,2546,0.018067556952081697,77,0.030243519245875882,0.0,0.0,0.0,0.006940319409749814,2.287073937118004,0.0,0.9390243902439024,0.5037909270781153
GFPT1,6201,0.006773101112723754,44,0.007095629737139171,0.0,0.0,0.0,2546,0.010997643362136685,40,0.015710919088766692,0.0,0.0,0.025,0.004224542249412931,2.2141683924873243,0.025,0.9090909090909091,0.5036460210633287
PIGQ,6201,0.008063215610385421,58,0.009353330108047089,0.0,0.0,0.0,2546,0.0204241948153967,54,0.021209740769835034,0.0,0.0,0.0,0.01236097920501128,2.267613836443915,0.0,0.9310344827586207,0.5032738035579354
DKC1,6201,0.006289308176100629,42,0.006773101112723754,0.0,0.0,0.0,2546,0.009033778476040848,29,0.011390416339355853,0.0,0.0,0.20689655172413793,0.002744470299940219,1.681713612389182,0.20689655172413793,0.6904761904761905,0.5029498392608545
IL10RB,6201,0.004999193678438961,32,0.00516045799064667,0.0,0.0,0.0,2546,0.01178318931657502,30,0.01178318931657502,0.0,0.0,0.0,0.006783995638136058,2.2833611547525527,0.0,0.9375,0.5025044550868747
CDC34,6201,0.0024189646831156266,17,0.0027414933075310434,0.0,0.0,0.0,2546,0.006284367635506678,16,0.006284367635506678,0.0,0.0,0.0,0.003865402952391051,2.2923155122221712,0.0,0.9411764705882353,0.502309342723508
ADAM9,6201,0.008708272859216255,58,0.009353330108047089,0.0,0.0,0.0,2546,0.020031421838177535,51,0.020031421838177535,0.0,0.0,0.0392156862745098,0.01132314897896128,2.1416352899748086,0.0392156862745098,0.8793103448275862,0.5021351120336945
CDH1,6201,0.02467343976777939,162,0.026124818577648767,0.0,0.0,0.0,2546,0.032992930086410056,144,0.056559308719560095,0.0,0.0,0.034722222222222224,0.008319490318630666,2.1649646504320503,0.034722222222222224,0.8888888888888888,0.5020364186148484
UQCRC2,6201,0.004837929366231253,31,0.004999193678438961,0.0,0.0,0.0,2546,0.01021209740769835,26,0.01021209740769835,0.0,0.0,0.07692307692307693,0.0053741680414670975,2.0427489040366926,0.07692307692307693,0.8387096774193549,0.5019114159886456
ADAMTS5,6201,0.02144815352362522,148,0.02386711820674085,0.0,0.0,0.006756756756756757,2546,0.05066771406127259,131,0.05145326001571092,0.0,1.0,0.022900763358778626,0.029219560537647366,2.1558220632258336,0.01614400660202187,0.8851351351351351,0.5014654075004764
CHRNG,6201,0.007418158361554588,51,0.00822447992259313,0.0,0.0,0.0,2546,0.018067556952081697,46,0.018067556952081697,0.0,0.0,0.021739130434782608,0.010649398590527109,2.1968023658795803,0.021739130434782608,0.9019607843137255,0.5013923980146342
NCAPD2,6201,0.013546202225447508,97,0.01564263828414772,0.0,0.0,0.0,2546,0.031421838177533384,80,0.031421838177533384,0.0,0.0,0.075,0.017875635952085876,2.008730088029737,0.075,0.8247422680412371,0.5012465474645258
ACSL5,6201,0.007901951298177712,65,0.010482180293501049,0.0,0.0,0.0,2546,0.012961508248232521,58,0.022780832678711706,0.0,0.0,0.034482758620689655,0.005059556950054809,2.173291437549097,0.034482758620689655,0.8923076923076924,0.5011644926057945
RBBP7,6201,0.006289308176100629,44,0.007095629737139171,0.0,0.0,0.0,2546,0.00864100549882168,35,0.013747054202670856,0.0,0.0,0.11428571428571428,0.002351697322721051,1.9373973434264087,0.11428571428571428,0.7954545454545454,0.5010141629894402
RASGRP1,6201,0.009192065795839382,65,0.010482180293501049,0.0,0.0,0.0,2546,0.018853102906520033,56,0.02199528672427337,0.0,0.0,0.05357142857142857,0.009661037110680651,2.0983503534956793,0.05357142857142857,0.8615384615384616,0.500955110940726
WWC1,6201,0.015965166908563134,110,0.017739074342847928,0.0,0.0,0.0,2546,0.02749410840534171,86,0.03377847604084839,0.0,0.0,0.11627906976744186,0.011528941496778577,1.9041848175390987,0.11627906976744186,0.7818181818181819,0.5008135680450039
PVALB,6201,0.0017739074342847927,12,0.0019351717464925011,0.0,0.0,0.08333333333333333,2546,0.003927729772191673,10,0.003927729772191673,0.0,0.0,0.0,0.00215382233790688,2.029654359780047,-0.08333333333333333,0.8333333333333334,0.5007885154459372
C1QC,6201,0.00725689404934688,47,0.0075794226737622965,0.0,0.0,0.0,2546,0.012568735271013355,44,0.01728201099764336,0.0,0.0,0.0,0.005311841221666475,2.2801223446039676,0.0,0.9361702127659575,0.5000453825462754
BCAP31,6201,0.0027414933075310434,17,0.0027414933075310434,0.0,0.0,0.0,2546,0.00432050274941084,16,0.006284367635506678,0.0,0.0,0.0,0.0015790094418797968,2.2923155122221712,0.0,0.9411764705882353,0.5000229492129968
LCK,6201,0.008063215610385421,59,0.009514594420254797,0.0,0.0,0.0,2546,0.01335428122545169,49,0.0192458758837392,0.0,0.0,0.08163265306122448,0.005291065615066268,2.0227741755096065,0.08163265306122448,0.8305084745762712,0.4999515490094003
RBM5,6201,0.008385744234800839,57,0.009192065795839382,0.0,0.0,0.0,2546,0.01767478397486253,45,0.01767478397486253,0.0,0.0,0.1111111111111111,0.009289039740061691,1.922830446107413,0.1111111111111111,0.7894736842105263,0.4998054479323388
MAGI2,6201,0.02789872601193356,219,0.03531688437348815,0.0,0.0,0.0,2546,0.05695208169677926,192,0.07541241162608013,0.0,1.0,0.020833333333333332,0.0290533556848457,2.1353076004261315,0.020833333333333332,0.8767123287671232,0.4994667958881017
NOTCH4,6201,0.0287050475729721,225,0.036284470246734396,0.0,0.0,0.0,2546,0.0624509033778476,169,0.06637863315003928,0.0,1.0,0.11834319526627218,0.033745855804875505,1.8293951296150825,0.11834319526627218,0.7511111111111111,0.49900482420339765
CA4,6201,0.004676665054023544,30,0.004837929366231253,0.0,0.0,0.0,2546,0.010997643362136685,28,0.010997643362136685,0.0,0.0,0.0,0.006320978308113141,2.273212882953653,0.0,0.9333333333333333,0.49894583330105496
HPN,6201,0.0059667795516852125,48,0.0077406869859700045,0.0,0.0,0.0,2546,0.016889238020424194,43,0.016889238020424194,0.0,0.0,0.023255813953488372,0.010922458468738981,2.181878436763551,0.023255813953488372,0.8958333333333334,0.4985028176425619
FN3K,6201,0.0035478148685695854,23,0.003709079180777294,0.0,0.0,0.0,2546,0.007855459544383346,20,0.007855459544383346,0.0,0.0,0.05,0.00430764467581376,2.1179002015096144,0.05,0.8695652173913043,0.4983202270261308
FBLN1,6201,0.012739880664408966,89,0.01435252378648605,0.0,0.0,0.0,2546,0.031421838177533384,80,0.031421838177533384,0.0,0.0,0.0125,0.018681957513124417,2.1892900959425226,0.0125,0.898876404494382,0.4978331285272411
SERPINC1,6201,0.007901951298177712,59,0.009514594420254797,0.0,0.0,0.0,2546,0.010997643362136685,49,0.0192458758837392,0.0,0.0,0.08163265306122448,0.0030956920639589724,2.0227741755096065,0.08163265306122448,0.8305084745762712,0.497756175458293
STAB1,6201,0.028382518948556684,226,0.03644573455894211,0.0,0.0,0.0,2546,0.07344854673998429,193,0.0758051846032993,0.0,1.0,0.02072538860103627,0.0450660277914276,2.0799466801993756,0.02072538860103627,0.8539823008849557,0.4975565210445745
MIOS,6201,0.008869537171423964,56,0.009030801483631673,0.0,0.0,0.0,2546,0.016496465043205028,49,0.0192458758837392,0.0,0.0,0.04081632653061224,0.007626927871781064,2.1311370777690493,0.04081632653061224,0.875,0.4966922960552722
NPFFR2,6201,0.0133849379132398,98,0.015803902596355425,0.0,0.0,0.0,2546,0.0204241948153967,85,0.03338570306362922,0.0,0.0,0.047058823529411764,0.007039256902156902,2.1124973948731105,0.047058823529411764,0.8673469387755102,0.49637632467354026
IRF2,6201,0.0075794226737622965,53,0.008547008547008548,0.0,0.0,0.0,2546,0.01767478397486253,46,0.018067556952081697,0.0,0.0,0.043478260869565216,0.010095361301100234,2.1139041633935585,0.043478260869565216,0.8679245283018868,0.49630373850319215
DDAH2,6201,0.0032252862441541686,22,0.0035478148685695854,0.0,0.0,0.0,2546,0.007462686567164179,19,0.007462686567164179,0.0,0.0,0.05263157894736842,0.00423740032301001,2.103459972862958,0.05263157894736842,0.8636363636363636,0.49623940808074135
CD70,6201,0.0035478148685695854,22,0.0035478148685695854,0.0,0.0,0.0,2546,0.007462686567164179,19,0.007462686567164179,0.0,0.0,0.05263157894736842,0.003914871698594594,2.103459972862958,0.05263157894736842,0.8636363636363636,0.49591687945632595
GMPR,6201,0.004837929366231253,31,0.004999193678438961,0.0,0.0,0.0,2546,0.009033778476040848,24,0.009426551453260016,0.0,0.0,0.125,0.004195849109809595,1.8856143729569472,0.125,0.7741935483870968,0.49578650006957115
BIRC3,6201,0.00725689404934688,52,0.008385744234800839,0.0,0.0,0.0,2546,0.01767478397486253,45,0.01767478397486253,0.0,0.0,0.044444444444444446,0.01041788992551565,2.1077179890023565,0.044444444444444446,0.8653846153846154,0.4956038450693246
NFIL3,6201,0.006450572488308337,45,0.00725689404934688,0.0,0.0,0.0,2546,0.014532600157109192,37,0.014532600157109192,0.0,0.0,0.08108108108108109,0.008082027668800854,2.0025923016496465,0.08108108108108109,0.8222222222222222,0.495491944287975
AQP7,6201,0.007418158361554588,59,0.009514594420254797,0.0,0.0,0.0,2546,0.010604870384917517,55,0.021602513747054203,0.0,0.0,0.0,0.003186712023362929,2.2704608092454768,0.0,0.9322033898305084,0.4949704267028083
KYNU,6201,0.01128850185453959,76,0.01225608772778584,0.0,0.0,0.0,2546,0.024351924587588374,62,0.024351924587588374,0.0,0.0,0.08064516129032258,0.013063422733048785,1.9869247943109936,0.08064516129032258,0.8157894736842105,0.49480576471421356
SLC37A1,6201,0.006289308176100629,46,0.007418158361554588,0.0,0.0,0.0,2546,0.015710919088766692,41,0.01610369206598586,0.0,0.0,0.024390243902439025,0.009421610912666063,2.1708477065473546,0.024390243902439025,0.8913043478260869,0.49466364170986976
CLDN6,6201,0.0059667795516852125,40,0.006450572488308337,0.0,0.0,0.0,2546,0.014139827179890024,37,0.014532600157109192,0.0,0.0,0.0,0.00817304762820481,2.2529163393558527,0.0,0.925,0.49457779623178943
ZFP36,6201,0.0043541364296081275,28,0.004515400741815836,0.0,0.0,0.0,2546,0.009819324430479183,26,0.01021209740769835,0.0,0.0,0.0,0.005465188000871055,2.261614858040624,0.0,0.9285714285714286,0.49454043539882786
ELL,6201,0.0077406869859700045,51,0.00822447992259313,0.0,0.0,0.0,2546,0.018067556952081697,47,0.018460329929300863,0.0,0.0,0.0,0.010326869966111693,2.2445589390508753,0.0,0.9215686274509803,0.4941591101550146
CD2AP,6201,0.00725689404934688,48,0.0077406869859700045,0.0,0.0,0.0,2546,0.014532600157109192,38,0.014925373134328358,0.0,0.0,0.10526315789473684,0.007275706107762312,1.9281716417910448,0.10526315789473684,0.7916666666666666,0.4937698986537601
NDC80,6201,0.007901951298177712,51,0.00822447992259313,0.0,0.0,0.0,2546,0.016889238020424194,44,0.01728201099764336,0.0,0.0,0.045454545454545456,0.008987286722246482,2.10128921953699,0.045454545454545456,0.8627450980392157,0.4931125539249605
MMP3,6201,0.00822447992259313,65,0.010482180293501049,0.0,0.0,0.0,2546,0.022388059701492536,58,0.022780832678711706,0.0,0.0,0.017241379310344827,0.014163579778899406,2.173291437549097,0.017241379310344827,0.8923076923076924,0.4930271361242943
UBE2C,6201,0.0024189646831156266,15,0.0024189646831156266,0.0,0.0,0.0,2546,0.0027494108405341712,14,0.0054988216810683424,0.0,0.0,0.0,0.00033044615741854464,2.273212882953653,0.0,0.9333333333333333,0.4929553011503604
NRIP2,6201,0.0041928721174004195,27,0.0043541364296081275,0.0,0.0,0.0,2546,0.009819324430479183,25,0.009819324430479183,0.0,0.0,0.0,0.005626452313078763,2.255171510866719,0.0,0.9259259259259259,0.4927242375360299
OSGIN1,6201,0.006450572488308337,49,0.007901951298177712,0.0,0.0,0.0,2546,0.01767478397486253,45,0.01767478397486253,0.0,0.0,0.0,0.011224211486554194,2.236761947512705,0.0,0.9183673469387755,0.4926504620829365
SOWAHC,6201,0.00725689404934688,45,0.00725689404934688,0.0,0.0,0.0,2546,0.015710919088766692,40,0.015710919088766692,0.0,0.0,0.025,0.008454025039419812,2.1649646504320503,0.025,0.8888888888888888,0.4924487311134153
BIRC2,6201,0.006450572488308337,47,0.0075794226737622965,0.0,0.0,0.0,2546,0.009426551453260016,39,0.015318146111547526,0.0,0.0,0.07692307692307693,0.002975978964951679,2.021017532717153,0.07692307692307693,0.8297872340425532,0.492345581329532
INMT,6201,0.007901951298177712,55,0.008869537171423964,0.0,0.0,0.0,2546,0.01178318931657502,51,0.020031421838177535,0.0,0.0,0.0,0.0038812380183973066,2.2584517603370706,0.0,0.9272727272727272,0.49198621988477614
UBE2J1,6201,0.004031607805192711,25,0.004031607805192711,0.0,0.0,0.0,2546,0.007855459544383346,20,0.007855459544383346,0.0,0.0,0.1,0.0038238517391906354,1.9484681853888453,0.1,0.8,0.49196244747901097
EXOSC4,6201,0.002257700370907918,14,0.002257700370907918,0.0,0.0,0.0,2546,0.005106048703849175,13,0.005106048703849175,0.0,0.0,0.0,0.002848348332941257,2.261614858040624,0.0,0.9285714285714286,0.49192359573089806
RHOG,6201,0.002257700370907918,14,0.002257700370907918,0.0,0.0,0.0,2546,0.005106048703849175,13,0.005106048703849175,0.0,0.0,0.0,0.002848348332941257,2.261614858040624,0.0,0.9285714285714286,0.49192359573089806
MAPK8,6201,0.0059667795516852125,40,0.006450572488308337,0.0,0.0,0.0,2546,0.010997643362136685,37,0.014532600157109192,0.0,0.0,0.0,0.005030863810451472,2.2529163393558527,0.0,0.925,0.4914356124140361
SF3A1,6201,0.008063215610385421,55,0.008869537171423964,0.0,0.0,0.0,2546,0.018460329929300863,49,0.0192458758837392,0.0,0.0,0.02040816326530612,0.010397114318915442,2.1698850246375776,0.02040816326530612,0.8909090909090909,0.49135341442528213
EXOSC5,6201,0.0032252862441541686,20,0.0032252862441541686,0.0,0.0,0.0,2546,0.006677140612725845,17,0.006677140612725845,0.0,0.0,0.058823529411764705,0.003451854368571676,2.070247446975648,0.058823529411764705,0.85,0.490886363192093
CLEC5A,6201,0.005644250927269795,41,0.006611836800516046,0.0,0.0,0.0,2546,0.00864100549882168,38,0.014925373134328358,0.0,0.0,0.0,0.0029967545715518856,2.2573716781943935,0.0,0.926829268292683,0.49077021052635283
EXOSC9,6201,0.007095629737139171,45,0.00725689404934688,0.0,0.0,0.0,2546,0.013747054202670856,40,0.015710919088766692,0.0,0.0,0.025,0.006651424465531685,2.1649646504320503,0.025,0.8888888888888888,0.4906461305395272
PRPF4B,6201,0.010643444605708756,78,0.012578616352201259,0.0,0.0,0.0,2546,0.024351924587588374,65,0.025530243519245877,0.0,0.0,0.06153846153846154,0.013708479981879618,2.029654359780047,0.06153846153846154,0.8333333333333334,0.4905483012950381
PSMA3,6201,0.004676665054023544,29,0.004676665054023544,0.0,0.0,0.0,2546,0.0054988216810683424,22,0.00864100549882168,0.0,0.0,0.13636363636363635,0.0008221566270447981,1.84768534821356,0.13636363636363635,0.7586206896551724,0.4905451182103293
FLNB,6201,0.030317690695049186,251,0.04047734236413482,0.0,0.0,0.0,2546,0.04713275726630008,225,0.08837391987431265,0.0,0.0,0.008888888888888889,0.01681506657125089,2.183293534424752,0.008888888888888889,0.896414342629482,0.4904731383716225
MRPL15,6201,0.0035478148685695854,24,0.0038703434929850023,0.0,0.0,0.0,2546,0.007462686567164179,19,0.007462686567164179,0.0,0.0,0.10526315789473684,0.003914871698594594,1.9281716417910448,0.10526315789473684,0.7916666666666666,0.4904090642445924
RAB4A,6201,0.004031607805192711,25,0.004031607805192711,0.0,0.0,0.0,2546,0.00589159465828751,20,0.007855459544383346,0.0,0.0,0.1,0.001859986853094799,1.9484681853888453,0.1,0.8,0.4899985825929152
ABCE1,6201,0.006611836800516046,45,0.00725689404934688,0.0,0.0,0.0,2546,0.012961508248232521,33,0.012961508248232521,0.0,0.0,0.15151515151515152,0.006349671447716475,1.7860958366064414,0.15151515151515152,0.7333333333333333,0.48935891652511687
ELL2,6201,0.008869537171423964,62,0.009998387356877922,0.0,0.0,0.0,2546,0.01767478397486253,45,0.01767478397486253,0.0,0.0,0.15555555555555556,0.008805246803438567,1.767763474647138,0.15555555555555556,0.7258064516129032,0.4892532059927044
RNMT,6201,0.006289308176100629,45,0.00725689404934688,0.0,0.0,0.0,2546,0.010997643362136685,40,0.015710919088766692,0.0,0.0,0.025,0.004708335186036056,2.1649646504320503,0.025,0.8888888888888888,0.48870304126003156
NCK2,6201,0.006934365424931463,47,0.0075794226737622965,0.0,0.0,0.0,2546,0.016496465043205028,43,0.016889238020424194,0.0,0.0,0.0,0.009562099618273565,2.2283013822266047,0.0,0.9148936170212766,0.4883710301098363
MRPS18B,6201,0.00306402193194646,19,0.00306402193194646,0.0,0.0,0.0,2546,0.006284367635506678,16,0.006284367635506678,0.0,0.0,0.0625,0.0032203457035602174,2.051019142514574,0.0625,0.8421052631578947,0.4880488450356443
TGFBRAP1,6201,0.012578616352201259,84,0.013546202225447508,0.0,0.0,0.0,2546,0.02945797329143755,76,0.029850746268656716,0.0,0.0,0.0,0.01687935693923629,2.20362473347548,0.0,0.9047619047619048,0.4880150743423743
SLC26A2,6201,0.0077406869859700045,59,0.009514594420254797,0.0,0.0,0.0,2546,0.016889238020424194,44,0.01728201099764336,0.0,0.0,0.13636363636363635,0.00914855103445419,1.8163686473963812,0.13636363636363635,0.7457627118644068,0.487813348283215
RPL9,6201,0.0019351717464925011,13,0.0020964360587002098,0.0,0.0,0.0,2546,0.004713275726630008,12,0.004713275726630008,0.0,0.0,0.0,0.0027781039801375073,2.248232521602514,0.0,0.9230769230769231,0.48774193232057744
CDC27,6201,0.023060796645702306,166,0.0267698758264796,0.0,0.0,0.0,2546,0.0192458758837392,153,0.0600942655145326,0.0,0.0,0.0,-0.0038149207619631066,2.244846629250703,0.0,0.9216867469879518,0.48773582552791794
SH3BGRL2,6201,0.0020964360587002098,13,0.0020964360587002098,0.0,0.0,0.0,2546,0.004713275726630008,12,0.004713275726630008,0.0,0.0,0.0,0.0026168396679297984,2.248232521602514,0.0,0.9230769230769231,0.48758066800836974
SLC27A2,6201,0.009675858732462506,62,0.009998387356877922,0.0,0.0,0.016129032258064516,2546,0.016496465043205028,52,0.0204241948153967,0.0,0.0,0.07692307692307693,0.006820606310742522,2.0427489040366926,0.06079404466501241,0.8387096774193549,0.4872288219998565
MB,6201,0.0019351717464925011,13,0.0020964360587002098,0.0,0.0,0.0,2546,0.003534956794972506,12,0.004713275726630008,0.0,0.0,0.0,0.0015997850484800048,2.248232521602514,0.0,0.9230769230769231,0.48656361338891996
PSME2,6201,0.003386550556361877,22,0.0035478148685695854,0.0,0.0,0.0,2546,0.006677140612725845,17,0.006677140612725845,0.0,0.0,0.11764705882352941,0.0032905900563639677,1.8820431336142256,0.11764705882352941,0.7727272727272727,0.4862899323412229
CSE1L,6201,0.010965973230124174,75,0.012094823415578132,0.0,0.0,0.0,2546,0.01610369206598586,61,0.023959151610369208,0.0,0.0,0.08196721311475409,0.005137718835861685,1.9809426551453262,0.08196721311475409,0.8133333333333334,0.48619732911704894
ELP4,6201,0.006611836800516046,43,0.006934365424931463,0.0,0.0,0.0,2546,0.011390416339355853,38,0.014925373134328358,0.0,0.0,0.02631578947368421,0.004778579538839807,2.1523776466504683,0.02631578947368421,0.8837209302325582,0.4861041650259466
SFRP1,6201,0.005321722302854378,38,0.00612804386389292,0.0,0.0,0.0,2546,0.01178318931657502,30,0.01178318931657502,0.0,0.0,0.1,0.006461467013720641,1.922830446107413,0.1,0.7894736842105263,0.4858667640948866
SYNE1,6201,0.10353168843734882,1093,0.17626189324302532,0.0,1.0,0.0027447392497712718,2546,0.1743912018853103,845,0.3318931657501964,0.0,2.0,0.05207100591715976,0.07085951344796147,1.882954730848095,0.04932626666738849,0.7731015553522416,0.48585431598922124
TXNRD2,6201,0.00725689404934688,49,0.007901951298177712,0.0,0.0,0.0,2546,0.011390416339355853,45,0.01767478397486253,0.0,0.0,0.0,0.004133522290008973,2.236761947512705,0.0,0.9183673469387755,0.4855597728863913
SERPINB5,6201,0.004515400741815836,34,0.005482986615062087,0.0,0.0,0.0,2546,0.010997643362136685,28,0.010997643362136685,0.0,0.0,0.07142857142857142,0.0064822426203208485,2.0057760731943994,0.07142857142857142,0.8235294117647058,0.48529942876299786
RIT1,6201,0.003709079180777294,26,0.0041928721174004195,0.0,0.0,0.0,2546,0.003534956794972506,24,0.009426551453260016,0.0,0.0,0.0,-0.00017412238580478794,2.248232521602514,0.0,0.9230769230769231,0.4851379507262447
SPCS3,6201,0.002902757619738752,18,0.002902757619738752,0.0,0.0,0.0,2546,0.00589159465828751,15,0.00589159465828751,0.0,0.0,0.06666666666666667,0.0029888370385487578,2.029654359780047,0.06666666666666667,0.8333333333333334,0.4849568634799124
ACTN1,6201,0.009675858732462506,74,0.011933559103370425,0.0,0.0,0.0,2546,0.022780832678711706,67,0.02631578947368421,0.0,0.0,0.0,0.0131049739462492,2.2051920341394022,0.0,0.9054054054054054,0.48472979901215807
EDEM1,6201,0.0059667795516852125,40,0.006450572488308337,0.0,0.0,0.0,2546,0.01335428122545169,35,0.013747054202670856,0.0,0.0,0.02857142857142857,0.007387501673766477,2.1311370777690493,0.02857142857142857,0.875,0.48420797189807396
KLK3,6201,0.0075794226737622965,48,0.0077406869859700045,0.0,0.0,0.0,2546,0.011390416339355853,44,0.01728201099764336,0.0,0.0,0.0,0.0038109936655935563,2.2326197957580516,0.0,0.9166666666666666,0.4839567038687671
ACTG2,6201,0.006934365424931463,47,0.0075794226737622965,0.0,0.0,0.0,2546,0.010997643362136685,40,0.015710919088766692,0.0,0.0,0.05,0.004063277937205222,2.072838495094516,0.05,0.851063829787234,0.4835178230411731
ITGAL,6201,0.02048056765037897,150,0.024189646831156264,0.0,0.0,0.0,2546,0.030636292223095052,127,0.04988216810683425,0.0,0.0,0.047244094488188976,0.01015572457271608,2.062128829536528,0.047244094488188976,0.8466666666666667,0.4833630085079864
CD207,6201,0.006934365424931463,48,0.0077406869859700045,0.0,0.0,0.0,2546,0.014925373134328358,39,0.015318146111547526,0.0,0.0,0.07692307692307693,0.007991007709396895,1.978913000785546,0.07692307692307693,0.8125,0.4833253732099011
CPM,6201,0.005321722302854378,34,0.005482986615062087,0.0,0.0,0.0,2546,0.012175962293794187,31,0.012175962293794187,0.0,0.0,0.0,0.006854239990939809,2.2206806524652283,0.0,0.9117647058823529,0.48329977940230173
IRF1,6201,0.0041928721174004195,29,0.004676665054023544,0.0,0.0,0.0,2546,0.009033778476040848,25,0.009819324430479183,0.0,0.0,0.04,0.004840906358640429,2.099642441151773,0.04,0.8620689655172413,0.48298048907350183
FARSA,6201,0.007095629737139171,44,0.007095629737139171,0.0,0.0,0.0,2546,0.014532600157109192,37,0.014532600157109192,0.0,0.0,0.05405405405405406,0.007436970419970021,2.048105763050775,0.05405405405405406,0.8409090909090909,0.4828641803001167
CAMK4,6201,0.01225608772778584,87,0.014029995162070633,0.0,0.0,0.0,2546,0.021602513747054203,76,0.029850746268656716,0.0,0.0,0.02631578947368421,0.009346426019268363,2.1276376737004634,0.02631578947368421,0.8735632183908046,0.48279301769092253
ERCC1,6201,0.005482986615062087,37,0.0059667795516852125,0.0,0.0,0.0,2546,0.009819324430479183,29,0.011390416339355853,0.0,0.0,0.10344827586206896,0.004336337815417096,1.9089722086579903,0.10344827586206896,0.7837837837837838,0.4824372590126048
SOCS3,6201,0.0032252862441541686,23,0.003709079180777294,0.0,0.0,0.0,2546,0.008248232521602514,21,0.008248232521602514,0.0,0.0,0.0,0.005022946277448346,2.223795211585095,0.0,0.9130434782608695,0.4824350683645964
POLR2C,6201,0.003386550556361877,23,0.003709079180777294,0.0,0.0,0.0,2546,0.008248232521602514,21,0.008248232521602514,0.0,0.0,0.0,0.004861681965240637,2.223795211585095,0.0,0.9130434782608695,0.4822738040523886
ANKRA2,6201,0.002580228995323335,17,0.0027414933075310434,0.0,0.0,0.0,2546,0.0054988216810683424,14,0.0054988216810683424,0.0,0.0,0.07142857142857142,0.0029185926857450075,2.0057760731943994,0.07142857142857142,0.8235294117647058,0.481735778828422
TROAP,6201,0.009192065795839382,62,0.009998387356877922,0.0,0.0,0.0,2546,0.0204241948153967,53,0.020816967792615867,0.0,0.0,0.03773584905660377,0.01123212901955732,2.0820325368066293,0.03773584905660377,0.8548387096774194,0.48141009140144814
SQLE,6201,0.004837929366231253,33,0.005321722302854378,0.0,0.0,0.0,2546,0.01178318931657502,30,0.01178318931657502,0.0,0.0,0.0,0.006945259950343766,2.2141683924873243,0.0,0.9090909090909091,0.4813667387642595
PPP1R3C,6201,0.00516045799064667,33,0.005321722302854378,0.0,0.0,0.0,2546,0.01178318931657502,30,0.01178318931657502,0.0,0.0,0.0,0.006622731325928349,2.2141683924873243,0.0,0.9090909090909091,0.48104421013984405
LAMP2,6201,0.004999193678438961,33,0.005321722302854378,0.0,0.0,0.0,2546,0.011390416339355853,30,0.01178318931657502,0.0,0.0,0.0,0.006391222660916892,2.2141683924873243,0.0,0.9090909090909091,0.4808127014748326
TMPRSS6,6201,0.012901144976616674,91,0.014675052410901468,0.0,0.0,0.0,2546,0.02945797329143755,80,0.031421838177533384,0.0,0.0,0.0125,0.016556828314820873,2.1411738300976317,0.0125,0.8791208791208791,0.4805062090588324
IL27RA,6201,0.009675858732462506,69,0.011127237542331882,0.0,0.0,0.0,2546,0.023173605655930872,59,0.023173605655930872,0.0,0.0,0.03389830508474576,0.013497746923468366,2.0826018648177875,0.03389830508474576,0.855072463768116,0.48002287312821706
CTNNB1,6201,0.03176906950491856,223,0.03596194162231898,0.0,0.0,0.0,2546,0.04673998428908091,194,0.07619795758051846,0.0,0.0,0.020618556701030927,0.014970914784162348,2.1188499325416816,0.020618556701030927,0.8699551569506726,0.47990661342792457
UPF1,6201,0.015320109659732302,103,0.01661022415739397,0.0,0.0,0.0,2546,0.02474469756480754,93,0.03652788688138256,0.0,0.0,0.0,0.009424587905075239,2.199120646130614,0.0,0.9029126213592233,0.47915338130271573
SLC25A3,6201,0.004837929366231253,33,0.005321722302854378,0.0,0.0,0.0,2546,0.006677140612725845,27,0.010604870384917517,0.0,0.0,0.07407407407407407,0.0018392112464945915,1.9927515532385918,0.07407407407407407,0.8181818181818182,0.4789593209102793
SCD,6201,0.003386550556361877,22,0.0035478148685695854,0.0,0.0,0.0,2546,0.007855459544383346,20,0.007855459544383346,0.0,0.0,0.0,0.004468908988021469,2.2141683924873243,0.0,0.9090909090909091,0.4788903878019372
BDKRB1,6201,0.005321722302854378,41,0.006611836800516046,0.0,0.0,0.0,2546,0.01335428122545169,34,0.01335428122545169,0.0,0.0,0.058823529411764705,0.008032558922597311,2.0197536068055104,0.058823529411764705,0.8292682926829268,0.47888414868228907
CXCL8,6201,0.0016126431220770843,10,0.0016126431220770843,0.0,0.0,0.0,2546,0.001178318931657502,3,0.001178318931657502,0.0,0.0,0.3333333333333333,-0.00043432419041958227,0.730675569520817,0.3333333333333333,0.3,0.4784030031871233
ADCY6,6201,0.011449766166747298,90,0.01451378809869376,0.0,0.0,0.0,2546,0.030636292223095052,80,0.031421838177533384,0.0,0.0,0.0,0.019186526056347755,2.1649646504320503,0.0,0.8888888888888888,0.47818123213034325
ZFP36L1,6201,0.008385744234800839,55,0.008869537171423964,0.0,0.0,0.0,2546,0.01178318931657502,47,0.018460329929300863,0.0,0.0,0.0425531914893617,0.00339744508177418,2.0813182889380846,0.0425531914893617,0.8545454545454545,0.47816097731299023
BMF,6201,0.0024189646831156266,16,0.002580228995323335,0.0,0.0,0.0,2546,0.005106048703849175,13,0.005106048703849175,0.0,0.0,0.07692307692307693,0.0026870840207335487,1.978913000785546,0.07692307692307693,0.8125,0.4780214495212377
HSD17B6,6201,0.0032252862441541686,22,0.0035478148685695854,0.0,0.0,0.0,2546,0.006677140612725845,20,0.007855459544383346,0.0,0.0,0.0,0.003451854368571676,2.2141683924873243,0.0,0.9090909090909091,0.47787333318248737
B3GNT3,6201,0.0077406869859700045,53,0.008547008547008548,0.0,0.0,0.018867924528301886,2546,0.018067556952081697,46,0.018067556952081697,0.0,0.0,0.043478260869565216,0.010326869966111693,2.1139041633935585,0.02461033634126333,0.8679245283018868,0.4776673226399017
MTRF1,6201,0.004837929366231253,33,0.005321722302854378,0.0,0.0,0.0,2546,0.009819324430479183,25,0.009819324430479183,0.0,0.0,0.12,0.0049813950642479295,1.8451403270727702,0.12,0.7575757575757576,0.47744660496911023
MFN2,6201,0.008385744234800839,55,0.008869537171423964,0.0,0.0,0.0,2546,0.018067556952081697,48,0.018853102906520033,0.0,0.0,0.020833333333333332,0.009681812717280858,2.1256016567878313,0.020833333333333332,0.8727272727272727,0.4769947603195847
CCDC88A,6201,0.01983551040154814,171,0.027576197387518143,0.0,0.0,0.0,2546,0.038884524744697564,141,0.05538098978790259,0.0,0.0,0.04964539007092199,0.019049014343149425,2.0082895770455202,0.04964539007092199,0.8245614035087719,0.4769188942727613
PRSS36,6201,0.01032091598129334,76,0.01225608772778584,0.0,0.0,0.013157894736842105,2546,0.0204241948153967,67,0.02631578947368421,0.0,0.0,0.0,0.010103278834103361,2.1471606648199444,-0.013157894736842105,0.881578947368421,0.4766146631170536
GAL,6201,0.0017739074342847927,11,0.0017739074342847927,0.0,0.0,0.0,2546,0.003927729772191673,10,0.003927729772191673,0.0,0.0,0.0,0.00215382233790688,2.2141683924873243,0.0,0.9090909090909091,0.4765753011518226
MTRR,6201,0.010804708917916465,75,0.012094823415578132,0.0,0.0,0.0,2546,0.02474469756480754,64,0.02513747054202671,0.0,0.0,0.03125,0.013939988646891076,2.0783660644147686,0.03125,0.8533333333333334,0.4764417657416451
NDUFC2,6201,0.001451378809869376,10,0.0016126431220770843,0.0,0.0,0.0,2546,0.00039277297721916735,1,0.00039277297721916735,0.0,0.0,0.0,-0.0010586058326502086,0.24355852317360568,0.0,0.1,0.47622873997083653
ARL4A,6201,0.0017739074342847927,11,0.0017739074342847927,0.0,0.0,0.0,2546,0.003534956794972506,10,0.003927729772191673,0.0,0.0,0.0,0.0017610493606877132,2.2141683924873243,0.0,0.9090909090909091,0.47618252817460344
UBE2N,6201,0.0027414933075310434,17,0.0027414933075310434,0.0,0.0,0.0,2546,0.004713275726630008,12,0.004713275726630008,0.0,0.0,0.16666666666666666,0.0019717824190989648,1.7192366341666283,0.16666666666666666,0.7058823529411765,0.47584246024092325
NIP7,6201,0.0017739074342847927,11,0.0017739074342847927,0.0,0.0,0.0,2546,0.003142183817753339,10,0.003927729772191673,0.0,0.0,0.0,0.001368276383468546,2.2141683924873243,0.0,0.9090909090909091,0.47578975519738426
LAMC2,6201,0.015158845347524593,117,0.018867924528301886,0.0,0.0,0.0,2546,0.03613511390416339,94,0.036920659858601726,0.0,0.0,0.06382978723404255,0.0209762685566388,1.9567949725058915,0.06382978723404255,0.8034188034188035,0.4757647773785997
DDX39A,6201,0.004031607805192711,26,0.0041928721174004195,0.0,0.0,0.0,2546,0.00864100549882168,22,0.00864100549882168,0.0,0.0,0.045454545454545456,0.00460939769362897,2.0608798114689706,0.045454545454545456,0.8461538461538461,0.47561915731443805
PKLR,6201,0.011127237542331882,74,0.011933559103370425,0.0,0.0,0.0,2546,0.014925373134328358,67,0.02631578947368421,0.0,0.0,0.0,0.0037981355919964755,2.2051920341394022,0.0,0.9054054054054054,0.47542296065790535
CFB,6201,0.008708272859216255,65,0.010482180293501049,0.0,0.0,0.0,2546,0.022388059701492536,58,0.022780832678711706,0.0,0.0,0.0,0.013679786842276281,2.173291437549097,0.0,0.8923076923076924,0.4753019638773263
PYGB,6201,0.011449766166747298,78,0.012578616352201259,0.0,0.0,0.0,2546,0.02513747054202671,65,0.025530243519245877,0.0,0.0,0.046153846153846156,0.013687704375279412,2.029654359780047,0.046153846153846156,0.8333333333333334,0.4751429103038225
XRCC5,6201,0.0075794226737622965,52,0.008385744234800839,0.0,0.0,0.0,2546,0.016496465043205028,42,0.016496465043205028,0.0,0.0,0.07142857142857142,0.008917042369442732,1.9672034564021994,0.07142857142857142,0.8076923076923077,0.4748183453006127
LAMC1,6201,0.017900338655055636,139,0.022415739396871474,0.0,0.0,0.0,2546,0.04399057344854674,114,0.04477611940298507,0.0,0.0,0.043859649122807015,0.026090234793491103,1.9975303339418016,0.043859649122807015,0.8201438848920863,0.47459143097173717
DUSP5,6201,0.005482986615062087,35,0.005644250927269795,0.0,0.0,0.05714285714285714,2546,0.011390416339355853,29,0.011390416339355853,0.0,0.0,0.0,0.005907429724293766,2.0180563348670186,-0.05714285714285714,0.8285714285714286,0.4745161327699084
MGST3,6201,0.002580228995323335,16,0.002580228995323335,0.0,0.0,0.0,2546,0.00432050274941084,11,0.00432050274941084,0.0,0.0,0.18181818181818182,0.0017402737540875052,1.6744648468185388,0.18181818181818182,0.6875,0.47416057808207246
RAC1,6201,0.006450572488308337,41,0.006611836800516046,0.0,0.0,0.0,2546,0.009426551453260016,34,0.01335428122545169,0.0,0.0,0.058823529411764705,0.002975978964951679,2.0197536068055104,0.058823529411764705,0.8292682926829268,0.47382756872464343
RHCG,6201,0.006611836800516046,44,0.007095629737139171,0.0,0.0,0.0,2546,0.014532600157109192,38,0.014925373134328358,0.0,0.0,0.02631578947368421,0.007920763356593145,2.103459972862958,0.02631578947368421,0.8636363636363636,0.4736069816406403
FLOT2,6201,0.004676665054023544,30,0.004837929366231253,0.0,0.0,0.0,2546,0.010604870384917517,27,0.010604870384917517,0.0,0.0,0.0,0.005928205330893973,2.1920267085624507,0.0,0.9,0.47343707166763116
GZMA,6201,0.0059667795516852125,43,0.006934365424931463,0.0,0.0,0.0,2546,0.014532600157109192,37,0.014532600157109192,0.0,0.0,0.02702702702702703,0.00856582060542398,2.095736129633351,0.02702702702702703,0.8604651162790697,0.4724713897211587
ALMS1,6201,0.041928721174004195,367,0.059184002580228996,0.0,0.0,0.0027247956403269754,2546,0.1021209740769835,268,0.10526315789473684,0.0,1.0,0.08582089552238806,0.06019225290297931,1.7785745016492183,0.08309609988206108,0.7302452316076294,0.472079199225632
ITGB1BP2,6201,0.004515400741815836,29,0.004676665054023544,0.0,0.0,0.0,2546,0.005106048703849175,19,0.007462686567164179,0.0,0.0,0.21052631578947367,0.000590647962033339,1.5957282552753476,0.21052631578947367,0.6551724137931034,0.47183689830901177
SLC38A2,6201,0.006289308176100629,41,0.006611836800516046,0.0,0.0,0.0,2546,0.00864100549882168,37,0.014532600157109192,0.0,0.0,0.0,0.002351697322721051,2.197967160347173,0.0,0.9024390243902439,0.4717198623122994
MYL3,6201,0.00306402193194646,20,0.0032252862441541686,0.0,0.0,0.0,2546,0.007069913589945012,18,0.007069913589945012,0.0,0.0,0.0,0.004005891657998552,2.1920267085624507,0.0,0.9,0.4715147579947357
RAB3GAP1,6201,0.011772294791162716,80,0.012901144976616674,0.0,0.0,0.0,2546,0.023173605655930872,65,0.025530243519245877,0.0,0.0,0.06153846153846154,0.011401310864768156,1.978913000785546,0.06153846153846154,0.8125,0.47135106098065693
ICAM1,6201,0.006934365424931463,49,0.007901951298177712,0.0,0.0,0.02040816326530612,2546,0.016496465043205028,42,0.016496465043205028,0.0,0.0,0.047619047619047616,0.009562099618273565,2.0876444843451916,0.027210884353741496,0.8571428571428571,0.471034300820291
DRC1,6201,0.009837123044670215,67,0.010804708917916465,0.0,0.0,0.029850746268656716,2546,0.021602513747054203,56,0.02199528672427337,0.0,0.0,0.07142857142857142,0.011765390702383988,2.0357130295107337,0.041577825159914705,0.835820895522388,0.4706423678091513
BCL6,6201,0.012739880664408966,89,0.01435252378648605,0.0,0.0,0.0,2546,0.02513747054202671,79,0.031029065200314218,0.0,0.0,0.0,0.012397589877617745,2.161923969743241,0.0,0.8876404494382022,0.4704311028263801
FZD5,6201,0.0043541364296081275,29,0.004676665054023544,0.0,0.0,0.0,2546,0.009819324430479183,26,0.01021209740769835,0.0,0.0,0.0,0.005465188000871055,2.183628138797844,0.0,0.896551724137931,0.47033947802394516
CHST12,6201,0.0077406869859700045,54,0.008708272859216255,0.0,0.0,0.0,2546,0.018853102906520033,48,0.018853102906520033,0.0,0.0,0.0,0.011112415920550029,2.1649646504320503,0.0,0.8888888888888888,0.4701071219945455
SLC29A2,6201,0.005321722302854378,34,0.005482986615062087,0.0,0.0,0.0,2546,0.009819324430479183,29,0.011390416339355853,0.0,0.0,0.034482758620689655,0.004497602127624805,2.0774109329513424,0.034482758620689655,0.8529411764705882,0.46992181748172346
ZNF365,6201,0.01128850185453959,81,0.013062409288824383,0.0,0.0,0.0,2546,0.027101335428122545,70,0.02749410840534171,0.0,0.0,0.014285714285714285,0.015812833573582957,2.1048267434756043,0.014285714285714285,0.8641975308641975,0.4699092819252567
ABCD1,6201,0.008547008547008548,59,0.009514594420254797,0.0,0.0,0.0,2546,0.018853102906520033,51,0.020031421838177535,0.0,0.0,0.0196078431372549,0.010306094359511485,2.1053363867548964,0.0196078431372549,0.864406779661017,0.4698888035733506
ARID4A,6201,0.016771488469601678,116,0.018706660216094177,0.0,0.0,0.0,2546,0.031029065200314218,86,0.03377847604084839,0.0,0.0,0.11627906976744186,0.01425757673071254,1.8056924993905248,0.11627906976744186,0.7413793103448276,0.4690398547960574
SYT11,6201,0.00725689404934688,50,0.008063215610385421,0.0,0.0,0.0,2546,0.016496465043205028,43,0.016889238020424194,0.0,0.0,0.023255813953488372,0.009239570993858148,2.094603299293009,0.023255813953488372,0.86,0.4690079276054917
CCNB2,6201,0.0043541364296081275,27,0.0043541364296081275,0.0,0.0,0.0,2546,0.008248232521602514,21,0.008248232521602514,0.0,0.0,0.09523809523809523,0.0038940960919943866,1.8943440691280442,0.09523809523809523,0.7777777777777778,0.46874352241979195
PDS5B,6201,0.017900338655055636,125,0.020158039025963553,0.0,0.0,0.0,2546,0.040455616653574236,106,0.041633935585231735,0.0,0.0,0.018867924528301886,0.0225552779985186,2.065376276512176,0.018867924528301886,0.848,0.4684463494030641
IL13RA2,6201,0.0059667795516852125,41,0.006611836800516046,0.0,0.0,0.0,2546,0.013747054202670856,35,0.013747054202670856,0.0,0.0,0.02857142857142857,0.007780274650985643,2.079158124652731,0.02857142857142857,0.8536585365853658,0.4678607461331068
ICAM4,6201,0.0043541364296081275,32,0.00516045799064667,0.0,0.0,0.0,2546,0.01021209740769835,27,0.010604870384917517,0.0,0.0,0.037037037037037035,0.005857960978090223,2.0550250392772975,0.037037037037037035,0.84375,0.4665356062079337
HR,6201,0.012901144976616674,96,0.015481373971940009,0.0,0.0,0.0,2546,0.031029065200314218,84,0.032992930086410056,0.0,0.0,0.0,0.018127920223697545,2.1311370777690497,0.0,0.875,0.4663769618765767
SLC1A1,6201,0.005644250927269795,44,0.007095629737139171,0.0,0.0,0.0,2546,0.014925373134328358,39,0.015318146111547526,0.0,0.0,0.0,0.009281122207058564,2.1588141826751412,0.0,0.8863636363636364,0.46633064017168124
ISOC1,6201,0.0035478148685695854,23,0.003709079180777294,0.0,0.0,0.0,2546,0.007462686567164179,19,0.007462686567164179,0.0,0.0,0.05263157894736842,0.003914871698594594,2.0120051914341337,0.05263157894736842,0.8260869565217391,0.46600530360588927
DPYSL4,6201,0.010804708917916465,74,0.011933559103370425,0.0,0.0,0.0,2546,0.025530243519245877,65,0.025530243519245877,0.0,0.0,0.0,0.014725534601329412,2.1393654062546443,0.0,0.8783783783783784,0.4655990336177025
NFKBIZ,6201,0.01032091598129334,66,0.010643444605708756,0.0,0.0,0.0,2546,0.012568735271013355,56,0.02199528672427337,0.0,0.0,0.03571428571428571,0.002247819289720015,2.0665571663215028,0.03571428571428571,0.8484848484848485,0.46537041255915584
FAP,6201,0.01435252378648605,99,0.015965166908563134,0.0,0.0,0.0,2546,0.0204241948153967,85,0.03338570306362922,0.0,0.0,0.023529411764705882,0.006071671028910651,2.0911590373491395,0.023529411764705882,0.8585858585858586,0.46500001580678374
CFP,6201,0.006450572488308337,40,0.006450572488308337,0.0,0.0,0.0,2546,0.01335428122545169,34,0.01335428122545169,0.0,0.0,0.029411764705882353,0.006903708737143352,2.070247446975648,0.029411764705882353,0.85,0.46492645285478235
CPOX,6201,0.0035478148685695854,27,0.0043541364296081275,0.0,0.0,0.0,2546,0.009426551453260016,24,0.009426551453260016,0.0,0.0,0.0,0.0058787365846904305,2.1649646504320503,0.0,0.8888888888888888,0.4648734426586859
CDON,6201,0.014029995162070633,99,0.015965166908563134,0.0,0.0,0.0,2546,0.031029065200314218,82,0.03220738413197172,0.0,0.0,0.036585365853658534,0.016999070038243587,2.0173534242662288,0.036585365853658534,0.8282828282828283,0.46481735291923254
MYOG,6201,0.003709079180777294,27,0.0043541364296081275,0.0,0.0,0.0,2546,0.009426551453260016,24,0.009426551453260016,0.0,0.0,0.0,0.0057174722724827225,2.1649646504320503,0.0,0.8888888888888888,0.4647121783464782
POLR1C,6201,0.0038703434929850023,27,0.0043541364296081275,0.0,0.0,0.0,2546,0.009426551453260016,24,0.009426551453260016,0.0,0.0,0.0,0.0055562079602750145,2.1649646504320503,0.0,0.8888888888888888,0.4645509140342705
COX5B,6201,0.0017739074342847927,13,0.0020964360587002098,0.0,0.0,0.0,2546,0.003927729772191673,10,0.003927729772191673,0.0,0.0,0.1,0.00215382233790688,1.873527101335428,0.1,0.7692307692307693,0.4645468721713661
CYTH2,6201,0.006289308176100629,40,0.006450572488308337,0.0,0.0,0.0,2546,0.00864100549882168,29,0.011390416339355853,0.0,0.0,0.13793103448275862,0.002351697322721051,1.765799293008641,0.13793103448275862,0.725,0.4644652196748038
EEF2,6201,0.011127237542331882,73,0.011772294791162716,0.0,0.0,0.0,2546,0.022780832678711706,58,0.022780832678711706,0.0,0.0,0.06896551724137931,0.011653595136379823,1.935122512886182,0.06896551724137931,0.7945205479452054,0.46422112626628403
ASB7,6201,0.0043541364296081275,27,0.0043541364296081275,0.0,0.0,0.0,2546,0.009426551453260016,24,0.009426551453260016,0.0,0.0,0.0,0.005072415023651889,2.1649646504320503,0.0,0.8888888888888888,0.4640671210976474
MYBBP1A,6201,0.013223673601032092,94,0.015158845347524593,0.0,0.0,0.0,2546,0.02945797329143755,76,0.029850746268656716,0.0,0.0,0.05263157894736842,0.016234299690405456,1.9691965703397902,0.05263157894736842,0.8085106382978723,0.46401009925953657
LHX9,6201,0.01032091598129334,72,0.011611030478955007,0.0,0.0,0.0,2546,0.015318146111547526,64,0.02513747054202671,0.0,0.0,0.0,0.004997230130254186,2.1649646504320503,0.0,0.8888888888888888,0.46399193620424967
NFYA,6201,0.004031607805192711,28,0.004515400741815836,0.0,0.0,0.0,2546,0.00589159465828751,25,0.009819324430479183,0.0,0.0,0.0,0.001859986853094799,2.1746296711929074,0.0,0.8928571428571429,0.4639037928405881
HOXC10,6201,0.006289308176100629,43,0.006934365424931463,0.0,0.0,0.0,2546,0.01335428122545169,35,0.013747054202670856,0.0,0.0,0.05714285714285714,0.00706497304935106,1.9824530955991158,0.05714285714285714,0.813953488372093,0.46380679796009805
CD3E,6201,0.0035478148685695854,25,0.004031607805192711,0.0,0.0,0.0,2546,0.007462686567164179,19,0.007462686567164179,0.0,0.0,0.10526315789473684,0.003914871698594594,1.851044776119403,0.10526315789473684,0.76,0.46371636424901164
PRPF3,6201,0.0077406869859700045,55,0.008869537171423964,0.0,0.0,0.0,2546,0.010604870384917517,49,0.0192458758837392,0.0,0.0,0.0,0.0028641833989475124,2.1698850246375776,0.0,0.8909090909090909,0.46341232024000806
MAPKAPK3,6201,0.005321722302854378,37,0.0059667795516852125,0.0,0.0,0.0,2546,0.01021209740769835,26,0.01021209740769835,0.0,0.0,0.15384615384615385,0.004890375104843973,1.7114923250037153,0.15384615384615385,0.7027027027027027,0.46308850515079164
GCLC,6201,0.006289308176100629,45,0.00725689404934688,0.0,0.0,0.0,2546,0.01021209740769835,40,0.015710919088766692,0.0,0.0,0.0,0.003922789231597721,2.1649646504320503,0.0,0.8888888888888888,0.46291749530559323
LUC7L3,6201,0.005321722302854378,34,0.005482986615062087,0.0,0.0,0.0,2546,0.010604870384917517,27,0.010604870384917517,0.0,0.0,0.07407407407407407,0.005283148082063139,1.9341412134374565,0.07407407407407407,0.7941176470588235,0.46262485016472005
ABCB6,6201,0.009837123044670215,66,0.010643444605708756,0.0,0.0,0.0,2546,0.015318146111547526,57,0.022388059701492536,0.0,0.0,0.017543859649122806,0.005481023066877311,2.103459972862958,0.017543859649122806,0.8636363636363636,0.46239531152636304
LIF,6201,0.0027414933075310434,18,0.002902757619738752,0.0,0.0,0.0,2546,0.00589159465828751,16,0.006284367635506678,0.0,0.0,0.0,0.003150101350756466,2.1649646504320503,0.0,0.8888888888888888,0.46214480742475195
YWHAG,6201,0.0035478148685695854,22,0.0035478148685695854,0.0,0.0,0.0,2546,0.007069913589945012,18,0.007069913589945012,0.0,0.0,0.05555555555555555,0.0035220987213754264,1.9927515532385918,0.05555555555555555,0.8181818181818182,0.4621236898666416
BIRC5,6201,0.0027414933075310434,18,0.002902757619738752,0.0,0.0,0.0,2546,0.005106048703849175,16,0.006284367635506678,0.0,0.0,0.0,0.002364555396318132,2.1649646504320503,0.0,0.8888888888888888,0.46135926147031364
SNCB,6201,0.0024189646831156266,18,0.002902757619738752,0.0,0.0,0.0,2546,0.00432050274941084,16,0.006284367635506678,0.0,0.0,0.0,0.0019015380662952136,2.1649646504320503,0.0,0.8888888888888888,0.46089624414029073
CCNL1,6201,0.00612804386389292,44,0.007095629737139171,0.0,0.0,0.0,2546,0.01335428122545169,34,0.01335428122545169,0.0,0.0,0.08823529411764706,0.007226237361558769,1.8820431336142256,0.08823529411764706,0.7727272727272727,0.46081381494053536
CYCS,6201,0.001451378809869376,9,0.001451378809869376,0.0,0.0,0.0,2546,0.003142183817753339,8,0.003142183817753339,0.0,0.0,0.0,0.0016908050078839629,2.1649646504320503,0.0,0.8888888888888888,0.4606855110818795
G0S2,6201,0.001451378809869376,9,0.001451378809869376,0.0,0.0,0.0,2546,0.003142183817753339,8,0.003142183817753339,0.0,0.0,0.0,0.0016908050078839629,2.1649646504320503,0.0,0.8888888888888888,0.4606855110818795
UQCR10,6201,0.001451378809869376,9,0.001451378809869376,0.0,0.0,0.0,2546,0.003142183817753339,8,0.003142183817753339,0.0,0.0,0.0,0.0016908050078839629,2.1649646504320503,0.0,0.8888888888888888,0.4606855110818795
E2F5,6201,0.00516045799064667,35,0.005644250927269795,0.0,0.0,0.0,2546,0.009033778476040848,31,0.012175962293794187,0.0,0.0,0.0,0.0038733204853941784,2.1572326338233645,0.0,0.8857142857142857,0.4604220350421953
TMEM164,6201,0.0041928721174004195,27,0.0043541364296081275,0.0,0.0,0.0,2546,0.0054988216810683424,24,0.009426551453260016,0.0,0.0,0.0,0.001305949563667923,2.1649646504320503,0.0,0.8888888888888888,0.4603006556376634
NAA11,6201,0.007095629737139171,46,0.007418158361554588,0.0,0.0,0.0,2546,0.012568735271013355,32,0.012568735271013355,0.0,0.0,0.15625,0.005473105533874184,1.6943201612076917,0.15625,0.6956521739130435,0.45972183822002566
EPHB4,6201,0.014191259474278342,100,0.016126431220770843,0.0,0.0,0.0,2546,0.03338570306362922,85,0.03338570306362922,0.0,0.0,0.011764705882352941,0.01919444358935088,2.070247446975648,0.011764705882352941,0.85,0.45957012888346044
SLC6A12,6201,0.009192065795839382,63,0.010159651669085631,0.0,0.0,0.0,2546,0.0204241948153967,52,0.0204241948153967,0.0,0.0,0.038461538461538464,0.01123212901955732,2.0103243182583324,0.038461538461538464,0.8253968253968254,0.4585943068073299
FLT4,6201,0.024189646831156264,187,0.030156426382841477,0.0,0.0,0.0,2546,0.05970149253731343,156,0.061272584446190104,0.0,1.0,0.00641025641025641,0.03551184570615717,2.031825113106015,0.00641025641025641,0.8342245989304813,0.4579397072990111
PTH1R,6201,0.006934365424931463,48,0.0077406869859700045,0.0,0.0,0.0,2546,0.016496465043205028,42,0.016496465043205028,0.0,0.0,0.0,0.009562099618273565,2.1311370777690497,0.0,0.875,0.45781114127115274
CCND2,6201,0.005644250927269795,40,0.006450572488308337,0.0,0.0,0.0,2546,0.012568735271013355,32,0.012568735271013355,0.0,0.0,0.0625,0.00692448434374356,1.9484681853888455,0.0625,0.8,0.4575630800835641
CDK5R1,6201,0.0043541364296081275,29,0.004676665054023544,0.0,0.0,0.0,2546,0.009426551453260016,24,0.009426551453260016,0.0,0.0,0.041666666666666664,0.005072415023651889,2.0156567435057022,0.041666666666666664,0.8275862068965517,0.45740953296404513
CDC42EP2,6201,0.0027414933075310434,17,0.0027414933075310434,0.0,0.0,0.0,2546,0.00589159465828751,15,0.00589159465828751,0.0,0.0,0.0,0.003150101350756466,2.149045792708285,0.0,0.8823529411764706,0.45710240478817743
CCND1,6201,0.004031607805192711,25,0.004031607805192711,0.0,0.0,0.0,2546,0.00864100549882168,22,0.00864100549882168,0.0,0.0,0.0,0.00460939769362897,2.1433150039277296,0.0,0.88,0.4567401938938525
KIF20A,6201,0.0077406869859700045,48,0.0077406869859700045,0.0,0.0,0.0,2546,0.01610369206598586,42,0.016496465043205028,0.0,0.0,0.0,0.008363005080015855,2.1311370777690497,0.0,0.875,0.456612046732895
FARP1,6201,0.01757781003064022,119,0.019190453152717304,0.0,0.0,0.0,2546,0.032992930086410056,100,0.03927729772191673,0.0,0.0,0.02,0.015415120055769838,2.0467102787697953,0.02,0.8403361344537815,0.4563303508860004
DOCK4,6201,0.02547976132881793,200,0.032252862441541685,0.0,0.0,0.0,2546,0.047918303220738416,157,0.06166535742340927,0.0,0.0,0.05732484076433121,0.022438541891920485,1.9119344069128046,0.05732484076433121,0.785,0.4554338070784274
RAD51C,6201,0.004837929366231253,31,0.004999193678438961,0.0,0.0,0.0,2546,0.007855459544383346,20,0.007855459544383346,0.0,0.0,0.2,0.003017530178152093,1.571345310797456,0.2,0.6451612903225806,0.45429957880052
ALDH3A2,6201,0.004999193678438961,33,0.005321722302854378,0.0,0.0,0.0,2546,0.007462686567164179,29,0.011390416339355853,0.0,0.0,0.0,0.002463492888725218,2.1403627794044136,0.0,0.8787878787878788,0.453654640417476
FOXJ2,6201,0.0077406869859700045,53,0.008547008547008548,0.0,0.0,0.0,2546,0.016889238020424194,43,0.016889238020424194,0.0,0.0,0.046511627906976744,0.00914855103445419,1.9760408483896306,0.046511627906976744,0.8113207547169812,0.45310684119550704
COX7A1,6201,0.0017739074342847927,11,0.0017739074342847927,0.0,0.0,0.0,2546,0.003142183817753339,8,0.003142183817753339,0.0,0.0,0.125,0.001368276383468546,1.7713347139898594,0.125,0.7272727272727273,0.4525501461778903
HTR1B,6201,0.008385744234800839,53,0.008547008547008548,0.0,0.0,0.0,2546,0.016889238020424194,43,0.016889238020424194,0.0,0.0,0.046511627906976744,0.008503493785623355,1.9760408483896306,0.046511627906976744,0.8113207547169812,0.4524617839466762
SPEG,6201,0.03902596355426544,313,0.05047572972101274,0.0,0.0,0.003194888178913738,2546,0.09347996857816182,249,0.09780047132757266,0.0,1.0,0.01606425702811245,0.05445400502389638,1.9375741939369906,0.01286936884919871,0.7955271565495208,0.45176032997492643
IRS1,6201,0.018222867279471054,125,0.020158039025963553,0.0,0.0,0.0,2546,0.0396700706991359,105,0.04124116260801257,0.0,0.0,0.009523809523809525,0.021447203419664843,2.0458915946582876,0.009523809523809525,0.84,0.4516174968135579
NLRP3,6201,0.03176906950491856,262,0.04225124979841961,0.0,0.0,0.0,2546,0.04399057344854674,214,0.0840534171249018,0.0,0.0,0.037383177570093455,0.012221503943628177,1.9893711434790688,0.037383177570093455,0.816793893129771,0.4515205463293722
COPS5,6201,0.004837929366231253,30,0.004837929366231253,0.0,0.0,0.0,2546,0.009033778476040848,23,0.009033778476040848,0.0,0.0,0.08695652173913043,0.004195849109809595,1.8672820109976433,0.08695652173913043,0.7666666666666667,0.45136973684443693
ABHD2,6201,0.006289308176100629,42,0.006773101112723754,0.0,0.0,0.0,2546,0.013747054202670856,35,0.013747054202670856,0.0,0.0,0.02857142857142857,0.007457746026570226,2.029654359780047,0.02857142857142857,0.8333333333333334,0.45133053437269577
NAPA,6201,0.004515400741815836,31,0.004999193678438961,0.0,0.0,0.0,2546,0.010604870384917517,27,0.010604870384917517,0.0,0.0,0.0,0.0060894696431016805,2.1213161695765654,0.0,0.8709677419354839,0.4511970511744377
YWHAQ,6201,0.002580228995323335,16,0.002580228995323335,0.0,0.0,0.0,2546,0.0054988216810683424,14,0.0054988216810683424,0.0,0.0,0.0,0.0029185926857450075,2.1311370777690493,0.0,0.875,0.45116763433862395
KCNE2,6201,0.002580228995323335,16,0.002580228995323335,0.0,0.0,0.0,2546,0.0054988216810683424,14,0.0054988216810683424,0.0,0.0,0.0,0.0029185926857450075,2.1311370777690493,0.0,0.875,0.45116763433862395
METTL3,6201,0.004999193678438961,38,0.00612804386389292,0.0,0.0,0.0,2546,0.012961508248232521,33,0.012961508248232521,0.0,0.0,0.0,0.007962314569793561,2.1151134907181546,0.0,0.868421052631579,0.45108071920296167
PINK1,6201,0.0075794226737622965,49,0.007901951298177712,0.0,0.0,0.0,2546,0.01610369206598586,41,0.01610369206598586,0.0,0.0,0.024390243902439025,0.008524269392223562,2.0379386632893532,0.024390243902439025,0.8367346938775511,0.4509465468721417
SPTBN2,6201,0.02467343976777939,186,0.02999516207063377,0.0,0.0,0.0,2546,0.05538098978790259,153,0.0600942655145326,0.0,1.0,0.013071895424836602,0.0307075500201232,2.003465271266756,0.013071895424836602,0.8225806451612904,0.45039897737171
ABCG8,6201,0.013868730849862926,99,0.015965166908563134,0.0,0.0,0.0,2546,0.023959151610369208,81,0.03181461115475255,0.0,0.0,0.037037037037037035,0.010090420760506282,1.9927515532385918,0.037037037037037035,0.8181818181818182,0.450173493387254
B4GALT5,6201,0.00612804386389292,41,0.006611836800516046,0.0,0.0,0.0,2546,0.01335428122545169,34,0.01335428122545169,0.0,0.0,0.029411764705882353,0.007226237361558769,2.0197536068055104,0.029411764705882353,0.8292682926829268,0.44866606241536816
CTSS,6201,0.005321722302854378,37,0.0059667795516852125,0.0,0.0,0.0,2546,0.009033778476040848,29,0.011390416339355853,0.0,0.0,0.06896551724137931,0.0037120561731864704,1.9089722086579903,0.06896551724137931,0.7837837837837838,0.44733021874968454
USP18,6201,0.004676665054023544,30,0.004837929366231253,0.0,0.0,0.0,2546,0.01021209740769835,26,0.01021209740769835,0.0,0.0,0.0,0.005535432353674806,2.110840534171249,0.0,0.8666666666666667,0.44728120969126217
MCM5,6201,0.008385744234800839,57,0.009192065795839382,0.0,0.0,0.0,2546,0.018067556952081697,46,0.018067556952081697,0.0,0.0,0.043478260869565216,0.009681812717280858,1.9655600115764664,0.043478260869565216,0.8070175438596491,0.44707878169827453
CPB1,6201,0.008385744234800839,57,0.009192065795839382,0.0,0.0,0.0,2546,0.018067556952081697,46,0.018067556952081697,0.0,0.0,0.043478260869565216,0.009681812717280858,1.9655600115764664,0.043478260869565216,0.8070175438596491,0.44707878169827453
NPTX2,6201,0.01032091598129334,64,0.01032091598129334,0.0,0.0,0.0,2546,0.021209740769835034,55,0.021602513747054203,0.0,0.0,0.0,0.010888824788541694,2.0930810585231736,0.0,0.859375,0.446909344676126
AXIN1,6201,0.012739880664408966,89,0.01435252378648605,0.0,0.0,0.0,2546,0.025530243519245877,70,0.02749410840534171,0.0,0.0,0.05714285714285714,0.012790362854836911,1.9156288339497074,0.05714285714285714,0.7865168539325843,0.4468715594571294
ROS1,6201,0.03531688437348815,303,0.04886308659893566,0.0,0.0,0.0,2546,0.04831107619795758,244,0.09583660644147683,0.0,0.0,0.040983606557377046,0.012994191824469432,1.9613293615300258,0.040983606557377046,0.8052805280528053,0.4464688939637851
YIPF6,6201,0.00306402193194646,23,0.003709079180777294,0.0,0.0,0.0,2546,0.005106048703849175,20,0.007855459544383346,0.0,0.0,0.0,0.002042026771902715,2.1179002015096144,0.0,0.8695652173913043,0.4460546091222198
GNGT1,6201,0.0016126431220770843,10,0.0016126431220770843,0.0,0.0,0.0,2546,0.0027494108405341712,7,0.0027494108405341712,0.0,0.0,0.14285714285714285,0.001136767718457087,1.7049096622152395,0.14285714285714285,0.7,0.44591524516316383
RRAD,6201,0.006289308176100629,40,0.006450572488308337,0.0,0.0,0.0,2546,0.012961508248232521,33,0.012961508248232521,0.0,0.0,0.030303030303030304,0.006672200072131892,2.0093578161822467,0.030303030303030304,0.825,0.44555475570806397
TFCP2L1,6201,0.008385744234800839,55,0.008869537171423964,0.0,0.0,0.01818181818181818,2546,0.018460329929300863,47,0.018460329929300863,0.0,0.0,0.02127659574468085,0.010074585694500024,2.0813182889380846,0.0030947775628626696,0.8545454545454545,0.44537970399921706
AGO2,6201,0.014029995162070633,100,0.016126431220770843,0.0,0.0,0.02,2546,0.030636292223095052,84,0.032992930086410056,0.0,0.0,0.011904761904761904,0.01660629706102442,2.0458915946582876,-0.008095238095238096,0.84,0.445348019026346
SRSF3,6201,0.002257700370907918,15,0.0024189646831156266,0.0,0.0,0.0,2546,0.005106048703849175,13,0.005106048703849175,0.0,0.0,0.0,0.002848348332941257,2.110840534171249,0.0,0.8666666666666667,0.4445941256705286
ERP29,6201,0.0027414933075310434,18,0.002902757619738752,0.0,0.0,0.0,2546,0.0054988216810683424,14,0.0054988216810683424,0.0,0.0,0.07142857142857142,0.002757328373537299,1.894344069128044,0.07142857142857142,0.7777777777777778,0.44379723089181083
CCNA2,6201,0.0041928721174004195,29,0.004676665054023544,0.0,0.0,0.0,2546,0.009819324430479183,25,0.009819324430479183,0.0,0.0,0.0,0.005626452313078763,2.099642441151773,0.0,0.8620689655172413,0.4437660350279402
NMUR1,6201,0.006934365424931463,46,0.007418158361554588,0.0,0.0,0.0,2546,0.014925373134328358,38,0.014925373134328358,0.0,0.0,0.02631578947368421,0.007991007709396895,2.0120051914341337,0.02631578947368421,0.8260869565217391,0.44376565014300734
RAB31,6201,0.002902757619738752,19,0.00306402193194646,0.0,0.0,0.0,2546,0.005106048703849175,13,0.005106048703849175,0.0,0.0,0.15384615384615385,0.0022032910841104235,1.6664530532930915,0.15384615384615385,0.6842105263157895,0.4436514091583764
MMD,6201,0.0032252862441541686,22,0.0035478148685695854,0.0,0.0,0.0,2546,0.007462686567164179,19,0.007462686567164179,0.0,0.0,0.0,0.00423740032301001,2.103459972862958,0.0,0.8636363636363636,0.44360782913337293
USP12,6201,0.0043541364296081275,29,0.004676665054023544,0.0,0.0,0.0,2546,0.009819324430479183,25,0.009819324430479183,0.0,0.0,0.0,0.005465188000871055,2.099642441151773,0.0,0.8620689655172413,0.44360477071573245
PRKCH,6201,0.009353330108047089,62,0.009998387356877922,0.0,0.0,0.0,2546,0.0204241948153967,53,0.020816967792615867,0.0,0.0,0.0,0.011070864707349613,2.0820325368066293,0.0,0.8548387096774194,0.4435129780326367
FGF18,6201,0.004515400741815836,29,0.004676665054023544,0.0,0.0,0.0,2546,0.009819324430479183,25,0.009819324430479183,0.0,0.0,0.0,0.005303923688663346,2.099642441151773,0.0,0.8620689655172413,0.44344350640352476
BDH2,6201,0.0035478148685695854,22,0.0035478148685695854,0.0,0.0,0.0,2546,0.007462686567164179,19,0.007462686567164179,0.0,0.0,0.0,0.003914871698594594,2.103459972862958,0.0,0.8636363636363636,0.44328530050895754
LSM4,6201,0.0024189646831156266,15,0.0024189646831156266,0.0,0.0,0.0,2546,0.003142183817753339,13,0.005106048703849175,0.0,0.0,0.0,0.0007232191346377122,2.110840534171249,0.0,0.8666666666666667,0.44246899647222504
PIM1,6201,0.005482986615062087,64,0.01032091598129334,0.0,0.0,0.0,2546,0.01178318931657502,55,0.021602513747054203,0.0,0.0,0.0,0.006300202701512932,2.0930810585231736,0.0,0.859375,0.4423207225890972
TM7SF2,6201,0.0075794226737622965,50,0.008063215610385421,0.0,0.0,0.0,2546,0.01335428122545169,43,0.016889238020424194,0.0,0.0,0.0,0.005774858551689393,2.094603299293009,0.0,0.86,0.4422874012098346
ITGAE,6201,0.01435252378648605,105,0.016932752781809387,0.0,0.0,0.0,2546,0.03220738413197172,84,0.032992930086410056,0.0,0.0,0.03571428571428571,0.017854860345485668,1.9484681853888453,0.03571428571428571,0.8,0.4417077417995917
CLDN19,6201,0.003709079180777294,25,0.004031607805192711,0.0,0.0,0.0,2546,0.007069913589945012,20,0.007855459544383346,0.0,0.0,0.05,0.003360834409167718,1.9484681853888453,0.05,0.8,0.44149943014898807
ADIPOR2,6201,0.0041928721174004195,29,0.004676665054023544,0.0,0.0,0.0,2546,0.007462686567164179,25,0.009819324430479183,0.0,0.0,0.0,0.0032698144497637594,2.099642441151773,0.0,0.8620689655172413,0.4414093971646252
GCKR,6201,0.0077406869859700045,61,0.009837123044670215,0.0,0.0,0.03278688524590164,2546,0.01767478397486253,50,0.019638648860958365,0.0,0.0,0.06,0.009934096988892527,1.9963813374885708,0.027213114754098357,0.819672131147541,0.44140537094412396
ST14,6201,0.010643444605708756,76,0.01225608772778584,0.0,0.0,0.0,2546,0.024351924587588374,63,0.02474469756480754,0.0,0.0,0.015873015873015872,0.013708479981879618,2.018971968412784,0.015873015873015872,0.8289473684210527,0.4413506809195015
MAP3K1,6201,0.02370585389453314,185,0.02983389775842606,0.0,0.0,0.0,2546,0.05106048703849175,141,0.05538098978790259,0.0,1.0,0.05673758865248227,0.027354633143958612,1.8563109063501835,0.05673758865248227,0.7621621621621621,0.44047594055580114
PLIN2,6201,0.005644250927269795,35,0.005644250927269795,0.0,0.0,0.0,2546,0.010997643362136685,30,0.01178318931657502,0.0,0.0,0.0,0.00535339243486689,2.0876444843451916,0.0,0.8571428571428571,0.43961470928314283
ALOX12B,6201,0.009514594420254797,80,0.012901144976616674,0.0,0.0,0.0,2546,0.02513747054202671,66,0.025923016496465043,0.0,0.0,0.015151515151515152,0.015622876121771913,2.0093578161822467,0.015151515151515152,0.825,0.43935391660618883
SELL,6201,0.007095629737139171,51,0.00822447992259313,0.0,0.0,0.0196078431372549,2546,0.015710919088766692,40,0.015710919088766692,0.0,0.0,0.075,0.00861528935162752,1.910262926851809,0.055392156862745096,0.7843137254901961,0.43910369562629126
SLC20A1,6201,0.007418158361554588,49,0.007901951298177712,0.0,0.0,0.02040816326530612,2546,0.015318146111547526,40,0.015710919088766692,0.0,0.0,0.05,0.007899987749992938,1.9882328422335156,0.029591836734693882,0.8163265306122449,0.4390268339402188
LOXL2,6201,0.013868730849862926,98,0.015803902596355425,0.0,0.0,0.0,2546,0.029850746268656716,81,0.03181461115475255,0.0,0.0,0.012345679012345678,0.01598201541879379,2.0130857527614348,0.012345679012345678,0.826530612244898,0.43814523453749865
SDC1,6201,0.0059667795516852125,38,0.00612804386389292,0.0,0.0,0.05263157894736842,2546,0.01178318931657502,30,0.01178318931657502,0.0,0.0,0.0,0.005816409764889807,1.922830446107413,-0.05263157894736842,0.7894736842105263,0.4378532857934242
MGST1,6201,0.0027414933075310434,17,0.0027414933075310434,0.0,0.0,0.0,2546,0.005106048703849175,13,0.005106048703849175,0.0,0.0,0.07692307692307693,0.002364555396318132,1.862506353680514,0.07692307692307693,0.7647058823529411,0.43783804026372497
FBXO4,6201,0.00612804386389292,40,0.006450572488308337,0.0,0.0,0.0,2546,0.012175962293794187,31,0.012175962293794187,0.0,0.0,0.06451612903225806,0.006047918429901267,1.887578554595444,0.06451612903225806,0.775,0.4378351474347744
F9,6201,0.012739880664408966,87,0.014029995162070633,0.0,0.0,0.0,2546,0.015710919088766692,63,0.02474469756480754,0.0,0.0,0.1111111111111111,0.0029710384243577265,1.7636996505674893,0.1111111111111111,0.7241379310344828,0.437505204203525
WFS1,6201,0.011449766166747298,81,0.013062409288824383,0.0,0.0,0.012345679012345678,2546,0.02631578947368421,68,0.02670856245090338,0.0,0.0,0.014705882352941176,0.01486602330693691,2.0446888365191587,0.002360203340595498,0.8395061728395061,0.43747775369261227
RFC4,6201,0.00612804386389292,40,0.006450572488308337,0.0,0.0,0.0,2546,0.01178318931657502,31,0.012175962293794187,0.0,0.0,0.06451612903225806,0.005655145452682099,1.887578554595444,0.06451612903225806,0.775,0.43744237445755524
ACTL7B,6201,0.009514594420254797,65,0.010482180293501049,0.0,0.0,0.0,2546,0.021209740769835034,55,0.021602513747054203,0.0,0.0,0.0,0.011695146349580236,2.060879811468971,0.0,0.8461538461538461,0.4372503605158441
PRKCA,6201,0.010804708917916465,71,0.011449766166747298,0.0,0.0,0.0,2546,0.022388059701492536,57,0.022388059701492536,0.0,0.0,0.03508771929824561,0.011583350783576071,1.9553289888585244,0.03508771929824561,0.8028169014084507,0.4371338671299325
HSPA2,6201,0.010159651669085631,68,0.010965973230124174,0.0,0.0,0.0,2546,0.02199528672427337,56,0.02199528672427337,0.0,0.0,0.017857142857142856,0.011835635055187739,2.0057760731943994,0.017857142857142856,0.8235294117647058,0.4370813926264362
RNF123,6201,0.012901144976616674,98,0.015803902596355425,0.0,0.0,0.0,2546,0.03181461115475255,82,0.03220738413197172,0.0,0.0,0.0,0.018913466178135878,2.0379386632893532,0.0,0.8367346938775511,0.436945499755615
ACTA1,6201,0.008869537171423964,61,0.009837123044670215,0.0,0.0,0.0,2546,0.018460329929300863,47,0.018460329929300863,0.0,0.0,0.06382978723404255,0.0095907927578769,1.8765984572392564,0.06382978723404255,0.7704918032786885,0.43688190430552
NDUFS4,6201,0.0020964360587002098,14,0.002257700370907918,0.0,0.0,0.0,2546,0.004713275726630008,12,0.004713275726630008,0.0,0.0,0.0,0.0026168396679297984,2.0876444843451916,0.0,0.8571428571428571,0.43687815651620576
GTF2H1,6201,0.005482986615062087,37,0.0059667795516852125,0.0,0.0,0.0,2546,0.01178318931657502,30,0.01178318931657502,0.0,0.0,0.03333333333333333,0.006300202701512932,1.9747988365427485,0.03333333333333333,0.8108108108108109,0.43666277421747207
SYNGR1,6201,0.0043541364296081275,28,0.004515400741815836,0.0,0.0,0.0,2546,0.006677140612725845,24,0.009426551453260016,0.0,0.0,0.0,0.002323004183117717,2.0876444843451916,0.0,0.8571428571428571,0.43658432103139366
IL1R2,6201,0.008385744234800839,56,0.009030801483631673,0.0,0.0,0.0,2546,0.01728201099764336,46,0.018067556952081697,0.0,0.0,0.021739130434782608,0.008896266762842522,2.000659297497475,0.021739130434782608,0.8214285714285714,0.4363202469933081
IL18BP,6201,0.0020964360587002098,14,0.002257700370907918,0.0,0.0,0.0,2546,0.003927729772191673,12,0.004713275726630008,0.0,0.0,0.0,0.0018312937134914633,2.0876444843451916,0.0,0.8571428571428571,0.4360926105617674
MYOF,6201,0.022899532333494597,171,0.027576197387518143,0.0,0.0,0.0,2546,0.034956794972505895,135,0.05302435192458759,0.0,0.0,0.044444444444444446,0.012057262639011298,1.922830446107413,0.044444444444444446,0.7894736842105263,0.43590700416462175
SIDT2,6201,0.010804708917916465,75,0.012094823415578132,0.0,0.0,0.0,2546,0.02199528672427337,57,0.022388059701492536,0.0,0.0,0.07017543859649122,0.011190577806356905,1.8510447761194029,0.07017543859649122,0.76,0.4359043510585283
P2RY4,6201,0.00612804386389292,40,0.006450572488308337,0.0,0.0,0.0,2546,0.01335428122545169,34,0.01335428122545169,0.0,0.0,0.0,0.007226237361558769,2.070247446975648,0.0,0.85,0.4358372167733154
COL16A1,6201,0.01644895984518626,123,0.01983551040154814,0.0,0.0,0.0,2546,0.03652788688138256,93,0.03652788688138256,0.0,0.0,0.06451612903225806,0.0200789270361963,1.8415400532638475,0.06451612903225806,0.7560975609756098,0.43579405298114743
ADCY1,6201,0.023544589582325432,184,0.02967263344621835,0.0,0.0,0.0,2546,0.04713275726630008,148,0.05813040062843677,0.0,0.0,0.02027027027027027,0.023588167683974644,1.9590576863963935,0.02027027027027027,0.8043478260869565,0.4355821258560004
GABARAPL2,6201,0.001128850185453959,7,0.001128850185453959,0.0,0.0,0.0,2546,0.002356637863315004,6,0.002356637863315004,0.0,0.0,0.0,0.001227787677861045,2.0876444843451916,0.0,0.8571428571428571,0.435489104526137
AFG3L2,6201,0.0075794226737622965,52,0.008385744234800839,0.0,0.0,0.0,2546,0.015710919088766692,41,0.01610369206598586,0.0,0.0,0.04878048780487805,0.008131496415004396,1.9203652788688135,0.04878048780487805,0.7884615384615384,0.43547350761935577
SSBP1,6201,0.002580228995323335,19,0.00306402193194646,0.0,0.0,0.05263157894736842,2546,0.00589159465828751,15,0.00589159465828751,0.0,0.0,0.0,0.0033113656629641746,1.922830446107413,-0.05263157894736842,0.7894736842105263,0.4353482416914986
CD79A,6201,0.004031607805192711,26,0.0041928721174004195,0.0,0.0,0.038461538461538464,2546,0.006284367635506678,21,0.008248232521602514,0.0,0.0,0.0,0.002252759830313967,1.9672034564021994,-0.038461538461538464,0.8076923076923077,0.43518702979445095
PCBD1,6201,0.001128850185453959,7,0.001128850185453959,0.0,0.0,0.0,2546,0.0019638648860958365,6,0.002356637863315004,0.0,0.0,0.0,0.0008350147006418774,2.0876444843451916,0.0,0.8571428571428571,0.43509633154891786
PSEN2,6201,0.0059667795516852125,40,0.006450572488308337,0.0,0.0,0.0,2546,0.012175962293794187,34,0.01335428122545169,0.0,0.0,0.0,0.006209182742108975,2.070247446975648,0.0,0.85,0.4348201621538656
PIAS3,6201,0.007901951298177712,52,0.008385744234800839,0.0,0.0,0.0,2546,0.016496465043205028,44,0.01728201099764336,0.0,0.0,0.0,0.008594513745027316,2.0608798114689706,0.0,0.8461538461538461,0.4341497279112909
IRF4,6201,0.009998387356877922,68,0.010965973230124174,0.0,0.0,0.014705882352941176,2546,0.015710919088766692,56,0.02199528672427337,0.0,0.0,0.03571428571428571,0.00571253173188877,2.0057760731943994,0.021008403361344536,0.8235294117647058,0.4341095498073389
DLGAP5,6201,0.009837123044670215,66,0.010643444605708756,0.0,0.0,0.0,2546,0.019638648860958365,51,0.020031421838177535,0.0,0.0,0.058823529411764705,0.00980152581628815,1.8820431336142258,0.058823529411764705,0.7727272727272727,0.4339773386893824
CADM3,6201,0.014675052410901468,112,0.018061602967263345,0.0,0.0,0.017857142857142856,2546,0.018067556952081697,95,0.03731343283582089,0.0,0.0,0.021052631578947368,0.0033925045411802284,2.065898187633262,0.003195488721804512,0.8482142857142857,0.4337813856976025
NDUFA4,6201,0.0012901144976616675,8,0.0012901144976616675,0.0,0.0,0.0,2546,0.0019638648860958365,5,0.0019638648860958365,0.0,0.0,0.2,0.000673750388434169,1.5222407698350353,0.2,0.625,0.4326742706316772
SCGB1A1,6201,0.0012901144976616675,8,0.0012901144976616675,0.0,0.0,0.0,2546,0.0019638648860958365,5,0.0019638648860958365,0.0,0.0,0.2,0.000673750388434169,1.5222407698350353,0.2,0.625,0.4326742706316772
DHFR,6201,0.0024189646831156266,16,0.002580228995323335,0.0,0.0,0.0,2546,0.0019638648860958365,10,0.003927729772191673,0.0,0.0,0.2,-0.00045509979701979005,1.5222407698350353,0.2,0.625,0.43245562004026283
NOTCH3,6201,0.02983389775842606,227,0.036606998871149814,0.0,0.0,0.0,2546,0.06834249803613511,180,0.07069913589945012,0.0,1.0,0.011111111111111112,0.038508600277709054,1.9313010648127322,0.011111111111111112,0.7929515418502202,0.4319189047212221
RABGAP1,6201,0.013223673601032092,92,0.014836316723109175,0.0,0.0,0.010869565217391304,2546,0.028672427336999214,75,0.02945797329143755,0.0,0.0,0.02666666666666667,0.015448753735967121,1.9855314389152636,0.015797101449275364,0.8152173913043478,0.4318764421107735
CTSK,6201,0.0024189646831156266,16,0.002580228995323335,0.0,0.0,0.0,2546,0.004713275726630008,12,0.004713275726630008,0.0,0.0,0.08333333333333333,0.0022943110435143816,1.8266889238020425,0.08333333333333333,0.75,0.4315864989081764
MRPL35,6201,0.002580228995323335,16,0.002580228995323335,0.0,0.0,0.0,2546,0.004713275726630008,12,0.004713275726630008,0.0,0.0,0.08333333333333333,0.002133046731306673,1.8266889238020425,0.08333333333333333,0.75,0.4314252345959687
NOS1,6201,0.036284470246734396,313,0.05047572972101274,0.0,0.0,0.0,2546,0.06166535742340927,248,0.0974076983503535,0.0,1.0,0.024193548387096774,0.025380887176674874,1.9297927714713803,0.024193548387096774,0.792332268370607,0.43135894907128863
EIF4A2,6201,0.008385744234800839,56,0.009030801483631673,0.0,0.0,0.0,2546,0.01728201099764336,44,0.01728201099764336,0.0,0.0,0.045454545454545456,0.008896266762842522,1.9136741106497586,0.045454545454545456,0.7857142857142857,0.43061849743504105
PSMD3,6201,0.0077406869859700045,50,0.008063215610385421,0.0,0.0,0.0,2546,0.015318146111547526,39,0.015318146111547526,0.0,0.0,0.05128205128205128,0.007577459125577521,1.8997564807541243,0.05128205128205128,0.78,0.43033909116050284
CNTFR,6201,0.004837929366231253,35,0.005644250927269795,0.0,0.0,0.0,2546,0.010997643362136685,28,0.010997643362136685,0.0,0.0,0.03571428571428571,0.006159713995905432,1.9484681853888455,0.03571428571428571,0.8,0.4300125954500117
TP53INP1,6201,0.003709079180777294,24,0.0038703434929850023,0.0,0.0,0.0,2546,0.006677140612725845,17,0.006677140612725845,0.0,0.0,0.11764705882352941,0.002968061431948551,1.7252062058130402,0.11764705882352941,0.7083333333333334,0.4300120368057657
KCNMB1,6201,0.0041928721174004195,26,0.0041928721174004195,0.0,0.0,0.0,2546,0.00864100549882168,22,0.00864100549882168,0.0,0.0,0.0,0.004448133381421261,2.0608798114689706,0.0,0.8461538461538461,0.4300033475476849
NMI,6201,0.004031607805192711,26,0.0041928721174004195,0.0,0.0,0.0,2546,0.008248232521602514,22,0.00864100549882168,0.0,0.0,0.0,0.004216624716409803,2.0608798114689706,0.0,0.8461538461538461,0.42977183888267345
ACOT8,6201,0.004515400741815836,32,0.00516045799064667,0.0,0.0,0.0,2546,0.010604870384917517,27,0.010604870384917517,0.0,0.0,0.0,0.0060894696431016805,2.0550250392772975,0.0,0.84375,0.42973007783590816
PLAUR,6201,0.005482986615062087,38,0.00612804386389292,0.0,0.0,0.02631578947368421,2546,0.007462686567164179,31,0.012175962293794187,0.0,0.0,0.0,0.001979699952102092,1.9869247943109936,-0.02631578947368421,0.8157894736842105,0.4293926701166285
SRP9,6201,0.001128850185453959,7,0.001128850185453959,0.0,0.0,0.0,2546,0.0015710919088766694,4,0.0015710919088766694,0.0,0.0,0.25,0.0004422417234227103,1.391762989563461,0.25,0.5714285714285714,0.4293258077119963
CENPJ,6201,0.01435252378648605,106,0.017094017094017096,0.0,0.0,0.0,2546,0.031029065200314218,80,0.031421838177533384,0.0,0.0,0.0625,0.01667654141382817,1.8381775333857029,0.0625,0.7547169811320755,0.4291914934441165
NPR2,6201,0.013223673601032092,102,0.01644895984518626,0.0,0.0,0.0,2546,0.021602513747054203,81,0.03181461115475255,0.0,0.0,0.037037037037037035,0.008378840146022111,1.9341412134374565,0.037037037037037035,0.7941176470588235,0.428683505191642
CX3CL1,6201,0.00612804386389292,39,0.006289308176100629,0.0,0.0,0.0,2546,0.009033778476040848,33,0.012961508248232521,0.0,0.0,0.0,0.002905734612147928,2.0608798114689706,0.0,0.8461538461538461,0.42846094877841157
SLC4A1,6201,0.015481373971940009,107,0.0172552814062248,0.0,0.0,0.0,2546,0.03338570306362922,87,0.034171249018067555,0.0,0.0,0.011494252873563218,0.017904329091689215,1.9803356557106255,0.011494252873563218,0.8130841121495327,0.4282873317241512
LITAF,6201,0.0019351717464925011,13,0.0020964360587002098,0.0,0.0,0.0,2546,0.00432050274941084,11,0.00432050274941084,0.0,0.0,0.0,0.0023853310029183393,2.0608798114689706,0.0,0.8461538461538461,0.42794054516918195
ATP6V0C,6201,0.0019351717464925011,13,0.0020964360587002098,0.0,0.0,0.0,2546,0.003927729772191673,11,0.00432050274941084,0.0,0.0,0.0,0.001992558025699172,2.0608798114689706,0.0,0.8461538461538461,0.4275477721919628
MAML1,6201,0.011449766166747298,80,0.012901144976616674,0.0,0.0,0.0,2546,0.02513747054202671,65,0.025530243519245877,0.0,0.0,0.015384615384615385,0.013687704375279412,1.978913000785546,0.015384615384615385,0.8125,0.427483608337322
AOC3,6201,0.012739880664408966,89,0.01435252378648605,0.0,0.0,0.0,2546,0.021602513747054203,73,0.028672427336999214,0.0,0.0,0.0136986301369863,0.008862633082645238,1.997727212547552,0.0136986301369863,0.8202247191011236,0.4272684883895785
MMP11,6201,0.00725689404934688,49,0.007901951298177712,0.0,0.0,0.0,2546,0.01610369206598586,41,0.01610369206598586,0.0,0.0,0.0,0.008846798016638978,2.0379386632893532,0.0,0.8367346938775511,0.42687883159411805
TNFSF15,6201,0.005644250927269795,42,0.006773101112723754,0.0,0.0,0.0,2546,0.007069913589945012,34,0.01335428122545169,0.0,0.0,0.029411764705882353,0.001425662662675217,1.971664235214903,0.029411764705882353,0.8095238095238095,0.42681239124379755
IL1RL1,6201,0.010965973230124174,80,0.012901144976616674,0.0,0.0,0.0,2546,0.018853102906520033,67,0.02631578947368421,0.0,0.0,0.0,0.007887129676395859,2.0398026315789473,0.0,0.8375,0.4265325386042235
ARHGAP10,6201,0.008869537171423964,63,0.010159651669085631,0.0,0.0,0.0,2546,0.019638648860958365,51,0.020031421838177535,0.0,0.0,0.0196078431372549,0.010769111689534401,1.9716642352149032,0.0196078431372549,0.8095238095238095,0.4263519187020293
DCLRE1B,6201,0.007095629737139171,50,0.008063215610385421,0.0,0.0,0.0,2546,0.010604870384917517,39,0.015318146111547526,0.0,0.0,0.05128205128205128,0.003509240647778346,1.8997564807541243,0.05128205128205128,0.78,0.42627087268270364
LPL,6201,0.009030801483631673,62,0.009998387356877922,0.0,0.0,0.0,2546,0.018460329929300863,47,0.018460329929300863,0.0,0.0,0.06382978723404255,0.00942952844566919,1.8463307401870106,0.06382978723404255,0.7580645161290323,0.4261428403286995
CLGN,6201,0.009675858732462506,70,0.01128850185453959,0.0,0.0,0.0,2546,0.018853102906520033,52,0.0204241948153967,0.0,0.0,0.07692307692307693,0.009177244174057526,1.8092918864324994,0.07692307692307693,0.7428571428571429,0.42588559441523094
PLOD2,6201,0.011127237542331882,75,0.012094823415578132,0.0,0.0,0.0,2546,0.0192458758837392,58,0.022780832678711706,0.0,0.0,0.05172413793103448,0.008118638341407317,1.8835192458758838,0.05172413793103448,0.7733333333333333,0.4257071042479928
KCNMB2,6201,0.005321722302854378,34,0.005482986615062087,0.0,0.0,0.0,2546,0.010604870384917517,27,0.010604870384917517,0.0,0.0,0.037037037037037035,0.005283148082063139,1.9341412134374565,0.037037037037037035,0.7941176470588235,0.425587813127683
KLF3,6201,0.008063215610385421,56,0.009030801483631673,0.0,0.0,0.0,2546,0.01610369206598586,42,0.016496465043205028,0.0,0.0,0.07142857142857142,0.008040476455600437,1.8266889238020425,0.07142857142857142,0.75,0.42542790241550055
ARAP3,6201,0.017900338655055636,134,0.02160941783583293,0.0,0.0,0.007462686567164179,2546,0.04241948153967007,109,0.04281225451688924,0.0,0.0,0.009174311926605505,0.02451914288461443,1.9811850019345536,0.0017116253594413261,0.8134328358208955,0.4254044608148479
GPR87,6201,0.007418158361554588,50,0.008063215610385421,0.0,0.0,0.0,2546,0.014139827179890024,37,0.014532600157109192,0.0,0.0,0.08108108108108109,0.006721668818335436,1.8023330714846821,0.08108108108108109,0.74,0.4251078793850077
AEN,6201,0.0038703434929850023,25,0.004031607805192711,0.0,0.0,0.0,2546,0.008248232521602514,21,0.008248232521602514,0.0,0.0,0.0,0.004377889028617512,2.0458915946582876,0.0,0.84,0.42502437289870104
NDUFA6,6201,0.0024189646831156266,15,0.0024189646831156266,0.0,0.0,0.0,2546,0.00432050274941084,11,0.00432050274941084,0.0,0.0,0.09090909090909091,0.0019015380662952136,1.7860958366064412,0.09090909090909091,0.7333333333333333,0.424304722537635
RBP1,6201,0.003709079180777294,25,0.004031607805192711,0.0,0.0,0.0,2546,0.007069913589945012,21,0.008248232521602514,0.0,0.0,0.0,0.003360834409167718,2.0458915946582876,0.0,0.84,0.42400731827925126
SLC25A12,6201,0.009353330108047089,60,0.009675858732462506,0.0,0.0,0.016666666666666666,2546,0.016496465043205028,43,0.016889238020424194,0.0,0.0,0.11627906976744186,0.00714313493515794,1.7455027494108404,0.0996124031007752,0.7166666666666667,0.4235725666367313
SLC2A4,6201,0.007418158361554588,49,0.007901951298177712,0.0,0.0,0.02040816326530612,2546,0.015318146111547526,39,0.015318146111547526,0.0,0.0,0.05128205128205128,0.007899987749992938,1.938527021177678,0.03087388801674516,0.7959183673469388,0.4235351378034595
ITGB1,6201,0.010965973230124174,74,0.011933559103370425,0.0,0.0,0.0,2546,0.021602513747054203,55,0.021602513747054203,0.0,0.0,0.07272727272727272,0.01063654051693003,1.8102322668308528,0.07272727272727272,0.7432432432432432,0.4234837698491697
PEX2,6201,0.005805515239477504,37,0.0059667795516852125,0.0,0.0,0.0,2546,0.009426551453260016,26,0.01021209740769835,0.0,0.0,0.11538461538461539,0.0036210362137825127,1.7114923250037153,0.11538461538461539,0.7027027027027027,0.42335762779819175
TLR3,6201,0.01225608772778584,90,0.01451378809869376,0.0,0.0,0.0,2546,0.025923016496465043,68,0.02670856245090338,0.0,0.0,0.058823529411764705,0.013666928768679202,1.8402199528672427,0.058823529411764705,0.7555555555555555,0.42322477498734795
XK,6201,0.006773101112723754,44,0.007095629737139171,0.0,0.0,0.0,2546,0.010997643362136685,30,0.01178318931657502,0.0,0.0,0.13333333333333333,0.004224542249412931,1.660626294365493,0.13333333333333333,0.6818181818181818,0.4229722391122245
KPNA2,6201,0.00612804386389292,42,0.006773101112723754,0.0,0.0,0.0,2546,0.013747054202670856,35,0.013747054202670856,0.0,0.0,0.0,0.007619010338777935,2.029654359780047,0.0,0.8333333333333334,0.4229203701134749
CELSR1,6201,0.03612320593452669,274,0.04418642154491211,0.0,0.0,0.0,2546,0.07894736842105263,207,0.08130400628436764,0.0,1.0,0.028985507246376812,0.04282416248652594,1.840022419596218,0.028985507246376812,0.7554744525547445,0.4224744355389333
HSD17B2,6201,0.004676665054023544,36,0.005805515239477504,0.0,0.0,0.0,2546,0.01178318931657502,30,0.01178318931657502,0.0,0.0,0.0,0.007106524262551475,2.029654359780047,0.0,0.8333333333333334,0.42240788403724844
CDC6,6201,0.00612804386389292,41,0.006611836800516046,0.0,0.0,0.0,2546,0.012175962293794187,31,0.012175962293794187,0.0,0.0,0.06451612903225806,0.006047918429901267,1.8415400532638475,0.06451612903225806,0.7560975609756098,0.4217630443748524
CYC1,6201,0.00516045799064667,33,0.005321722302854378,0.0,0.0,0.0,2546,0.01021209740769835,26,0.01021209740769835,0.0,0.0,0.038461538461538464,0.005051639417051681,1.9189459401556812,0.038461538461538464,0.7878787878787878,0.4215885690313493
ERN1,6201,0.010643444605708756,77,0.01241735203999355,0.0,0.0,0.0,2546,0.02356637863315004,62,0.024351924587588374,0.0,0.0,0.016129032258064516,0.012922934027441282,1.9611205762030586,0.016129032258064516,0.8051948051948052,0.4214725554624096
TRA2B,6201,0.00612804386389292,39,0.006289308176100629,0.0,0.0,0.02564102564102564,2546,0.00864100549882168,29,0.011390416339355853,0.0,0.0,0.10344827586206896,0.00251296163492876,1.8110761979575805,0.07780725022104332,0.7435897435897436,0.42074042991727245
GNAI3,6201,0.004515400741815836,30,0.004837929366231253,0.0,0.0,0.0,2546,0.009819324430479183,25,0.009819324430479183,0.0,0.0,0.0,0.005303923688663346,2.029654359780047,0.0,0.8333333333333334,0.4206052834633603
LTBP2,6201,0.023060796645702306,179,0.02886631188517981,0.0,0.0,0.0,2546,0.053809897879025924,142,0.05577376276512176,0.0,1.0,0.007042253521126761,0.03074910123332362,1.9321402397012293,0.007042253521126761,0.7932960893854749,0.4203767878053538
PLK3,6201,0.0077406869859700045,52,0.008385744234800839,0.0,0.0,0.0,2546,0.015710919088766692,40,0.015710919088766692,0.0,0.0,0.05,0.007970232102796689,1.873527101335428,0.05,0.7692307692307693,0.4203632819362559
SDC4,6201,0.00306402193194646,24,0.0038703434929850023,0.0,0.0,0.0,2546,0.007855459544383346,20,0.007855459544383346,0.0,0.0,0.0,0.004791437612436886,2.029654359780047,0.0,0.8333333333333334,0.42009279738713384
MYBPC3,6201,0.014191259474278342,101,0.01628769553297855,0.0,0.0,0.0,2546,0.030243519245875882,78,0.030636292223095052,0.0,0.0,0.038461538461538464,0.016052259771597542,1.8809470106476478,0.038461538461538464,0.7722772277227723,0.41948568091210886
GPNMB,6201,0.009837123044670215,67,0.010804708917916465,0.0,0.0,0.0,2546,0.01767478397486253,54,0.021209740769835034,0.0,0.0,0.018518518518518517,0.007837660930192315,1.9630089927424932,0.018518518518518517,0.8059701492537313,0.41941430248824185
CENPE,6201,0.02547976132881793,216,0.03483309143686502,0.0,0.0,0.0,2546,0.0420267085624509,164,0.06441476826394343,0.0,0.0,0.04878048780487805,0.01654694723363297,1.8492406389107094,0.04878048780487805,0.7592592592592593,0.4192327707695487
TMEM176A,6201,0.00516045799064667,38,0.00612804386389292,0.0,0.0,0.0,2546,0.011390416339355853,30,0.01178318931657502,0.0,0.0,0.03333333333333333,0.006229958348709183,1.922830446107413,0.03333333333333333,0.7894736842105263,0.4189685887632085
TANK,6201,0.005644250927269795,38,0.00612804386389292,0.0,0.0,0.0,2546,0.01178318931657502,30,0.01178318931657502,0.0,0.0,0.03333333333333333,0.006138938389305224,1.922830446107413,0.03333333333333333,0.7894736842105263,0.41887756880380456
XIAP,6201,0.005805515239477504,40,0.006450572488308337,0.0,0.0,0.0,2546,0.01178318931657502,30,0.01178318931657502,0.0,0.0,0.06666666666666667,0.0059776740770975155,1.8266889238020423,0.06666666666666667,0.75,0.4186031952750929
TATDN2,6201,0.009675858732462506,71,0.011449766166747298,0.0,0.0,0.0,2546,0.020031421838177535,52,0.0204241948153967,0.0,0.0,0.07692307692307693,0.010355563105715029,1.7838089021165486,0.07692307692307693,0.7323943661971831,0.4179515581039609
UBA2,6201,0.0077406869859700045,54,0.008708272859216255,0.0,0.0,0.0,2546,0.016496465043205028,43,0.016889238020424194,0.0,0.0,0.023255813953488372,0.008755778057235025,1.9394474993453785,0.023255813953488372,0.7962962962962963,0.4170860497484507
DNAJB8,6201,0.0059667795516852125,45,0.00725689404934688,0.0,0.0,0.0,2546,0.01335428122545169,34,0.01335428122545169,0.0,0.0,0.058823529411764705,0.007387501673766477,1.8402199528672427,0.058823529411764705,0.7555555555555555,0.4169453478924352
PDLIM4,6201,0.005644250927269795,35,0.005644250927269795,0.0,0.0,0.0,2546,0.010997643362136685,29,0.011390416339355853,0.0,0.0,0.0,0.00535339243486689,2.0180563348670186,0.0,0.8285714285714286,0.41681923833762435
MTHFD1,6201,0.010804708917916465,70,0.01128850185453959,0.0,0.0,0.0,2546,0.021602513747054203,56,0.02199528672427337,0.0,0.0,0.017857142857142856,0.010797804829137739,1.9484681853888455,0.017857142857142856,0.8,0.41679354342610114
CNIH2,6201,0.0020964360587002098,14,0.002257700370907918,0.0,0.0,0.0,2546,0.003927729772191673,10,0.003927729772191673,0.0,0.0,0.1,0.0018312937134914633,1.739703736954326,0.1,0.7142857142857143,0.4165339025084232
PDK4,6201,0.006450572488308337,45,0.00725689404934688,0.0,0.0,0.0,2546,0.01335428122545169,34,0.01335428122545169,0.0,0.0,0.058823529411764705,0.006903708737143352,1.8402199528672427,0.058823529411764705,0.7555555555555555,0.4164615549558121
ABCA3,6201,0.021286889211417512,163,0.026286082889856476,0.0,0.0,0.0,2546,0.04831107619795758,126,0.04948939512961508,0.0,0.0,0.023809523809523808,0.02702418698654007,1.8827223263726571,0.023809523809523808,0.7730061349693251,0.4164216301271571
FPR1,6201,0.008708272859216255,71,0.011449766166747298,0.0,0.0,0.0,2546,0.022780832678711706,58,0.022780832678711706,0.0,0.0,0.0,0.01407255981949545,1.9896330062069196,0.0,0.8169014084507042,0.41607601872990246
GLUL,6201,0.006289308176100629,41,0.006611836800516046,0.0,0.0,0.0,2546,0.01021209740769835,27,0.010604870384917517,0.0,0.0,0.14814814814814814,0.003922789231597721,1.603921981874964,0.14814814814814814,0.6585365853658537,0.41594251983977737
GREB1,6201,0.02773746169972585,222,0.03580067731011127,0.0,0.0,0.0045045045045045045,2546,0.06520031421838178,170,0.06677140612725845,0.0,1.0,0.023529411764705882,0.03746285251865593,1.8650877900681515,0.01902490726020138,0.7657657657657657,0.4159395711737951
CDCA8,6201,0.0027414933075310434,20,0.0032252862441541686,0.0,0.0,0.0,2546,0.00589159465828751,15,0.00589159465828751,0.0,0.0,0.06666666666666667,0.003150101350756466,1.8266889238020423,0.06666666666666667,0.75,0.41577562254875183
SLC27A1,6201,0.008385744234800839,56,0.009030801483631673,0.0,0.0,0.0,2546,0.018067556952081697,46,0.018067556952081697,0.0,0.0,0.0,0.009681812717280858,2.000659297497475,0.0,0.8214285714285714,0.41536666251296384
XPO1,6201,0.009837123044670215,74,0.011933559103370425,0.0,0.0,0.0,2546,0.02199528672427337,59,0.023173605655930872,0.0,0.0,0.01694915254237288,0.012158163679603155,1.9418855226003693,0.01694915254237288,0.7972972972972973,0.41501084566353086
TOP2A,6201,0.01241735203999355,93,0.014997581035316884,0.0,0.0,0.0,2546,0.029065200314218383,74,0.029065200314218383,0.0,0.0,0.013513513513513514,0.016647848274224834,1.937992549983529,0.013513513513513514,0.7956989247311828,0.41474072323205985
RDH11,6201,0.004031607805192711,26,0.0041928721174004195,0.0,0.0,0.0,2546,0.006284367635506678,20,0.007855459544383346,0.0,0.0,0.05,0.002252759830313967,1.873527101335428,0.05,0.7692307692307693,0.4146458096637732
NOP56,6201,0.007418158361554588,55,0.008869537171423964,0.0,0.0,0.0,2546,0.016496465043205028,42,0.016496465043205028,0.0,0.0,0.047619047619047616,0.00907830668165044,1.8599014496893524,0.047619047619047616,0.7636363636363637,0.4143373398282422
PROS1,6201,0.01661022415739397,118,0.019029188840509595,0.0,0.0,0.0,2546,0.022780832678711706,91,0.03574234092694423,0.0,0.0,0.04395604395604396,0.0061706085213177365,1.8782903058303488,0.04395604395604396,0.7711864406779662,0.4141759459801113
SERINC1,6201,0.004999193678438961,31,0.004999193678438961,0.0,0.0,0.0,2546,0.009426551453260016,24,0.009426551453260016,0.0,0.0,0.041666666666666664,0.004427357774821055,1.8856143729569472,0.041666666666666664,0.7741935483870968,0.4126846754012492
GEM,6201,0.006934365424931463,47,0.0075794226737622965,0.0,0.0,0.0,2546,0.014532600157109192,37,0.014532600157109192,0.0,0.0,0.02702702702702703,0.007598234732177729,1.9173756079624276,0.02702702702702703,0.7872340425531915,0.4121625289521371
NPM1,6201,0.009030801483631673,57,0.009192065795839382,0.0,0.0,0.0,2546,0.010997643362136685,44,0.01728201099764336,0.0,0.0,0.045454545454545456,0.001966841878505012,1.8801008806383592,0.045454545454545456,0.7719298245614035,0.41209952830692387
USP11,6201,0.01225608772778584,89,0.01435252378648605,0.0,0.0,0.0,2546,0.027101335428122545,69,0.027101335428122545,0.0,0.0,0.028985507246376812,0.014845247700336704,1.888262707750426,0.028985507246376812,0.7752808988764045,0.41133875656780083
ACVR1,6201,0.006289308176100629,44,0.007095629737139171,0.0,0.0,0.0,2546,0.014139827179890024,36,0.014139827179890024,0.0,0.0,0.0,0.007850519003789394,1.9927515532385918,0.0,0.8181818181818182,0.41089655459350005
PREX1,6201,0.0267698758264796,204,0.03289791969037252,0.0,0.0,0.0,2546,0.0589159465828751,153,0.0600942655145326,0.0,1.0,0.032679738562091505,0.0321460707563955,1.8266889238020423,0.032679738562091505,0.75,0.4107846638498157
KLHDC3,6201,0.005805515239477504,36,0.005805515239477504,0.0,0.0,0.0,2546,0.010997643362136685,28,0.010997643362136685,0.0,0.0,0.03571428571428571,0.005192128122659181,1.894344069128044,0.03571428571428571,0.7777777777777778,0.410517744926647
LAPTM5,6201,0.0038703434929850023,28,0.004515400741815836,0.0,0.0,0.0,2546,0.00864100549882168,23,0.009033778476040848,0.0,0.0,0.0,0.0047706620058366785,2.000659297497475,0.0,0.8214285714285714,0.4104555118015197
GLDC,6201,0.013223673601032092,91,0.014675052410901468,0.0,0.0,0.0,2546,0.027101335428122545,69,0.027101335428122545,0.0,0.0,0.043478260869565216,0.013877661827090453,1.8467624284592077,0.043478260869565216,0.7582417582417582,0.4103911006772285
ZNF639,6201,0.00516045799064667,36,0.005805515239477504,0.0,0.0,0.0,2546,0.01021209740769835,28,0.010997643362136685,0.0,0.0,0.03571428571428571,0.005051639417051681,1.894344069128044,0.03571428571428571,0.7777777777777778,0.4103772562210395
ITGA5,6201,0.012739880664408966,103,0.01661022415739397,0.0,0.0,0.0,2546,0.02945797329143755,75,0.02945797329143755,0.0,0.0,0.06666666666666667,0.016718092627028586,1.7734843920408179,0.06666666666666667,0.7281553398058253,0.41034201169936324
CLCA2,6201,0.012578616352201259,93,0.014997581035316884,0.0,0.0,0.0,2546,0.02945797329143755,75,0.02945797329143755,0.0,0.0,0.0,0.01687935693923629,1.9641816384968198,0.0,0.8064516129032258,0.4103331634796305
GNG12,6201,0.002580228995323335,17,0.0027414933075310434,0.0,0.0,0.0,2546,0.0054988216810683424,14,0.0054988216810683424,0.0,0.0,0.0,0.0029185926857450075,2.0057760731943994,0.0,0.8235294117647058,0.4103072073998506
C8B,6201,0.017900338655055636,139,0.022415739396871474,0.0,0.0,0.0,2546,0.018853102906520033,100,0.03927729772191673,0.0,0.0,0.09,0.0009527642514643962,1.7522195911770189,0.09,0.7194244604316546,0.4102132938849026
TNFAIP3,6201,0.010965973230124174,72,0.011611030478955007,0.0,0.0,0.0,2546,0.022388059701492536,57,0.022388059701492536,0.0,0.0,0.017543859649122806,0.011422086471368362,1.9281716417910446,0.017543859649122806,0.7916666666666666,0.41019698077175215
GINS2,6201,0.0027414933075310434,17,0.0027414933075310434,0.0,0.0,0.0,2546,0.0054988216810683424,14,0.0054988216810683424,0.0,0.0,0.0,0.002757328373537299,2.0057760731943994,0.0,0.8235294117647058,0.4101459430876429
IPO7,6201,0.010482180293501049,69,0.011127237542331882,0.0,0.0,0.0,2546,0.01728201099764336,44,0.01728201099764336,0.0,0.0,0.1590909090909091,0.006799830704142312,1.5531268144403838,0.1590909090909091,0.6376811594202898,0.4100623689754084
LRRC8C,6201,0.010482180293501049,74,0.011933559103370425,0.0,0.0,0.0,2546,0.02199528672427337,57,0.022388059701492536,0.0,0.0,0.03508771929824561,0.011513106430772321,1.876058894715611,0.03508771929824561,0.7702702702702703,0.4098745628138938
LRPPRC,6201,0.013707466537655217,104,0.016771488469601678,0.0,0.0,0.028846153846153848,2546,0.03220738413197172,83,0.03260015710919089,0.0,0.0,0.024096385542168676,0.0184999175943165,1.9437843676355067,-0.004749768303985172,0.7980769230769231,0.4097984588334367
EPHB2,6201,0.02144815352362522,162,0.026124818577648767,0.0,0.0,0.0,2546,0.03809897879025923,129,0.05066771406127259,0.0,0.0,0.007751937984496124,0.01665082526663401,1.9394474993453785,0.007751937984496124,0.7962962962962963,0.4094772209888574
IL2RB,6201,0.008708272859216255,59,0.009514594420254797,0.0,0.0,0.0,2546,0.018853102906520033,48,0.018853102906520033,0.0,0.0,0.0,0.010144830047303778,1.9814930698869615,0.0,0.8135593220338984,0.40942185469437814
TSPAN8,6201,0.0059667795516852125,41,0.006611836800516046,0.0,0.0,0.0,2546,0.012175962293794187,32,0.012568735271013355,0.0,0.0,0.03125,0.006209182742108975,1.9009445711110686,0.03125,0.7804878048780488,0.4093484003174758
EXOC2,6201,0.011127237542331882,79,0.012739880664408966,0.0,0.0,0.0,2546,0.022780832678711706,61,0.023959151610369208,0.0,0.0,0.03278688524590164,0.011653595136379823,1.8806417612139172,0.03278688524590164,0.7721518987341772,0.40930640290126963
E2F8,6201,0.012901144976616674,86,0.013868730849862926,0.0,0.0,0.0,2546,0.02199528672427337,60,0.02356637863315004,0.0,0.0,0.1,0.009094141747656695,1.6992455105135278,0.1,0.6976744186046512,0.40891925459666384
TMEM50A,6201,0.0027414933075310434,19,0.00306402193194646,0.0,0.0,0.0,2546,0.0054988216810683424,14,0.0054988216810683424,0.0,0.0,0.07142857142857142,0.002757328373537299,1.7946417497002523,0.07142857142857142,0.7368421052631579,0.4087426422137515
NFKBIE,6201,0.0043541364296081275,30,0.004837929366231253,0.0,0.0,0.0,2546,0.009033778476040848,23,0.009033778476040848,0.0,0.0,0.043478260869565216,0.004679642046432721,1.8672820109976433,0.043478260869565216,0.7666666666666667,0.40837526891149484
LSM1,6201,0.0020964360587002098,13,0.0020964360587002098,0.0,0.0,0.0,2546,0.003534956794972506,9,0.003534956794972506,0.0,0.0,0.1111111111111111,0.0014385207362722962,1.6861743912018852,0.1111111111111111,0.6923076923076923,0.4075204732681823
FEZ1,6201,0.005805515239477504,38,0.00612804386389292,0.0,0.0,0.0,2546,0.012175962293794187,31,0.012175962293794187,0.0,0.0,0.0,0.0063704470543166835,1.9869247943109936,0.0,0.8157894736842105,0.4074676277451589
AZGP1,6201,0.00516045799064667,35,0.005644250927269795,0.0,0.0,0.0,2546,0.01021209740769835,27,0.010604870384917517,0.0,0.0,0.037037037037037035,0.005051639417051681,1.878880035910672,0.037037037037037035,0.7714285714285715,0.40634283799004906
CCR5,6201,0.006450572488308337,47,0.0075794226737622965,0.0,0.0,0.0,2546,0.013747054202670856,35,0.013747054202670856,0.0,0.0,0.05714285714285714,0.007296481714362518,1.8137336832077016,0.05714285714285714,0.7446808510638298,0.4058044725704253
CPQ,6201,0.00822447992259313,54,0.008708272859216255,0.0,0.0,0.0,2546,0.014925373134328358,39,0.015318146111547526,0.0,0.0,0.07692307692307693,0.006700893211735228,1.759033778476041,0.07692307692307693,0.7222222222222222,0.4053573277492213
ATF4,6201,0.006450572488308337,40,0.006450572488308337,0.0,0.0,0.0,2546,0.012175962293794187,31,0.012175962293794187,0.0,0.0,0.03225806451612903,0.00572538980548585,1.887578554595444,0.03225806451612903,0.775,0.40525455429422996
RNF11,6201,0.0016126431220770843,11,0.0017739074342847927,0.0,0.0,0.0,2546,0.003534956794972506,9,0.003534956794972506,0.0,0.0,0.0,0.0019223136728954216,1.9927515532385918,0.0,0.8181818181818182,0.40496834926260605
HS6ST2,6201,0.007901951298177712,58,0.009353330108047089,0.0,0.0,0.0,2546,0.01610369206598586,47,0.018460329929300863,0.0,0.0,0.0,0.008201740767808146,1.9736638946826666,0.0,0.8103448275862069,0.40484938729385495
CSNK1E,6201,0.004999193678438961,36,0.005805515239477504,0.0,0.0,0.0,2546,0.0019638648860958365,5,0.0019638648860958365,0.0,0.0,0.0,-0.0030353287923431246,0.3382757266300078,0.0,0.1388888888888889,0.4048004951620179
UMPS,6201,0.00612804386389292,43,0.006934365424931463,0.0,0.0,0.0,2546,0.010604870384917517,28,0.010997643362136685,0.0,0.0,0.14285714285714285,0.0044768265210245965,1.5859624764792926,0.14285714285714285,0.6511627906976745,0.4042845588071191
H2AX,6201,0.0,0,0.0,0.0,0.0,0.0,2546,0.003927729772191673,10,0.003927729772191673,0.0,0.0,0.4,0.003927729772191673,,0.4,,0.4039277297721917
WASF1,6201,0.007095629737139171,48,0.0077406869859700045,0.0,0.0,0.0,2546,0.01335428122545169,34,0.01335428122545169,0.0,0.0,0.08823529411764706,0.0062586514883125185,1.7252062058130402,0.08823529411764706,0.7083333333333334,0.40389086215624737
JMJD6,6201,0.00516045799064667,36,0.005805515239477504,0.0,0.0,0.0,2546,0.01021209740769835,26,0.01021209740769835,0.0,0.0,0.07692307692307693,0.005051639417051681,1.7590337784760408,0.07692307692307693,0.7222222222222222,0.4037080739545375
GCG,6201,0.004999193678438961,32,0.00516045799064667,0.0,0.0,0.0,2546,0.01021209740769835,26,0.01021209740769835,0.0,0.0,0.0,0.0052129037292593895,1.978913000785546,0.0,0.8125,0.4036241923066866
DUSP6,6201,0.0043541364296081275,27,0.0043541364296081275,0.0,0.0,0.0,2546,0.007462686567164179,22,0.00864100549882168,0.0,0.0,0.0,0.0031085501375560515,1.9845509295627126,0.0,0.8148148148148148,0.4034106627470394
SLC25A5,6201,0.0041928721174004195,29,0.004676665054023544,0.0,0.0,0.0,2546,0.00864100549882168,22,0.00864100549882168,0.0,0.0,0.045454545454545456,0.004448133381421261,1.84768534821356,0.045454545454545456,0.7586206896551724,0.4032620040556149
CDC20,6201,0.005644250927269795,36,0.005805515239477504,0.0,0.0,0.0,2546,0.01021209740769835,26,0.01021209740769835,0.0,0.0,0.07692307692307693,0.004567846480428556,1.7590337784760408,0.07692307692307693,0.7222222222222222,0.4032242810179144
ZNF277,6201,0.005644250927269795,37,0.0059667795516852125,0.0,0.0,0.0,2546,0.01178318931657502,30,0.01178318931657502,0.0,0.0,0.0,0.006138938389305224,1.9747988365427485,0.0,0.8108108108108109,0.40316817657193105
ABCA9,6201,0.02144815352362522,172,0.02773746169972585,0.0,0.0,0.0,2546,0.04477611940298507,121,0.04752553024351924,0.0,0.0,0.0743801652892562,0.02332796587935985,1.713405889767807,0.0743801652892562,0.7034883720930233,0.4027655822981498
TNPO2,6201,0.010482180293501049,73,0.011772294791162716,0.0,0.0,0.0,2546,0.018067556952081697,59,0.023173605655930872,0.0,0.0,0.0,0.007585376658580648,1.9684866941428403,0.0,0.8082191780821918,0.40249048846678354
SOCS1,6201,0.0012901144976616675,16,0.002580228995323335,0.0,0.0,0.0,2546,0.005106048703849175,13,0.005106048703849175,0.0,0.0,0.0,0.003815934206187508,1.978913000785546,0.0,0.8125,0.4022272227836148
IFI44,6201,0.006773101112723754,49,0.007901951298177712,0.0,0.0,0.0,2546,0.014925373134328358,38,0.014925373134328358,0.0,0.0,0.02631578947368421,0.008152272021604604,1.8888212001218398,0.02631578947368421,0.7755102040816326,0.4021694106190469
RTN1,6201,0.01564263828414772,118,0.019029188840509595,0.0,0.0,0.0,2546,0.028672427336999214,93,0.03652788688138256,0.0,0.0,0.010752688172043012,0.013029789052851494,1.9195714114529936,0.010752688172043012,0.788135593220339,0.4020721252726966
PTEN,6201,0.059184002580228996,458,0.07385905499113046,0.0,1.0,0.0,2546,0.06794972505891594,282,0.11076197957580518,0.0,1.0,0.1702127659574468,0.008765722478686948,1.4996398151737291,0.1702127659574468,0.6157205240174672,0.40197795544018944
ATP5ME,6201,0.0,0,0.0,0.0,0.0,0.0,2546,0.0019638648860958365,5,0.0019638648860958365,0.0,0.0,0.4,0.0019638648860958365,,0.4,,0.40196386488609587
ELF3,6201,0.009514594420254797,66,0.010643444605708756,0.0,0.0,0.0,2546,0.018853102906520033,50,0.019638648860958365,0.0,0.0,0.04,0.009338508486265235,1.8451403270727702,0.04,0.7575757575757576,0.40180371839112755
ARFGEF2,6201,0.022254475084663765,172,0.02773746169972585,0.0,0.0,0.0,2546,0.04673998428908091,124,0.04870384917517675,0.0,0.0,0.056451612903225805,0.024485509204417145,1.7558870275306453,0.056451612903225805,0.7209302325581395,0.40152930239690676
PREP,6201,0.008063215610385421,54,0.008708272859216255,0.0,0.0,0.0,2546,0.01610369206598586,42,0.016496465043205028,0.0,0.0,0.023809523809523808,0.008040476455600437,1.8943440691280442,0.023809523809523808,0.7777777777777778,0.4014613313548266
CLDN15,6201,0.0027414933075310434,18,0.002902757619738752,0.0,0.0,0.0,2546,0.005106048703849175,13,0.005106048703849175,0.0,0.0,0.07692307692307693,0.002364555396318132,1.7590337784760408,0.07692307692307693,0.7222222222222222,0.401020989933804
MRPS15,6201,0.0027414933075310434,18,0.002902757619738752,0.0,0.0,0.0,2546,0.004713275726630008,13,0.005106048703849175,0.0,0.0,0.07692307692307693,0.0019717824190989648,1.7590337784760408,0.07692307692307693,0.7222222222222222,0.4006282169565848
PTPRC,6201,0.028059990324141266,214,0.0345105628124496,0.0,0.0,0.0,2546,0.03927729772191673,162,0.0636292223095051,0.0,0.0,0.037037037037037035,0.011217307397775465,1.843760782902996,0.037037037037037035,0.7570093457943925,0.4002345593748663
NPY4R,6201,0.01032091598129334,75,0.012094823415578132,0.0,0.0,0.0,2546,0.020816967792615867,57,0.022388059701492536,0.0,0.0,0.03508771929824561,0.010496051811322528,1.8510447761194029,0.03508771929824561,0.76,0.4001221057652483
SNCA,6201,0.0024189646831156266,16,0.002580228995323335,0.0,0.0,0.0,2546,0.003927729772191673,13,0.005106048703849175,0.0,0.0,0.0,0.0015087650890760465,1.978913000785546,0.0,0.8125,0.3999200536665033
MDGA1,6201,0.015320109659732302,108,0.01741654571843251,0.0,0.0,0.0,2546,0.03181461115475255,81,0.03181461115475255,0.0,0.0,0.037037037037037035,0.01649450149502025,1.8266889238020423,0.037037037037037035,0.75,0.39949039306338596
E2F1,6201,0.005644250927269795,41,0.006611836800516046,0.0,0.0,0.0,2546,0.012961508248232521,33,0.012961508248232521,0.0,0.0,0.0,0.007317257320962727,1.9603490889582893,0.0,0.8048780487804879,0.3994772736020285
FASN,6201,0.02257700370907918,181,0.029188840509595228,0.0,0.0,0.0,2546,0.05263157894736842,136,0.05341712490180676,0.0,1.0,0.022058823529411766,0.03005457523828924,1.830052991801678,0.022058823529411766,0.7513812154696132,0.3992616547058518
PHF7,6201,0.00516045799064667,36,0.005805515239477504,0.0,0.0,0.0,2546,0.007855459544383346,24,0.009426551453260016,0.0,0.0,0.125,0.002695001553736676,1.6237234878240379,0.125,0.6666666666666666,0.39914230840713105
HYOU1,6201,0.012578616352201259,84,0.013546202225447508,0.0,0.0,0.0,2546,0.025530243519245877,67,0.02631578947368421,0.0,0.0,0.0,0.012951627167044618,1.9426691729323309,0.0,0.7976190476190477,0.3991214980319154
SYMPK,6201,0.014997581035316884,114,0.018384131591678763,0.0,0.0,0.0,2546,0.03456402199528672,90,0.03534956794972506,0.0,0.0,0.0,0.019566440959969837,1.922830446107413,0.0,0.7894736842105263,0.39897173804113584
ARID4B,6201,0.01628769553297855,120,0.019351717464925013,0.0,0.0,0.0,2546,0.023959151610369208,90,0.03534956794972506,0.0,0.0,0.044444444444444446,0.0076714560773906565,1.8266889238020425,0.044444444444444446,0.75,0.3980747550531638
MBL2,6201,0.00725689404934688,48,0.0077406869859700045,0.0,0.0,0.0,2546,0.014532600157109192,37,0.014532600157109192,0.0,0.0,0.02702702702702703,0.007275706107762312,1.8774302827965437,0.02702702702702703,0.7708333333333334,0.39805318550132923
HMGN2,6201,0.0017739074342847927,12,0.0019351717464925011,0.0,0.0,0.0,2546,0.003142183817753339,8,0.003142183817753339,0.0,0.0,0.125,0.001368276383468546,1.6237234878240379,0.125,0.6666666666666666,0.3978155832368629
IFNB1,6201,0.0043541364296081275,28,0.004515400741815836,0.0,0.0,0.0,2546,0.008248232521602514,21,0.008248232521602514,0.0,0.0,0.047619047619047616,0.0038940960919943866,1.8266889238020425,0.047619047619047616,0.75,0.39747199824237067
PRODH,6201,0.004837929366231253,35,0.005644250927269795,0.0,0.0,0.0,2546,0.0019638648860958365,5,0.0019638648860958365,0.0,0.0,0.0,-0.0028740644801354166,0.3479407473908652,0.0,0.14285714285714285,0.3974431894575508
PEX26,6201,0.0035478148685695854,23,0.003709079180777294,0.0,0.0,0.0,2546,0.0054988216810683424,17,0.006677140612725845,0.0,0.0,0.058823529411764705,0.001951006812498757,1.8002151712831724,0.058823529411764705,0.7391304347826086,0.3973236167797529
PRNP,6201,0.0041928721174004195,28,0.004515400741815836,0.0,0.0,0.0,2546,0.007855459544383346,21,0.008248232521602514,0.0,0.0,0.047619047619047616,0.0036625874269829266,1.8266889238020425,0.047619047619047616,0.75,0.39724048957735925
LGALS3BP,6201,0.0059667795516852125,38,0.00612804386389292,0.0,0.0,0.0,2546,0.011390416339355853,29,0.011390416339355853,0.0,0.0,0.034482758620689655,0.00542363678767064,1.8587360979038328,0.034482758620689655,0.7631578947368421,0.3971388181932224
SEMA4D,6201,0.014997581035316884,105,0.016932752781809387,0.0,0.0,0.0,2546,0.028672427336999214,77,0.030243519245875882,0.0,0.0,0.05194805194805195,0.01367484630168233,1.7860958366064412,0.05194805194805195,0.7333333333333333,0.3971169918119832
EIF3D,6201,0.005321722302854378,33,0.005321722302854378,0.0,0.0,0.0,2546,0.009819324430479183,25,0.009819324430479183,0.0,0.0,0.04,0.004497602127624805,1.8451403270727702,0.04,0.7575757575757576,0.3969628120324871
TNNI1,6201,0.0032252862441541686,21,0.003386550556361877,0.0,0.0,0.0,2546,0.001178318931657502,3,0.001178318931657502,0.0,0.0,0.0,-0.002046967312496667,0.3479407473908653,0.0,0.14285714285714285,0.39661609228991196
SLC2A1,6201,0.006611836800516046,45,0.00725689404934688,0.0,0.0,0.0,2546,0.014139827179890024,36,0.014139827179890024,0.0,0.0,0.0,0.007527990379373978,1.9484681853888453,0.0,0.8,0.3956665861191943
ID3,6201,0.001128850185453959,7,0.001128850185453959,0.0,0.0,0.0,2546,0.00039277297721916735,1,0.00039277297721916735,0.0,0.0,0.0,-0.0007360772082347917,0.3479407473908652,0.0,0.14285714285714285,0.39530520218565013
TRIM29,6201,0.010804708917916465,80,0.012901144976616674,0.0,0.0,0.0,2546,0.01767478397486253,64,0.02513747054202671,0.0,0.0,0.0,0.006870075056946066,1.9484681853888455,0.0,0.8,0.39500867079676666
AVPR1A,6201,0.009998387356877922,68,0.010965973230124174,0.0,0.0,0.0,2546,0.0204241948153967,54,0.021209740769835034,0.0,0.0,0.0,0.010425807458518779,1.9341412134374565,0.0,0.7941176470588235,0.3936934354671016
OAS1,6201,0.00822447992259313,56,0.009030801483631673,0.0,0.0,0.0,2546,0.016889238020424194,43,0.016889238020424194,0.0,0.0,0.023255813953488372,0.008664758097831064,1.8701815172259004,0.023255813953488372,0.7678571428571429,0.39314866568310775
SLC7A5,6201,0.005805515239477504,37,0.0059667795516852125,0.0,0.0,0.0,2546,0.010997643362136685,28,0.010997643362136685,0.0,0.0,0.03571428571428571,0.005192128122659181,1.8431455807732318,0.03571428571428571,0.7567567567567568,0.39267027137885585
EXT1,6201,0.012094823415578132,85,0.013707466537655217,0.0,0.0,0.0,2546,0.02474469756480754,64,0.02513747054202671,0.0,0.0,0.03125,0.012649874149229409,1.833852409777737,0.03125,0.7529411764705882,0.39238975508870827
CTSD,6201,0.006934365424931463,44,0.007095629737139171,0.0,0.0,0.0,2546,0.013747054202670856,35,0.013747054202670856,0.0,0.0,0.0,0.006812688777739393,1.9373973434264087,0.0,0.7954545454545454,0.3911894401587443
TNFRSF9,6201,0.004515400741815836,33,0.005321722302854378,0.0,0.0,0.0,2546,0.009033778476040848,23,0.009033778476040848,0.0,0.0,0.08695652173913043,0.004518377734225012,1.6975291009069486,0.08695652173913043,0.696969696969697,0.3906639251080403
PTTG1,6201,0.002257700370907918,15,0.0024189646831156266,0.0,0.0,0.0,2546,0.004713275726630008,12,0.004713275726630008,0.0,0.0,0.0,0.00245557535572209,1.9484681853888453,0.0,0.8,0.39059417109554245
PRAF2,6201,0.0024189646831156266,15,0.0024189646831156266,0.0,0.0,0.0,2546,0.004713275726630008,12,0.004713275726630008,0.0,0.0,0.0,0.0022943110435143816,1.9484681853888453,0.0,0.8,0.39043290678333475
SMC3,6201,0.012739880664408966,89,0.01435252378648605,0.0,0.0,0.0,2546,0.02356637863315004,62,0.024351924587588374,0.0,0.0,0.08064516129032258,0.010826497968741073,1.6966998243554552,0.08064516129032258,0.6966292134831461,0.3903532168313002
SSTR4,6201,0.014191259474278342,97,0.01564263828414772,0.0,0.0,0.0,2546,0.029850746268656716,76,0.029850746268656716,0.0,0.0,0.0,0.015659486794378376,1.9082935836282502,0.0,0.7835051546391752,0.39007881804104044
COX5A,6201,0.0016126431220770843,10,0.0016126431220770843,0.0,0.0,0.0,2546,0.003142183817753339,8,0.003142183817753339,0.0,0.0,0.0,0.0015295406956762545,1.9484681853888455,0.0,0.8,0.3896681364354968
NDUFB2,6201,0.0016126431220770843,10,0.0016126431220770843,0.0,0.0,0.0,2546,0.003142183817753339,8,0.003142183817753339,0.0,0.0,0.0,0.0015295406956762545,1.9484681853888455,0.0,0.8,0.3896681364354968
S100A11,6201,0.0016126431220770843,10,0.0016126431220770843,0.0,0.0,0.0,2546,0.003142183817753339,8,0.003142183817753339,0.0,0.0,0.0,0.0015295406956762545,1.9484681853888455,0.0,0.8,0.3896681364354968
ID2,6201,0.0016126431220770843,10,0.0016126431220770843,0.0,0.0,0.0,2546,0.003142183817753339,8,0.003142183817753339,0.0,0.0,0.0,0.0015295406956762545,1.9484681853888455,0.0,0.8,0.3896681364354968
COX6A1,6201,0.0016126431220770843,10,0.0016126431220770843,0.0,0.0,0.0,2546,0.003142183817753339,8,0.003142183817753339,0.0,0.0,0.0,0.0015295406956762545,1.9484681853888455,0.0,0.8,0.3896681364354968
POLD4,6201,0.0008063215610385422,5,0.0008063215610385422,0.0,0.0,0.0,2546,0.0015710919088766694,4,0.0015710919088766694,0.0,0.0,0.0,0.0007647703478381272,1.9484681853888455,0.0,0.8,0.3889033660876587
UQCRQ,6201,0.0008063215610385422,5,0.0008063215610385422,0.0,0.0,0.0,2546,0.0015710919088766694,4,0.0015710919088766694,0.0,0.0,0.0,0.0007647703478381272,1.9484681853888455,0.0,0.8,0.3889033660876587
HOMER1,6201,0.005805515239477504,39,0.006289308176100629,0.0,0.0,0.0,2546,0.007855459544383346,26,0.01021209740769835,0.0,0.0,0.11538461538461539,0.0020499443049058425,1.6237234878240376,0.11538461538461539,0.6666666666666666,0.38888186654291546
SOAT2,6201,0.007901951298177712,54,0.008708272859216255,0.0,0.0,0.037037037037037035,2546,0.016496465043205028,42,0.016496465043205028,0.0,0.0,0.047619047619047616,0.008594513745027316,1.8943440691280442,0.010582010582010581,0.7777777777777778,0.3887878554167402
GNA15,6201,0.006934365424931463,50,0.008063215610385421,0.0,0.0,0.0,2546,0.014532600157109192,38,0.014925373134328358,0.0,0.0,0.02631578947368421,0.007598234732177729,1.851044776119403,0.02631578947368421,0.76,0.3884523588615421
GPD2,6201,0.0075794226737622965,48,0.0077406869859700045,0.0,0.0,0.0,2546,0.014532600157109192,38,0.014925373134328358,0.0,0.0,0.0,0.006953177483346895,1.9281716417910448,0.0,0.7916666666666666,0.38818421213460785
PRDX1,6201,0.003386550556361877,22,0.0035478148685695854,0.0,0.0,0.0,2546,0.0054988216810683424,14,0.0054988216810683424,0.0,0.0,0.14285714285714285,0.0021122711247064654,1.5499178747411269,0.14285714285714285,0.6363636363636364,0.3878833860897431
DDX18,6201,0.00822447992259313,59,0.009514594420254797,0.0,0.0,0.0,2546,0.016889238020424194,45,0.01767478397486253,0.0,0.0,0.022222222222222223,0.008664758097831064,1.8576497530190264,0.022222222222222223,0.7627118644067796,0.38773932207952094
ALDOC,6201,0.004515400741815836,29,0.004676665054023544,0.0,0.0,0.0,2546,0.009033778476040848,23,0.009033778476040848,0.0,0.0,0.0,0.004518377734225012,1.9316710458596311,0.0,0.7931034482758621,0.386943780449993
PPP1R15A,6201,0.007901951298177712,52,0.008385744234800839,0.0,0.0,0.0,2546,0.01610369206598586,41,0.01610369206598586,0.0,0.0,0.0,0.008201740767808146,1.9203652788688135,0.0,0.7884615384615384,0.3867632641672815
NRP2,6201,0.0172552814062248,137,0.022093210772456056,0.0,0.0,0.0,2546,0.028279654359780047,96,0.037706205813040065,0.0,0.0,0.07291666666666667,0.011024372953555246,1.7066874616544632,0.07291666666666667,0.7007299270072993,0.3865194074135051
CCT3,6201,0.008063215610385421,54,0.008708272859216255,0.0,0.0,0.0,2546,0.009033778476040848,43,0.016889238020424194,0.0,0.0,0.0,0.000970562865655427,1.9394474993453785,0.0,0.7962962962962963,0.38604502060338275
MAP4K3,6201,0.01128850185453959,80,0.012901144976616674,0.0,0.0,0.0,2546,0.01767478397486253,60,0.02356637863315004,0.0,0.0,0.03333333333333333,0.006386282120322941,1.8266889238020423,0.03333333333333333,0.75,0.38567846998498495
TM7SF3,6201,0.0077406869859700045,51,0.00822447992259313,0.0,0.0,0.0,2546,0.014532600157109192,37,0.014532600157109192,0.0,0.0,0.05405405405405406,0.006791913171139187,1.7669932073379235,0.05405405405405406,0.7254901960784313,0.3854600325837288
LAMP3,6201,0.00822447992259313,56,0.009030801483631673,0.0,0.0,0.0,2546,0.01728201099764336,44,0.01728201099764336,0.0,0.0,0.0,0.00905753107505023,1.9136741106497586,0.0,0.7857142857142857,0.38532521629270333
PSMD1,6201,0.01032091598129334,76,0.01225608772778584,0.0,0.0,0.0,2546,0.018067556952081697,55,0.021602513747054203,0.0,0.0,0.05454545454545454,0.007746640970788357,1.762594575598462,0.05454545454545454,0.7236842105263158,0.38531521672490265
NNMT,6201,0.005482986615062087,40,0.006450572488308337,0.0,0.0,0.0,2546,0.011390416339355853,30,0.01178318931657502,0.0,0.0,0.03333333333333333,0.005907429724293766,1.8266889238020423,0.03333333333333333,0.75,0.38519961758895577
WNT6,6201,0.0032252862441541686,24,0.0038703434929850023,0.0,0.0,0.0,2546,0.007069913589945012,19,0.007462686567164179,0.0,0.0,0.0,0.003844627345790843,1.9281716417910448,0.0,0.7916666666666666,0.3850756619970518
PCGF5,6201,0.004837929366231253,32,0.00516045799064667,0.0,0.0,0.0,2546,0.007855459544383346,20,0.007855459544383346,0.0,0.0,0.15,0.003017530178152093,1.5222407698350353,0.15,0.625,0.38501805042139514
HSD17B11,6201,0.003709079180777294,24,0.0038703434929850023,0.0,0.0,0.0,2546,0.007462686567164179,19,0.007462686567164179,0.0,0.0,0.0,0.003753607386386885,1.9281716417910448,0.0,0.7916666666666666,0.3849846420376478
MYOM1,6201,0.02370585389453314,186,0.02999516207063377,0.0,0.0,0.0,2546,0.038884524744697564,128,0.05027494108405342,0.0,0.0,0.078125,0.015178670850164423,1.6761016648506197,0.078125,0.6881720430107527,0.3845176231838081
PTPRJ,6201,0.01757781003064022,120,0.019351717464925013,0.0,0.0,0.0,2546,0.03377847604084839,90,0.03534956794972506,0.0,0.0,0.022222222222222223,0.01620066601020817,1.8266889238020425,0.022222222222222223,0.75,0.3843817427637591
STC2,6201,0.0075794226737622965,49,0.007901951298177712,0.0,0.0,0.0,2546,0.014532600157109192,37,0.014532600157109192,0.0,0.0,0.02702702702702703,0.006953177483346895,1.8391153790660022,0.02702702702702703,0.7551020408163265,0.38432554135726144
STK38L,6201,0.005644250927269795,36,0.005805515239477504,0.0,0.0,0.0,2546,0.008248232521602514,21,0.008248232521602514,0.0,0.0,0.19047619047619047,0.0026039815943327193,1.420758051846033,0.19047619047619047,0.5833333333333334,0.3840137271928138
CDH16,6201,0.01644895984518626,113,0.018222867279471054,0.0,0.0,0.0,2546,0.019638648860958365,83,0.03260015710919089,0.0,0.0,0.04819277108433735,0.003189689015772105,1.788969683487546,0.04819277108433735,0.7345132743362832,0.3839075180968729
GPR18,6201,0.003386550556361877,21,0.003386550556361877,0.0,0.0,0.0,2546,0.00589159465828751,15,0.00589159465828751,0.0,0.0,0.06666666666666667,0.0025050441019256325,1.739703736954326,0.06666666666666667,0.7142857142857143,0.383874319563524
ABCA5,6201,0.018222867279471054,153,0.02467343976777939,0.0,0.0,0.0,2546,0.037706205813040065,99,0.038884524744697564,0.0,0.0,0.1111111111111111,0.01948333853356901,1.5759669146527424,0.1111111111111111,0.6470588235294118,0.38367223355365554
BGN,6201,0.005805515239477504,42,0.006773101112723754,0.0,0.0,0.0,2546,0.012961508248232521,33,0.012961508248232521,0.0,0.0,0.0,0.007155993008755018,1.9136741106497588,0.0,0.7857142857142857,0.3834236782264081
IL12B,6201,0.005805515239477504,44,0.007095629737139171,0.0,0.0,0.0,2546,0.012961508248232521,33,0.012961508248232521,0.0,0.0,0.030303030303030304,0.007155993008755018,1.8266889238020425,0.030303030303030304,0.75,0.383417877843114
ASF1A,6201,0.0024189646831156266,16,0.002580228995323335,0.0,0.0,0.0,2546,0.00432050274941084,11,0.00432050274941084,0.0,0.0,0.09090909090909091,0.0019015380662952136,1.6744648468185388,0.09090909090909091,0.6875,0.3834127514851892
GBP2,6201,0.008385744234800839,57,0.009192065795839382,0.0,0.0,0.0,2546,0.014925373134328358,38,0.014925373134328358,0.0,0.0,0.10526315789473684,0.006539628899527519,1.6237234878240376,0.10526315789473684,0.6666666666666666,0.3832500936476586
POLA2,6201,0.006611836800516046,44,0.007095629737139171,0.0,0.0,0.0,2546,0.012961508248232521,33,0.012961508248232521,0.0,0.0,0.030303030303030304,0.006349671447716475,1.8266889238020425,0.030303030303030304,0.75,0.38261155628207544
CYP7B1,6201,0.011933559103370425,86,0.013868730849862926,0.0,0.0,0.011627906976744186,2546,0.024351924587588374,65,0.025530243519245877,0.0,0.0,0.03076923076923077,0.01241836548421795,1.8408493030563218,0.019141323792486585,0.7558139534883721,0.38251556655516844
PSMC2,6201,0.006450572488308337,40,0.006450572488308337,0.0,0.0,0.0,2546,0.009426551453260016,30,0.01178318931657502,0.0,0.0,0.03333333333333333,0.002975978964951679,1.8266889238020423,0.03333333333333333,0.75,0.3822681668296137
SERPINA1,6201,0.0077406869859700045,55,0.008869537171423964,0.0,0.0,0.0,2546,0.016889238020424194,43,0.016889238020424194,0.0,0.0,0.0,0.00914855103445419,1.9041848175390987,0.0,0.7818181818181819,0.38215410781523756
EPOR,6201,0.004676665054023544,32,0.00516045799064667,0.0,0.0,0.03125,2546,0.009426551453260016,24,0.009426551453260016,0.0,0.0,0.0,0.004749886399236472,1.8266889238020425,-0.03125,0.75,0.38195874093056514
MAD2L1,6201,0.003386550556361877,21,0.003386550556361877,0.0,0.0,0.0,2546,0.005106048703849175,13,0.005106048703849175,0.0,0.0,0.15384615384615385,0.0017194981474872983,1.5077432386937493,0.15384615384615385,0.6190476190476191,0.381801712047128
GPR183,6201,0.00516045799064667,36,0.005805515239477504,0.0,0.0,0.0,2546,0.009819324430479183,25,0.009819324430479183,0.0,0.0,0.08,0.004658866439832513,1.6913786331500391,0.08,0.6944444444444444,0.3815652512385655
TGFBI,6201,0.010482180293501049,71,0.011449766166747298,0.0,0.0,0.028169014084507043,2546,0.020816967792615867,53,0.020816967792615867,0.0,0.0,0.0,0.010334787499114819,1.8181129194649437,-0.028169014084507043,0.7464788732394366,0.38142410447980246
CPN1,6201,0.008869537171423964,63,0.010159651669085631,0.0,0.0,0.0,2546,0.018067556952081697,46,0.018067556952081697,0.0,0.0,0.043478260869565216,0.009198019780657733,1.7783638199977556,0.043478260869565216,0.7301587301587301,0.38139130056931353
CUL5,6201,0.009353330108047089,63,0.010159651669085631,0.0,0.0,0.0,2546,0.018067556952081697,46,0.018067556952081697,0.0,0.0,0.043478260869565216,0.008714226844034608,1.7783638199977556,0.043478260869565216,0.7301587301587301,0.38090750763269043
ADIPOR1,6201,0.00516045799064667,37,0.0059667795516852125,0.0,0.0,0.0,2546,0.011390416339355853,29,0.011390416339355853,0.0,0.0,0.0,0.006229958348709183,1.9089722086579903,0.0,0.7837837837837838,0.380882603683828
TSPYL2,6201,0.0075794226737622965,54,0.008708272859216255,0.0,0.0,0.0,2546,0.015318146111547526,39,0.015318146111547526,0.0,0.0,0.05128205128205128,0.007738723437785229,1.759033778476041,0.05128205128205128,0.7222222222222222,0.38075413233424565
PPARA,6201,0.005805515239477504,39,0.006289308176100629,0.0,0.0,0.0,2546,0.011390416339355853,29,0.011390416339355853,0.0,0.0,0.034482758620689655,0.005584901099878349,1.8110761979575805,0.034482758620689655,0.7435897435897436,0.38048787778186843
SULF2,6201,0.01564263828414772,105,0.016932752781809387,0.0,0.0,0.0,2546,0.03181461115475255,81,0.03181461115475255,0.0,0.0,0.0,0.01617197287060483,1.8788800359106719,0.0,0.7714285714285715,0.3804261344065652
EIF5A,6201,0.00306402193194646,19,0.00306402193194646,0.0,0.0,0.0,2546,0.003927729772191673,15,0.00589159465828751,0.0,0.0,0.0,0.0008637078402452128,1.922830446107413,0.0,0.7894736842105263,0.3802690049214112
SGMS1,6201,0.0077406869859700045,58,0.009353330108047089,0.0,0.0,0.0,2546,0.016496465043205028,42,0.016496465043205028,0.0,0.0,0.047619047619047616,0.008755778057235025,1.7636996505674893,0.047619047619047616,0.7241379310344828,0.37979788034433887
SNTB1,6201,0.00725689404934688,50,0.008063215610385421,0.0,0.0,0.0,2546,0.015318146111547526,39,0.015318146111547526,0.0,0.0,0.0,0.008061252062200645,1.8997564807541243,0.0,0.78,0.37954083281507467
LIG3,6201,0.011772294791162716,80,0.012901144976616674,0.0,0.0,0.0,2546,0.020031421838177535,52,0.0204241948153967,0.0,0.0,0.11538461538461539,0.008259127047014819,1.5831304006284368,0.11538461538461539,0.65,0.37949855888781325
SLC25A23,6201,0.007095629737139171,45,0.00725689404934688,0.0,0.0,0.0,2546,0.012175962293794187,32,0.012568735271013355,0.0,0.0,0.0625,0.005080332556655016,1.7319717203456404,0.0625,0.7111111111111111,0.37945674238727173
CELSR2,6201,0.030156426382841477,232,0.037413320432188354,0.0,0.0,0.0,2546,0.0624509033778476,166,0.06520031421838178,0.0,1.0,0.030120481927710843,0.03229447699500612,1.7427032261559718,0.030120481927710843,0.7155172413793104,0.378211791302694
COL17A1,6201,0.020158039025963553,151,0.024350911143363973,0.0,0.0,0.0,2546,0.03927729772191673,104,0.0408483896307934,0.0,0.0,0.0673076923076923,0.019119258695953177,1.6774891662288072,0.0673076923076923,0.6887417218543046,0.3781592475488784
CLSTN3,6201,0.014997581035316884,112,0.018061602967263345,0.0,0.0,0.008928571428571428,2546,0.03220738413197172,84,0.032992930086410056,0.0,0.0,0.023809523809523808,0.017209803096654833,1.8266889238020425,0.01488095238095238,0.75,0.3780496100089359
AAAS,6201,0.007095629737139171,55,0.008869537171423964,0.0,0.0,0.0,2546,0.01178318931657502,43,0.016889238020424194,0.0,0.0,0.0,0.004687559579435848,1.9041848175390987,0.0,0.7818181818181819,0.37769311636021924
CKM,6201,0.004676665054023544,32,0.00516045799064667,0.0,0.0,0.0,2546,0.009819324430479183,25,0.009819324430479183,0.0,0.0,0.0,0.005142659376455638,1.902800962293794,0.0,0.78125,0.3776715987436724
COPA,6201,0.015320109659732302,107,0.0172552814062248,0.0,0.0,0.0,2546,0.023959151610369208,80,0.031421838177533384,0.0,0.0,0.025,0.008639041950636906,1.8209983041017246,0.025,0.7476635514018691,0.3775826922411837
NKD1,6201,0.009192065795839382,62,0.009998387356877922,0.0,0.0,0.0,2546,0.01728201099764336,45,0.01767478397486253,0.0,0.0,0.044444444444444446,0.00808994520180398,1.767763474647138,0.044444444444444446,0.7258064516129032,0.3774267932799587
CMTR1,6201,0.008547008547008548,60,0.009675858732462506,0.0,0.0,0.0,2546,0.01767478397486253,45,0.01767478397486253,0.0,0.0,0.022222222222222223,0.009127775427853983,1.8266889238020425,0.022222222222222223,0.75,0.37730885218140486
OXA1L,6201,0.0041928721174004195,30,0.004837929366231253,0.0,0.0,0.0,2546,0.007069913589945012,18,0.007069913589945012,0.0,0.0,0.16666666666666666,0.0028770414725445923,1.4613511390416338,0.16666666666666666,0.6,0.3771069702573856
PTPN14,6201,0.01741654571843251,129,0.02080309627479439,0.0,0.0,0.0,2546,0.03377847604084839,89,0.034956794972505895,0.0,0.0,0.06741573033707865,0.01636193032241588,1.6803650048411554,0.06741573033707865,0.689922480620155,0.3765834611847557
AQP9,6201,0.00612804386389292,46,0.007418158361554588,0.0,0.0,0.0,2546,0.009033778476040848,36,0.014139827179890024,0.0,0.0,0.0,0.002905734612147928,1.906110181358653,0.0,0.782608695652174,0.3765740336083928
BHLHE40,6201,0.00516045799064667,35,0.005644250927269795,0.0,0.0,0.0,2546,0.009426551453260016,24,0.009426551453260016,0.0,0.0,0.08333333333333333,0.004266093462613346,1.6701155874761533,0.08333333333333333,0.6857142857142857,0.3765740089006936
SCG2,6201,0.011127237542331882,81,0.013062409288824383,0.0,0.0,0.0,2546,0.02199528672427337,56,0.02199528672427337,0.0,0.0,0.07142857142857142,0.010868049181941487,1.6838613947804835,0.07142857142857142,0.691358024691358,0.3764060165376051
TRIO,6201,0.03080148363167231,260,0.041928721174004195,0.0,0.0,0.0,2546,0.06991358994501179,181,0.07109190887666929,0.0,1.0,0.03867403314917127,0.03911210631333948,1.6955420267085624,0.03867403314917127,0.6961538461538461,0.3762382661239446
DTX1,6201,0.013546202225447508,97,0.01564263828414772,0.0,0.0,0.0,2546,0.02788688138256088,73,0.028672427336999214,0.0,0.0,0.0136986301369863,0.014340679157113373,1.8329662053271352,0.0136986301369863,0.7525773195876289,0.37621642057638005
CHST6,6201,0.008708272859216255,58,0.009353330108047089,0.0,0.0,0.0,2546,0.016889238020424194,45,0.01767478397486253,0.0,0.0,0.0,0.00818096516120794,1.889678197036596,0.0,0.7758620689655172,0.37617893001930736
PHGDH,6201,0.007418158361554588,48,0.0077406869859700045,0.0,0.0,0.041666666666666664,2546,0.013747054202670856,35,0.013747054202670856,0.0,0.0,0.0,0.006328895841116268,1.7759475648075413,-0.041666666666666664,0.7291666666666666,0.37584053565591047
PIK3R3,6201,0.006289308176100629,45,0.00725689404934688,0.0,0.0,0.0,2546,0.002356637863315004,7,0.0027494108405341712,0.0,0.0,0.0,-0.003932670312785625,0.3788688138256088,0.0,0.15555555555555556,0.37581638796783734
ATP1B3,6201,0.0032252862441541686,20,0.0032252862441541686,0.0,0.0,0.0,2546,0.004713275726630008,12,0.004713275726630008,0.0,0.0,0.16666666666666666,0.0014879894824758396,1.461351139041634,0.16666666666666666,0.6,0.3757179182673168
HLA-DMB,6201,0.005644250927269795,38,0.00612804386389292,0.0,0.0,0.0,2546,0.010997643362136685,28,0.010997643362136685,0.0,0.0,0.03571428571428571,0.00535339243486689,1.7946417497002523,0.03571428571428571,0.7368421052631579,0.37562442056079537
GRID2,6201,0.02789872601193356,223,0.03596194162231898,0.0,0.0,0.0,2546,0.03927729772191673,152,0.05970149253731343,0.0,0.0,0.07894736842105263,0.01137857170998317,1.6601298440532763,0.07894736842105263,0.6816143497757847,0.3755536947272188
ANGPTL3,6201,0.004999193678438961,35,0.005644250927269795,0.0,0.0,0.0,2546,0.00864100549882168,22,0.00864100549882168,0.0,0.0,0.13636363636363635,0.0036418118203827192,1.530939288519807,0.13636363636363635,0.6285714285714286,0.3754487617479646
TALDO1,6201,0.0043541364296081275,30,0.004837929366231253,0.0,0.0,0.0,2546,0.007855459544383346,20,0.007855459544383346,0.0,0.0,0.1,0.0035013231147752186,1.6237234878240376,0.1,0.6666666666666666,0.37494862996816947
SRD5A3,6201,0.004515400741815836,29,0.004676665054023544,0.0,0.0,0.0,2546,0.008248232521602514,21,0.008248232521602514,0.0,0.0,0.047619047619047616,0.0037328317797866778,1.7636996505674893,0.047619047619047616,0.7241379310344828,0.3747749340668905
FZD4,6201,0.006934365424931463,48,0.0077406869859700045,0.0,0.0,0.0,2546,0.01335428122545169,34,0.01335428122545169,0.0,0.0,0.058823529411764705,0.0064199158005202265,1.7252062058130402,0.058823529411764705,0.7083333333333334,0.3746403617625727
ALOX15,6201,0.007901951298177712,55,0.008869537171423964,0.0,0.0,0.0,2546,0.01610369206598586,41,0.01610369206598586,0.0,0.0,0.024390243902439025,0.008201740767808146,1.8156180818396057,0.024390243902439025,0.7454545454545455,0.37462660886155363
TCL1A,6201,0.003386550556361877,22,0.0035478148685695854,0.0,0.0,0.045454545454545456,2546,0.006284367635506678,16,0.006284367635506678,0.0,0.0,0.0,0.0028978170791448005,1.7713347139898594,-0.045454545454545456,0.7272727272727273,0.374534232328112
KLC1,6201,0.0059667795516852125,38,0.00612804386389292,0.0,0.0,0.0,2546,0.01021209740769835,28,0.010997643362136685,0.0,0.0,0.03571428571428571,0.004245317856013138,1.7946417497002523,0.03571428571428571,0.7368421052631579,0.37451634598194167
CPA2,6201,0.005805515239477504,42,0.006773101112723754,0.0,0.0,0.0,2546,0.012175962293794187,31,0.012175962293794187,0.0,0.0,0.03225806451612903,0.0063704470543166835,1.7976938615194704,0.03225806451612903,0.7380952380952381,0.3742767879437236
NFE2,6201,0.006934365424931463,48,0.0077406869859700045,0.0,0.0,0.0,2546,0.012961508248232521,34,0.01335428122545169,0.0,0.0,0.058823529411764705,0.0060271428233010585,1.7252062058130402,0.058823529411764705,0.7083333333333334,0.3742475887853536
HOOK3,6201,0.009192065795839382,63,0.010159651669085631,0.0,0.0,0.0,2546,0.016496465043205028,42,0.016496465043205028,0.0,0.0,0.09523809523809523,0.007304399247365647,1.6237234878240379,0.09523809523809523,0.6666666666666666,0.37398980133885523
RBBP8,6201,0.010643444605708756,71,0.011449766166747298,0.0,0.0,0.0,2546,0.018853102906520033,50,0.019638648860958365,0.0,0.0,0.06,0.008209658300811277,1.715200867419758,0.06,0.704225352112676,0.37392841270672983
MCM6,6201,0.008869537171423964,62,0.009998387356877922,0.0,0.0,0.0,2546,0.016889238020424194,43,0.016889238020424194,0.0,0.0,0.06976744186046512,0.00801970084900023,1.6891962091072652,0.06976744186046512,0.6935483870967742,0.3738823040882327
CLDN3,6201,0.0019351717464925011,15,0.0024189646831156266,0.0,0.0,0.0,2546,0.003927729772191673,10,0.003927729772191673,0.0,0.0,0.1,0.001992558025699172,1.6237234878240376,0.1,0.6666666666666666,0.3734398648790934
FBP2,6201,0.00612804386389292,40,0.006450572488308337,0.0,0.0,0.0,2546,0.012175962293794187,31,0.012175962293794187,0.0,0.0,0.0,0.006047918429901267,1.887578554595444,0.0,0.775,0.37331901840251636
CHRNA5,6201,0.005805515239477504,40,0.006450572488308337,0.0,0.0,0.0,2546,0.01178318931657502,31,0.012175962293794187,0.0,0.0,0.0,0.0059776740770975155,1.887578554595444,0.0,0.775,0.37324877404971263
PRPS1,6201,0.004031607805192711,25,0.004031607805192711,0.0,0.0,0.0,2546,0.00589159465828751,16,0.006284367635506678,0.0,0.0,0.125,0.001859986853094799,1.5587745483110764,0.125,0.64,0.37324125810901126
MAPK14,6201,0.0041928721174004195,27,0.0043541364296081275,0.0,0.0,0.0,2546,0.007462686567164179,21,0.008248232521602514,0.0,0.0,0.0,0.0032698144497637594,1.8943440691280442,0.0,0.7777777777777778,0.3728811455394661
ING3,6201,0.004515400741815836,33,0.005321722302854378,0.0,0.0,0.0,2546,0.009426551453260016,24,0.009426551453260016,0.0,0.0,0.041666666666666664,0.00491115071144418,1.7713347139898596,0.041666666666666664,0.7272727272727273,0.3727596871725328
ARHGAP5,6201,0.02177068214804064,161,0.025963554265441058,0.0,0.0,0.012422360248447204,2546,0.03456402199528672,107,0.0420267085624509,0.0,0.0,0.102803738317757,0.012793339847246083,1.6186808682966338,0.0903813780693098,0.6645962732919255,0.3726982429553263
BUB1B,6201,0.009998387356877922,69,0.011127237542331882,0.0,0.0,0.0,2546,0.018460329929300863,50,0.019638648860958365,0.0,0.0,0.04,0.00846194257242294,1.764916834591345,0.04,0.7246376811594203,0.3723253186289454
PARP14,6201,0.018867924528301886,143,0.023060796645702306,0.0,0.0,0.006993006993006993,2546,0.03927729772191673,103,0.040455616653574236,0.0,0.0,0.038834951456310676,0.020409373193614844,1.7543026494322647,0.031841944463303684,0.7202797202797203,0.3722684258579499
COQ5,6201,0.00516045799064667,33,0.005321722302854378,0.0,0.0,0.0,2546,0.009426551453260016,24,0.009426551453260016,0.0,0.0,0.041666666666666664,0.004266093462613346,1.7713347139898596,0.041666666666666664,0.7272727272727273,0.372114629923702
EFEMP1,6201,0.009030801483631673,68,0.010965973230124174,0.0,0.0,0.0,2546,0.0192458758837392,49,0.0192458758837392,0.0,0.0,0.04081632653061224,0.010215074400107526,1.7550540640450996,0.04081632653061224,0.7205882352941176,0.3713212867559176
CLDN8,6201,0.004999193678438961,37,0.0059667795516852125,0.0,0.0,0.0,2546,0.010604870384917517,27,0.010604870384917517,0.0,0.0,0.037037037037037035,0.005605676706478556,1.7773189528884734,0.037037037037037035,0.7297297297297297,0.37098159011218557
PSENEN,6201,0.001451378809869376,9,0.001451378809869376,0.0,0.0,0.0,2546,0.0027494108405341712,7,0.0027494108405341712,0.0,0.0,0.0,0.0012980320306647953,1.894344069128044,0.0,0.7777777777777778,0.37090936312036693
UBQLN1,6201,0.006773101112723754,52,0.008385744234800839,0.0,0.0,0.0,2546,0.010604870384917517,37,0.014532600157109192,0.0,0.0,0.05405405405405406,0.003831769272193763,1.733012568735271,0.05405405405405406,0.7115384615384616,0.37014314858027964
CUL1,6201,0.014836316723109175,101,0.01628769553297855,0.0,0.0,0.0,2546,0.025530243519245877,69,0.027101335428122545,0.0,0.0,0.07246376811594203,0.010693926796136701,1.6639146632652269,0.07246376811594203,0.6831683168316832,0.36980723320835
NXF1,6201,0.009837123044670215,66,0.010643444605708756,0.0,0.0,0.0,2546,0.01728201099764336,44,0.01728201099764336,0.0,0.0,0.09090909090909091,0.007444887952973146,1.6237234878240376,0.09090909090909091,0.6666666666666666,0.3698012857154583
LCP1,6201,0.009030801483631673,62,0.009998387356877922,0.0,0.0,0.0,2546,0.018067556952081697,46,0.018067556952081697,0.0,0.0,0.021739130434782608,0.009036755468450024,1.8070471074170744,0.021739130434782608,0.7419354838709677,0.36976178470443566
PLXNB1,6201,0.020158039025963553,145,0.023383325270117723,0.0,0.0,0.0,2546,0.04241948153967007,109,0.04281225451688924,0.0,0.0,0.0,0.022261442513706514,1.830888208684346,0.0,0.7517241379310344,0.3697047790256165
TRAK2,6201,0.009192065795839382,62,0.009998387356877922,0.0,0.0,0.0,2546,0.018067556952081697,46,0.018067556952081697,0.0,0.0,0.021739130434782608,0.008875491156242315,1.8070471074170744,0.021739130434782608,0.7419354838709677,0.3696005203922279
VIP,6201,0.004999193678438961,33,0.005321722302854378,0.0,0.0,0.0,2546,0.006677140612725845,24,0.009426551453260016,0.0,0.0,0.041666666666666664,0.0016779469342868836,1.7713347139898596,0.041666666666666664,0.7272727272727273,0.3695264833953755
ATP6V1B1,6201,0.011127237542331882,72,0.011611030478955007,0.0,0.0,0.0,2546,0.0204241948153967,52,0.0204241948153967,0.0,0.0,0.038461538461538464,0.009296957273064819,1.7590337784760408,0.038461538461538464,0.7222222222222222,0.3694918533490122
EED,6201,0.00725689404934688,54,0.008708272859216255,0.0,0.0,0.018518518518518517,2546,0.010997643362136685,38,0.014925373134328358,0.0,0.0,0.07894736842105263,0.003740749312789805,1.7139303482587065,0.06042884990253411,0.7037037037037037,0.3694203158694285
GMPS,6201,0.009030801483631673,64,0.01032091598129334,0.0,0.0,0.0,2546,0.01728201099764336,44,0.01728201099764336,0.0,0.0,0.06818181818181818,0.008251209514011688,1.6744648468185388,0.06818181818181818,0.6875,0.367035150205633
LDHC,6201,0.00612804386389292,38,0.00612804386389292,0.0,0.0,0.0,2546,0.009426551453260016,24,0.009426551453260016,0.0,0.0,0.125,0.003298507589367096,1.5382643568859307,0.125,0.631578947368421,0.36663185042691415
ASS1,6201,0.00725689404934688,51,0.00822447992259313,0.0,0.0,0.0,2546,0.015318146111547526,39,0.015318146111547526,0.0,0.0,0.0,0.008061252062200645,1.862506353680514,0.0,0.7647058823529411,0.36661166000653056
CLP1,6201,0.005321722302854378,35,0.005644250927269795,0.0,0.0,0.0,2546,0.007462686567164179,27,0.010604870384917517,0.0,0.0,0.0,0.002140964264309801,1.878880035910672,0.0,0.7714285714285715,0.36639512580027017
COL4A2,6201,0.022415739396871474,172,0.02773746169972585,0.0,0.0,0.0,2546,0.04713275726630008,120,0.04713275726630008,0.0,0.0,0.041666666666666664,0.024717017869428603,1.6992455105135278,0.041666666666666664,0.6976744186046512,0.3662087973851024
SRSF1,6201,0.004999193678438961,32,0.00516045799064667,0.0,0.0,0.0,2546,0.009033778476040848,23,0.009033778476040848,0.0,0.0,0.043478260869565216,0.004034584797601887,1.7505768853102905,0.043478260869565216,0.71875,0.3661763312621627
KLK2,6201,0.004837929366231253,35,0.005644250927269795,0.0,0.0,0.0,2546,0.006677140612725845,27,0.010604870384917517,0.0,0.0,0.0,0.0018392112464945915,1.878880035910672,0.0,0.7714285714285715,0.36609337278245496
PRKG2,6201,0.015965166908563134,107,0.0172552814062248,0.0,0.0,0.0,2546,0.01767478397486253,81,0.03181461115475255,0.0,0.0,0.012345679012345678,0.0017096170662993966,1.843760782902996,0.012345679012345678,0.7570093457943925,0.3660355110186989
UPP1,6201,0.005321722302854378,35,0.005644250927269795,0.0,0.0,0.0,2546,0.007069913589945012,27,0.010604870384917517,0.0,0.0,0.0,0.0017481912870906339,1.878880035910672,0.0,0.7714285714285715,0.366002352823051
PRSS23,6201,0.004837929366231253,36,0.005805515239477504,0.0,0.0,0.0,2546,0.01021209740769835,26,0.01021209740769835,0.0,0.0,0.038461538461538464,0.0053741680414670975,1.7590337784760408,0.038461538461538464,0.7222222222222222,0.36556906411741447
PPAN,6201,0.004837929366231253,31,0.004999193678438961,0.0,0.0,0.0,2546,0.001178318931657502,5,0.0019638648860958365,0.0,0.0,0.0,-0.003659610434573751,0.392836327699364,0.0,0.16129032258064516,0.3654645993675837
IL1B,6201,0.00516045799064667,36,0.005805515239477504,0.0,0.0,0.0,2546,0.01021209740769835,26,0.01021209740769835,0.0,0.0,0.038461538461538464,0.005051639417051681,1.7590337784760408,0.038461538461538464,0.7222222222222222,0.36524653549299907
CD74,6201,0.0038703434929850023,26,0.0041928721174004195,0.0,0.0,0.0,2546,0.006677140612725845,20,0.007855459544383346,0.0,0.0,0.0,0.0028067971197408424,1.873527101335428,0.0,0.7692307692307693,0.36519984695320007
ITGB8,6201,0.01241735203999355,86,0.013868730849862926,0.0,0.0,0.011627906976744186,2546,0.022388059701492536,60,0.02356637863315004,0.0,0.0,0.06666666666666667,0.009970707661498986,1.6992455105135278,0.05503875968992248,0.6976744186046512,0.3648345802004286
ATP6V0D1,6201,0.0043541364296081275,30,0.004837929366231253,0.0,0.0,0.0,2546,0.00864100549882168,23,0.009033778476040848,0.0,0.0,0.0,0.004286869069213553,1.8672820109976433,0.0,0.7666666666666667,0.36450423506471047
LRP10,6201,0.00822447992259313,55,0.008869537171423964,0.0,0.0,0.0,2546,0.014532600157109192,37,0.014532600157109192,0.0,0.0,0.08108108108108109,0.0063081202345160615,1.6384846104406199,0.08108108108108109,0.6727272727272727,0.3644467619096442
DLG5,6201,0.02080309627479439,156,0.025157232704402517,0.0,0.0,0.0,2546,0.04477611940298507,116,0.04556166535742341,0.0,0.0,0.0,0.023973023128190683,1.8110761979575805,0.0,0.7435897435897436,0.36439324118949107
DNTTIP2,6201,0.009192065795839382,66,0.010643444605708756,0.0,0.0,0.0,2546,0.018067556952081697,47,0.018460329929300863,0.0,0.0,0.0425531914893617,0.008875491156242315,1.734431907448404,0.0425531914893617,0.7121212121212122,0.3642052042997819
CYP2C18,6201,0.012739880664408966,92,0.014836316723109175,0.0,0.0,0.0,2546,0.01610369206598586,64,0.02513747054202671,0.0,0.0,0.0625,0.003363811401576893,1.6943201612076917,0.0625,0.6956521739130435,0.3638625440877284
LCAT,6201,0.004999193678438961,34,0.005482986615062087,0.0,0.0,0.0,2546,0.01021209740769835,26,0.01021209740769835,0.0,0.0,0.0,0.0052129037292593895,1.862506353680514,0.0,0.7647058823529411,0.3637633116735893
GAD1,6201,0.010643444605708756,78,0.012578616352201259,0.0,0.0,0.0,2546,0.022780832678711706,59,0.023173605655930872,0.0,0.0,0.0,0.01213738807300295,1.8423016496465043,0.0,0.7564102564102564,0.36360437147336516
PHEX,6201,0.01241735203999355,88,0.014191259474278342,0.0,0.0,0.0,2546,0.02356637863315004,60,0.02356637863315004,0.0,0.0,0.06666666666666667,0.011149026593156489,1.660626294365493,0.06666666666666667,0.6818181818181818,0.3632300567893014
AKR1D1,6201,0.0075794226737622965,55,0.008869537171423964,0.0,0.0,0.0,2546,0.012568735271013355,37,0.014532600157109192,0.0,0.0,0.08108108108108109,0.004989312597251059,1.6384846104406199,0.08108108108108109,0.6727272727272727,0.3631279542723792
HSD3B7,6201,0.005805515239477504,38,0.00612804386389292,0.0,0.0,0.0,2546,0.011390416339355853,29,0.011390416339355853,0.0,0.0,0.0,0.005584901099878349,1.8587360979038328,0.0,0.7631578947368421,0.3628173238847405
ISG20L2,6201,0.005805515239477504,38,0.00612804386389292,0.0,0.0,0.0,2546,0.011390416339355853,29,0.011390416339355853,0.0,0.0,0.0,0.005584901099878349,1.8587360979038328,0.0,0.7631578947368421,0.3628173238847405
DONSON,6201,0.00612804386389292,42,0.006773101112723754,0.0,0.0,0.0,2546,0.012568735271013355,32,0.012568735271013355,0.0,0.0,0.0,0.006440691407120435,1.8556839860846146,0.0,0.7619047619047619,0.36260490007240953
ABCF2,6201,0.00822447992259313,55,0.008869537171423964,0.0,0.0,0.0,2546,0.003534956794972506,9,0.003534956794972506,0.0,0.0,0.0,-0.004689523127620624,0.39855031064771834,0.0,0.16363636363636364,0.3624004959534774
PTCD3,6201,0.0077406869859700045,52,0.008385744234800839,0.0,0.0,0.0,2546,0.014532600157109192,38,0.014925373134328358,0.0,0.0,0.02631578947368421,0.006791913171139187,1.7798507462686566,0.02631578947368421,0.7307692307692307,0.3623577599535808
GALNT3,6201,0.006450572488308337,45,0.00725689404934688,0.0,0.0,0.0,2546,0.012175962293794187,31,0.012175962293794187,0.0,0.0,0.06451612903225806,0.00572538980548585,1.677847604084839,0.06451612903225806,0.6888888888888889,0.36210767731246524
SNAI2,6201,0.007418158361554588,48,0.0077406869859700045,0.0,0.0,0.0,2546,0.012961508248232521,35,0.013747054202670856,0.0,0.0,0.02857142857142857,0.005543349886677934,1.7759475648075413,0.02857142857142857,0.7291666666666666,0.36195975160623406
TNFSF10,6201,0.0059667795516852125,38,0.00612804386389292,0.0,0.0,0.0,2546,0.010604870384917517,29,0.011390416339355853,0.0,0.0,0.0,0.004638090833232304,1.8587360979038328,0.0,0.7631578947368421,0.3618705136180944
P2RY14,6201,0.006611836800516046,45,0.00725689404934688,0.0,0.0,0.0,2546,0.01178318931657502,31,0.012175962293794187,0.0,0.0,0.06451612903225806,0.005171352516058973,1.677847604084839,0.06451612903225806,0.6888888888888889,0.36155364002303836
IDH3A,6201,0.0038703434929850023,27,0.0043541364296081275,0.0,0.0,0.0,2546,0.007462686567164179,19,0.007462686567164179,0.0,0.0,0.05263157894736842,0.0035923430741791767,1.7139303482587065,0.05263157894736842,0.7037037037037037,0.3614746386756521
PELI1,6201,0.004031607805192711,27,0.0043541364296081275,0.0,0.0,0.0,2546,0.007462686567164179,19,0.007462686567164179,0.0,0.0,0.05263157894736842,0.0034310787619714683,1.7139303482587065,0.05263157894736842,0.7037037037037037,0.3613133743634444
ITGAM,6201,0.01951298177713272,155,0.024995968392194808,0.0,0.0,0.012903225806451613,2546,0.03181461115475255,116,0.04556166535742341,0.0,0.0,0.017241379310344827,0.01230162937761983,1.8227605605250488,0.0043381535038932145,0.7483870967741936,0.36120793061175094
ADSL,6201,0.0075794226737622965,55,0.008869537171423964,0.0,0.0,0.0,2546,0.010997643362136685,42,0.016496465043205028,0.0,0.0,0.0,0.0034182206883743883,1.8599014496893524,0.0,0.7636363636363637,0.36105820621591855
ARFGEF1,6201,0.021931946460248347,173,0.02789872601193356,0.0,0.0,0.0,2546,0.040455616653574236,108,0.04241948153967007,0.0,0.0,0.1111111111111111,0.01852367019332589,1.5204809539161508,0.1111111111111111,0.6242774566473989,0.36093733878600825
VPS28,6201,0.0027414933075310434,17,0.0027414933075310434,0.0,0.0,0.0,2546,0.005106048703849175,13,0.005106048703849175,0.0,0.0,0.0,0.002364555396318132,1.862506353680514,0.0,0.7647058823529411,0.36091496334064804
PSAT1,6201,0.006289308176100629,42,0.006773101112723754,0.0,0.0,0.0,2546,0.010997643362136685,32,0.012568735271013355,0.0,0.0,0.0,0.004708335186036056,1.8556839860846146,0.0,0.7619047619047619,0.36087254385132517
STEAP4,6201,0.009514594420254797,68,0.010965973230124174,0.0,0.0,0.0,2546,0.014925373134328358,43,0.016889238020424194,0.0,0.0,0.11627906976744186,0.0054107787140735605,1.540149484774271,0.11627906976744186,0.6323529411764706,0.3607655994936233
SLC46A3,6201,0.008385744234800839,72,0.011611030478955007,0.0,0.0,0.0,2546,0.015318146111547526,39,0.015318146111547526,0.0,0.0,0.20512820512820512,0.006932401876746687,1.3192753338570307,0.20512820512820512,0.5416666666666666,0.3601682072337914
FNTA,6201,0.004837929366231253,32,0.00516045799064667,0.0,0.0,0.0,2546,0.007855459544383346,21,0.008248232521602514,0.0,0.0,0.09523809523809523,0.003017530178152093,1.598352808326787,0.09523809523809523,0.65625,0.35998615385654786
ACRBP,6201,0.006611836800516046,51,0.00822447992259313,0.0,0.0,0.0,2546,0.014532600157109192,37,0.014532600157109192,0.0,0.0,0.02702702702702703,0.007920763356593145,1.7669932073379235,0.02702702702702703,0.7254901960784313,0.3595618557421557
PAX4,6201,0.010965973230124174,73,0.011772294791162716,0.0,0.0,0.0,2546,0.021602513747054203,55,0.021602513747054203,0.0,0.0,0.0,0.01063654051693003,1.835029969116207,0.0,0.7534246575342466,0.35954186819765427
ADAMDEC1,6201,0.013707466537655217,111,0.017900338655055636,0.0,0.0,0.0,2546,0.01728201099764336,78,0.030636292223095052,0.0,0.0,0.05128205128205128,0.0035745444599881437,1.7114923250037155,0.05128205128205128,0.7027027027027027,0.35920857194183337
CYP2S1,6201,0.0077406869859700045,55,0.008869537171423964,0.0,0.0,0.0,2546,0.015318146111547526,40,0.015710919088766692,0.0,0.0,0.025,0.007577459125577521,1.7713347139898592,0.025,0.7272727272727273,0.3587593289199993
PHKG2,6201,0.0059667795516852125,37,0.0059667795516852125,0.0,0.0,0.02702702702702703,2546,0.01021209740769835,26,0.01021209740769835,0.0,0.0,0.07692307692307693,0.004245317856013138,1.7114923250037153,0.0498960498960499,0.7027027027027027,0.35849334395185684
TLR1,6201,0.01128850185453959,82,0.013223673601032092,0.0,0.0,0.0,2546,0.022780832678711706,60,0.02356637863315004,0.0,0.0,0.016666666666666666,0.011492330824172116,1.7821355354166266,0.016666666666666666,0.7317073170731707,0.3582306279429927
KIF3C,6201,0.009514594420254797,68,0.010965973230124174,0.0,0.0,0.0,2546,0.018853102906520033,48,0.018853102906520033,0.0,0.0,0.041666666666666664,0.009338508486265235,1.7192366341666283,0.041666666666666664,0.7058823529411765,0.3582091863080895
ITIH4,6201,0.012094823415578132,85,0.013707466537655217,0.0,0.0,0.0,2546,0.021602513747054203,64,0.02513747054202671,0.0,0.0,0.0,0.009507690331476071,1.833852409777737,0.0,0.7529411764705882,0.35799757127095494
SLC16A7,6201,0.010804708917916465,78,0.012578616352201259,0.0,0.0,0.0,2546,0.0204241948153967,52,0.0204241948153967,0.0,0.0,0.07692307692307693,0.009619485897480236,1.6237234878240376,0.07692307692307693,0.6666666666666666,0.3579898696739514
ABAT,6201,0.0077406869859700045,53,0.008547008547008548,0.0,0.0,0.0,2546,0.015710919088766692,40,0.015710919088766692,0.0,0.0,0.0,0.007970232102796689,1.8381775333857029,0.0,0.7547169811320755,0.357985184133085
CLDN14,6201,0.003709079180777294,29,0.004676665054023544,0.0,0.0,0.0,2546,0.008248232521602514,22,0.00864100549882168,0.0,0.0,0.0,0.00453915334082522,1.84768534821356,0.0,0.7586206896551724,0.3578984785604734
NEUROG3,6201,0.005482986615062087,41,0.006611836800516046,0.0,0.0,0.0,2546,0.012175962293794187,31,0.012175962293794187,0.0,0.0,0.0,0.0066929756787321,1.8415400532638475,0.0,0.7560975609756098,0.3578919725914252
GALK1,6201,0.004515400741815836,29,0.004676665054023544,0.0,0.0,0.0,2546,0.00864100549882168,22,0.00864100549882168,0.0,0.0,0.0,0.004125604757005844,1.84768534821356,0.0,0.7586206896551724,0.35748492997665404
CAMK1D,6201,0.009030801483631673,62,0.009998387356877922,0.0,0.0,0.0,2546,0.01335428122545169,47,0.018460329929300863,0.0,0.0,0.0,0.004323479741820017,1.8463307401870106,0.0,0.7580645161290323,0.35720700439080777
AKAP1,6201,0.009837123044670215,68,0.010965973230124174,0.0,0.0,0.0,2546,0.018067556952081697,48,0.018853102906520033,0.0,0.0,0.041666666666666664,0.008230433907411482,1.7192366341666283,0.041666666666666664,0.7058823529411765,0.35710111172923575
HAS2,6201,0.010643444605708756,73,0.011772294791162716,0.0,0.0,0.0,2546,0.0192458758837392,50,0.019638648860958365,0.0,0.0,0.06,0.008602431278030443,1.6682090628329154,0.06,0.684931506849315,0.3568627350841783
LALBA,6201,0.002902757619738752,18,0.002902757619738752,0.0,0.0,0.0,2546,0.004713275726630008,12,0.004713275726630008,0.0,0.0,0.08333333333333333,0.0018105181068912564,1.6237234878240379,0.08333333333333333,0.6666666666666666,0.3565911582936189
KAT2B,6201,0.011933559103370425,83,0.0133849379132398,0.0,0.0,0.0,2546,0.022780832678711706,59,0.023173605655930872,0.0,0.0,0.03389830508474576,0.01084727357534128,1.7313196225593657,0.03389830508474576,0.7108433734939759,0.3563832687342631
ITGA2,6201,0.0133849379132398,101,0.01628769553297855,0.0,0.0,0.009900990099009901,2546,0.02631578947368421,70,0.02749410840534171,0.0,0.0,0.05714285714285714,0.01293085156044441,1.6880293685299401,0.04724186704384724,0.693069306930693,0.3558338864379519
WWP1,6201,0.010643444605708756,81,0.013062409288824383,0.0,0.0,0.0,2546,0.020816967792615867,54,0.021209740769835034,0.0,0.0,0.07407407407407407,0.010173523186907112,1.6237234878240376,0.07407407407407407,0.6666666666666666,0.35569490411437543
SPOCK1,6201,0.009837123044670215,64,0.01032091598129334,0.0,0.0,0.0,2546,0.018853102906520033,48,0.018853102906520033,0.0,0.0,0.0,0.009015979861849818,1.8266889238020425,0.0,0.75,0.3549748343931785
JAG1,6201,0.016932752781809387,116,0.018706660216094177,0.0,0.0,0.0,2546,0.032992930086410056,86,0.03377847604084839,0.0,0.0,0.0,0.01606017730460067,1.8056924993905248,0.0,0.7413793103448276,0.3545633856025037
SCN8A,6201,0.022738268021286888,179,0.02886631188517981,0.0,0.0,0.0,2546,0.03809897879025923,128,0.05027494108405342,0.0,0.0,0.0234375,0.015360710768972344,1.7416475400123757,0.0234375,0.7150837988826816,0.35421006188073917
ADAM19,6201,0.013707466537655217,104,0.016771488469601678,0.0,0.0,0.0,2546,0.029850746268656716,77,0.030243519245875882,0.0,0.0,0.0,0.0161432797310015,1.8032698350353493,0.0,0.7403846153846154,0.3537826332331736
HOXB1,6201,0.008708272859216255,57,0.009192065795839382,0.0,0.0,0.0,2546,0.012961508248232521,36,0.014139827179890024,0.0,0.0,0.1111111111111111,0.004253235389016266,1.5382643568859304,0.1111111111111111,0.631578947368421,0.3536976893376743
F12,6201,0.006289308176100629,42,0.006773101112723754,0.0,0.0,0.0,2546,0.01178318931657502,30,0.01178318931657502,0.0,0.0,0.03333333333333333,0.00549388114047439,1.739703736954326,0.03333333333333333,0.7142857142857143,0.35352982326873944
HSPE1,6201,0.0006450572488308337,4,0.0006450572488308337,0.0,0.0,0.25,2546,0.0007855459544383347,2,0.0007855459544383347,0.0,0.0,0.0,0.00014048870560750095,1.2177926158680283,-0.25,0.5,0.35350569219203537
PRPF31,6201,0.006611836800516046,48,0.0077406869859700045,0.0,0.0,0.0,2546,0.014139827179890024,36,0.014139827179890024,0.0,0.0,0.0,0.007527990379373978,1.8266889238020425,0.0,0.75,0.35348684491070265
FGD6,6201,0.014997581035316884,119,0.019190453152717304,0.0,0.0,0.0,2546,0.03260015710919089,83,0.03260015710919089,0.0,0.0,0.03614457831325301,0.017602576073874006,1.6987695313789304,0.03614457831325301,0.6974789915966386,0.35339591384247476
TIMM8B,6201,0.0009675858732462506,6,0.0009675858732462506,0.0,0.0,0.0,2546,0.00039277297721916735,1,0.00039277297721916735,0.0,0.0,0.0,-0.0005748128960270832,0.40593087195600946,0.0,0.16666666666666666,0.35302236773708445
DMC1,6201,0.006450572488308337,41,0.006611836800516046,0.0,0.0,0.0,2546,0.008248232521602514,31,0.012175962293794187,0.0,0.0,0.0,0.0017976600332941768,1.8415400532638475,0.0,0.7560975609756098,0.35299665694598725
MYO15A,6201,0.04160619254958878,318,0.05128205128205128,0.0,0.0,0.0031446540880503146,2546,0.08208955223880597,221,0.08680282796543598,0.0,1.0,0.01809954751131222,0.040483359689217194,1.6926551453260017,0.014954893423261905,0.6949685534591195,0.35281882223189165
FCN1,6201,0.008869537171423964,63,0.010159651669085631,0.0,0.0,0.0,2546,0.018460329929300863,47,0.018460329929300863,0.0,0.0,0.0,0.0095907927578769,1.817023903041185,0.0,0.746031746031746,0.35212458633880306
F2,6201,0.010643444605708756,69,0.011127237542331882,0.0,0.0,0.0,2546,0.018853102906520033,50,0.019638648860958365,0.0,0.0,0.02,0.008209658300811277,1.764916834591345,0.02,0.7246376811594203,0.3520730343573338
CEP192,6201,0.02064183196258668,152,0.02451217545557168,0.0,0.0,0.006578947368421052,2546,0.03927729772191673,103,0.040455616653574236,0.0,0.0,0.05825242718446602,0.01863546575933005,1.6504294662421963,0.05167347981604497,0.6776315789473685,0.3518834546157188
ERCC5,6201,0.013223673601032092,99,0.015965166908563134,0.0,0.0,0.0,2546,0.006284367635506678,17,0.006677140612725845,0.0,0.0,0.0,-0.006939305965525415,0.41823180746982797,0.0,0.1717171717171717,0.35067559683264626
RNF19A,6201,0.008869537171423964,62,0.009998387356877922,0.0,0.0,0.0,2546,0.016496465043205028,43,0.016889238020424194,0.0,0.0,0.046511627906976744,0.007626927871781064,1.6891962091072652,0.046511627906976744,0.6935483870967742,0.35023371715752516
TST,6201,0.004031607805192711,28,0.004515400741815836,0.0,0.0,0.0,2546,0.008248232521602514,21,0.008248232521602514,0.0,0.0,0.0,0.004216624716409803,1.8266889238020425,0.0,0.75,0.3501754792477385
CKMT2,6201,0.0059667795516852125,45,0.00725689404934688,0.0,0.0,0.0,2546,0.012568735271013355,32,0.012568735271013355,0.0,0.0,0.03125,0.006601955719328143,1.7319717203456404,0.03125,0.7111111111111111,0.34972836554994485
SNX9,6201,0.0077406869859700045,49,0.007901951298177712,0.0,0.0,0.0,2546,0.013747054202670856,35,0.013747054202670856,0.0,0.0,0.02857142857142857,0.006006367216700851,1.7397037369543262,0.02857142857142857,0.7142857142857143,0.34928040458306114
CBX5,6201,0.00306402193194646,20,0.0032252862441541686,0.0,0.0,0.0,2546,0.00589159465828751,15,0.00589159465828751,0.0,0.0,0.0,0.0028275727263410494,1.8266889238020423,0.0,0.75,0.34878642725766973
MPZL1,6201,0.003709079180777294,24,0.0038703434929850023,0.0,0.0,0.0,2546,0.006284367635506678,18,0.007069913589945012,0.0,0.0,0.0,0.0025752884547293837,1.8266889238020425,0.0,0.75,0.34853414298605806
CXCL14,6201,0.002580228995323335,16,0.002580228995323335,0.0,0.0,0.0,2546,0.004713275726630008,12,0.004713275726630008,0.0,0.0,0.0,0.002133046731306673,1.8266889238020425,0.0,0.75,0.34809190126263534
REEP5,6201,0.002580228995323335,16,0.002580228995323335,0.0,0.0,0.0,2546,0.004713275726630008,12,0.004713275726630008,0.0,0.0,0.0,0.002133046731306673,1.8266889238020425,0.0,0.75,0.34809190126263534
PPBP,6201,0.002580228995323335,16,0.002580228995323335,0.0,0.0,0.0,2546,0.004713275726630008,12,0.004713275726630008,0.0,0.0,0.0,0.002133046731306673,1.8266889238020425,0.0,0.75,0.34809190126263534
GRM8,6201,0.030317690695049186,232,0.037413320432188354,0.0,0.0,0.0,2546,0.04281225451688924,168,0.06598586017282011,0.0,0.0,0.011904761904761904,0.012494563821840055,1.7636996505674893,0.011904761904761904,0.7241379310344828,0.3478223803946582
CXCL10,6201,0.0017739074342847927,12,0.0019351717464925011,0.0,0.0,0.0,2546,0.003534956794972506,9,0.003534956794972506,0.0,0.0,0.0,0.0017610493606877132,1.8266889238020425,0.0,0.75,0.3477199038920164
CRABP2,6201,0.0019351717464925011,12,0.0019351717464925011,0.0,0.0,0.0,2546,0.003534956794972506,9,0.003534956794972506,0.0,0.0,0.0,0.0015997850484800048,1.8266889238020425,0.0,0.75,0.3475586395798087
UBA7,6201,0.00822447992259313,61,0.009837123044670215,0.0,0.0,0.0,2546,0.016496465043205028,42,0.016496465043205028,0.0,0.0,0.047619047619047616,0.008271985120611898,1.6769603234903996,0.047619047619047616,0.6885245901639344,0.3474257953493712
EPHB3,6201,0.013707466537655217,106,0.017094017094017096,0.0,0.0,0.0,2546,0.028279654359780047,73,0.028672427336999214,0.0,0.0,0.0410958904109589,0.01457218782212483,1.6773369992144538,0.0410958904109589,0.6886792452830188,0.34734354118197086
NDUFA1,6201,0.0017739074342847927,12,0.0019351717464925011,0.0,0.0,0.0,2546,0.003142183817753339,9,0.003534956794972506,0.0,0.0,0.0,0.001368276383468546,1.8266889238020425,0.0,0.75,0.3473271309147972
GSTM1,6201,0.001128850185453959,8,0.0012901144976616675,0.0,0.0,0.0,2546,0.002356637863315004,6,0.002356637863315004,0.0,0.0,0.0,0.001227787677861045,1.8266889238020425,0.0,0.75,0.3471866422091897
BET1,6201,0.0012901144976616675,8,0.0012901144976616675,0.0,0.0,0.0,2546,0.002356637863315004,6,0.002356637863315004,0.0,0.0,0.0,0.0010665233656533366,1.8266889238020425,0.0,0.75,0.347025377896982
POP7,6201,0.0012901144976616675,8,0.0012901144976616675,0.0,0.0,0.0,2546,0.002356637863315004,6,0.002356637863315004,0.0,0.0,0.0,0.0010665233656533366,1.8266889238020425,0.0,0.75,0.347025377896982
CST7,6201,0.0012901144976616675,8,0.0012901144976616675,0.0,0.0,0.0,2546,0.002356637863315004,6,0.002356637863315004,0.0,0.0,0.0,0.0010665233656533366,1.8266889238020425,0.0,0.75,0.347025377896982
MRPS12,6201,0.0012901144976616675,8,0.0012901144976616675,0.0,0.0,0.0,2546,0.002356637863315004,6,0.002356637863315004,0.0,0.0,0.0,0.0010665233656533366,1.8266889238020425,0.0,0.75,0.347025377896982
POLR2I,6201,0.0012901144976616675,8,0.0012901144976616675,0.0,0.0,0.0,2546,0.002356637863315004,6,0.002356637863315004,0.0,0.0,0.0,0.0010665233656533366,1.8266889238020425,0.0,0.75,0.347025377896982
HEYL,6201,0.004676665054023544,33,0.005321722302854378,0.0,0.0,0.0,2546,0.009033778476040848,23,0.009033778476040848,0.0,0.0,0.043478260869565216,0.004357113422017304,1.6975291009069486,0.043478260869565216,0.696969696969697,0.3470243999262674
PC,6201,0.016126431220770843,111,0.017900338655055636,0.0,0.0,0.0,2546,0.030243519245875882,80,0.031421838177533384,0.0,0.0,0.0125,0.01411708802510504,1.7553767435935541,0.0125,0.7207207207207207,0.3470240897565134
HSPD1,6201,0.006450572488308337,43,0.006934365424931463,0.0,0.0,0.0,2546,0.012175962293794187,32,0.012568735271013355,0.0,0.0,0.0,0.00572538980548585,1.812528544547763,0.0,0.7441860465116279,0.34666212589711465
MT2A,6201,0.0006450572488308337,4,0.0006450572488308337,0.0,0.0,0.0,2546,0.001178318931657502,3,0.001178318931657502,0.0,0.0,0.0,0.0005332616828266683,1.8266889238020425,0.0,0.75,0.3464921162141554
CLIC2,6201,0.004031607805192711,29,0.004676665054023544,0.0,0.0,0.0,2546,0.007855459544383346,20,0.007855459544383346,0.0,0.0,0.05,0.0038238517391906354,1.6797139529214185,0.05,0.6896551724137931,0.34638672602098824
NRIP1,6201,0.01451378809869376,108,0.01741654571843251,0.0,0.0,0.0,2546,0.02749410840534171,71,0.02788688138256088,0.0,0.0,0.07042253521126761,0.012980320306647952,1.6011717727153707,0.07042253521126761,0.6574074074074074,0.3462177002724652
TRAF2,6201,0.0059667795516852125,39,0.006289308176100629,0.0,0.0,0.0,2546,0.011390416339355853,29,0.011390416339355853,0.0,0.0,0.0,0.00542363678767064,1.8110761979575805,0.0,0.7435897435897436,0.34584385484897107
PTGS2,6201,0.010965973230124174,74,0.011933559103370425,0.0,0.0,0.0,2546,0.018460329929300863,48,0.018853102906520033,0.0,0.0,0.08333333333333333,0.007494356699176689,1.5798390692341988,0.08333333333333333,0.6486486486486487,0.3454075301947962
NPC1,6201,0.014997581035316884,113,0.018222867279471054,0.0,0.0,0.0,2546,0.031029065200314218,81,0.03181461115475255,0.0,0.0,0.012345679012345678,0.016031484164997334,1.7458619802709783,0.012345679012345678,0.7168141592920354,0.3453250265991133
HSPA4,6201,0.008385744234800839,65,0.010482180293501049,0.0,0.0,0.0,2546,0.016889238020424194,43,0.016889238020424194,0.0,0.0,0.06976744186046512,0.008503493785623355,1.6112333071484681,0.06976744186046512,0.6615384615384615,0.3449463962874143
CLDN9,6201,0.005321722302854378,35,0.005644250927269795,0.0,0.0,0.0,2546,0.01021209740769835,26,0.01021209740769835,0.0,0.0,0.0,0.004890375104843973,1.8092918864324994,0.0,0.7428571428571429,0.34467564842294046
PSMC3,6201,0.005482986615062087,35,0.005644250927269795,0.0,0.0,0.0,2546,0.01021209740769835,26,0.01021209740769835,0.0,0.0,0.0,0.004729110792636264,1.8092918864324994,0.0,0.7428571428571429,0.34451438411073276
C3AR1,6201,0.008547008547008548,59,0.009514594420254797,0.0,0.0,0.0,2546,0.016496465043205028,42,0.016496465043205028,0.0,0.0,0.023809523809523808,0.00794945649619648,1.7338064361510912,0.023809523809523808,0.711864406779661,0.34430673676689133
UPF3B,6201,0.008547008547008548,62,0.009998387356877922,0.0,0.0,0.0,2546,0.012961508248232521,41,0.01610369206598586,0.0,0.0,0.07317073170731707,0.0044144997012239735,1.6106289435673922,0.07317073170731707,0.6612903225806451,0.34402921770038875
TPM2,6201,0.004515400741815836,31,0.004999193678438961,0.0,0.0,0.0,2546,0.009033778476040848,23,0.009033778476040848,0.0,0.0,0.0,0.004518377734225012,1.8070471074170744,0.0,0.7419354838709677,0.34350427653542803
FLNA,6201,0.0325753910659571,244,0.03934849217868086,0.0,0.0,0.004098360655737705,2546,0.05263157894736842,173,0.06794972505891594,0.0,1.0,0.017341040462427744,0.020056187881411315,1.7268698569276137,0.013242679806690038,0.7090163934426229,0.34330606595385454
ABCB4,6201,0.024028382518948555,187,0.030156426382841477,0.0,0.0,0.0,2546,0.041633935585231735,126,0.04948939512961508,0.0,0.0,0.047619047619047616,0.01760555306628318,1.6410895144317814,0.047619047619047616,0.6737967914438503,0.34326894700903204
ATP7A,6201,0.018061602967263345,135,0.02177068214804064,0.0,0.0,0.0,2546,0.025923016496465043,93,0.03652788688138256,0.0,0.0,0.043010752688172046,0.007861413529201697,1.677847604084839,0.043010752688172046,0.6888888888888889,0.34273832469209503
CYP4A22,6201,0.010804708917916465,91,0.014675052410901468,0.0,0.0,0.0,2546,0.023173605655930872,65,0.025530243519245877,0.0,0.0,0.015384615384615385,0.012368896738014407,1.739703736954326,0.015384615384615385,0.7142857142857143,0.3424561209175615
FLNC,6201,0.04160619254958878,350,0.05644250927269795,0.0,0.0,0.002857142857142857,2546,0.07030636292223096,249,0.09780047132757266,0.0,1.0,0.004016064257028112,0.028700170372642178,1.732744922006509,0.001158921399885255,0.7114285714285714,0.3420184812035999
COQ3,6201,0.004031607805192711,27,0.0043541364296081275,0.0,0.0,0.0,2546,0.007855459544383346,20,0.007855459544383346,0.0,0.0,0.0,0.0038238517391906354,1.8041372086933753,0.0,0.7407407407407407,0.34177257235460423
HTR7,6201,0.009837123044670215,68,0.010965973230124174,0.0,0.0,0.014705882352941176,2546,0.01728201099764336,48,0.018853102906520033,0.0,0.0,0.041666666666666664,0.007444887952973146,1.7192366341666283,0.026960784313725488,0.7058823529411765,0.34160968342185627
DHX15,6201,0.008708272859216255,60,0.009675858732462506,0.0,0.0,0.016666666666666666,2546,0.01610369206598586,42,0.016496465043205028,0.0,0.0,0.047619047619047616,0.0073954192067696035,1.7049096622152395,0.03095238095238095,0.7,0.34026913474671444
CAPN3,6201,0.012901144976616674,93,0.014997581035316884,0.0,0.0,0.0,2546,0.018067556952081697,67,0.02631578947368421,0.0,0.0,0.014925373134328358,0.005166411975465022,1.7546689303904923,0.014925373134328358,0.7204301075268817,0.34024186947650636
IGF2R,6201,0.027253668763102725,203,0.032736655378164815,0.0,0.0,0.0,2546,0.05302435192458759,140,0.05498821681068342,0.0,1.0,0.02142857142857143,0.025770683161484866,1.679713952921418,0.02142857142857143,0.6896551724137931,0.3397621288718537
ATP2B4,6201,0.01644895984518626,130,0.020964360587002098,0.0,0.0,0.0,2546,0.03574234092694423,92,0.03613511390416339,0.0,0.0,0.010869565217391304,0.019293381081757967,1.7236449332285937,0.010869565217391304,0.7076923076923077,0.338986797963892
KCNA3,6201,0.014191259474278342,110,0.017739074342847928,0.0,0.0,0.0,2546,0.030243519245875882,78,0.030636292223095052,0.0,0.0,0.01282051282051282,0.016052259771597542,1.727051346140113,0.01282051282051282,0.7090909090909091,0.33894652451927837
PTGER2,6201,0.00612804386389292,43,0.006934365424931463,0.0,0.0,0.0,2546,0.01178318931657502,30,0.01178318931657502,0.0,0.0,0.03333333333333333,0.005655145452682099,1.6992455105135278,0.03333333333333333,0.6976744186046512,0.33881359163502256
PCOLCE,6201,0.006289308176100629,43,0.006934365424931463,0.0,0.0,0.0,2546,0.01178318931657502,30,0.01178318931657502,0.0,0.0,0.03333333333333333,0.00549388114047439,1.6992455105135278,0.03333333333333333,0.6976744186046512,0.33865232732281486
TACC3,6201,0.011127237542331882,74,0.011933559103370425,0.0,0.0,0.0,2546,0.021209740769835034,54,0.021209740769835034,0.0,0.0,0.0,0.010082503227503151,1.7773189528884734,0.0,0.7297297297297297,0.33842137959617313
ELANE,6201,0.005321722302854378,34,0.005482986615062087,0.0,0.0,0.0,2546,0.009819324430479183,25,0.009819324430479183,0.0,0.0,0.0,0.004497602127624805,1.7908714939235708,0.0,0.7352941176470589,0.3377043320391258
CBL,6201,0.012578616352201259,87,0.014029995162070633,0.0,0.0,0.0,2546,0.0204241948153967,53,0.020816967792615867,0.0,0.0,0.11320754716981132,0.007845578463195443,1.4837473250805862,0.11320754716981132,0.6091954022988506,0.3376743829883132
NID2,6201,0.021931946460248347,166,0.0267698758264796,0.0,0.0,0.0,2546,0.044383346425765906,117,0.04595443833464258,0.0,0.0,0.008547008547008548,0.02245139996551756,1.7166474223681847,0.008547008547008548,0.7048192771084337,0.3372497827213
CMBL,6201,0.002902757619738752,19,0.00306402193194646,0.0,0.0,0.0,2546,0.0054988216810683424,14,0.0054988216810683424,0.0,0.0,0.0,0.0025960640613295906,1.7946417497002523,0.0,0.7368421052631579,0.3371528064729724
GPX1,6201,0.0,0,0.0,0.0,0.0,0.0,2546,0.003534956794972506,9,0.003534956794972506,0.0,0.0,0.3333333333333333,0.003534956794972506,,0.3333333333333333,,0.3368682901283058
CDKAL1,6201,0.009192065795839382,66,0.010643444605708756,0.0,0.0,0.0,2546,0.018853102906520033,48,0.018853102906520033,0.0,0.0,0.0,0.009661037110680651,1.7713347139898596,0.0,0.7272727272727273,0.33584290690510266
F5,6201,0.03531688437348815,307,0.049508143847766486,0.0,0.0,0.006514657980456026,2546,0.0781618224666143,209,0.08208955223880597,0.0,1.0,0.014354066985645933,0.042844938093126145,1.6581019981525598,0.007839409005189906,0.6807817589576547,0.33514950011594435
TNC,6201,0.031446540880503145,255,0.04112239961296565,0.0,0.0,0.0,2546,0.06323644933228594,169,0.06637863315003928,0.0,1.0,0.03550295857988166,0.03178990845178279,1.614172173189779,0.03550295857988166,0.6627450980392157,0.33509316530032396
SNRPD2,6201,0.00306402193194646,19,0.00306402193194646,0.0,0.0,0.0,2546,0.003534956794972506,14,0.0054988216810683424,0.0,0.0,0.0,0.0004709348630260457,1.7946417497002523,0.0,0.7368421052631579,0.33502767727466887
BMP2,6201,0.006611836800516046,53,0.008547008547008548,0.0,0.0,0.0,2546,0.014139827179890024,37,0.014532600157109192,0.0,0.0,0.02702702702702703,0.007527990379373978,1.7003142183817752,0.02702702702702703,0.6981132075471698,0.3347759802638759
CKAP5,6201,0.019190453152717304,139,0.022415739396871474,0.0,0.0,0.0,2546,0.031029065200314218,94,0.036920659858601726,0.0,0.0,0.0425531914893617,0.011838612047596914,1.6470864157063978,0.0425531914893617,0.6762589928057554,0.33470419234809634
MPPED2,6201,0.007418158361554588,47,0.0075794226737622965,0.0,0.0,0.0,2546,0.01178318931657502,31,0.012175962293794187,0.0,0.0,0.06451612903225806,0.0043650309550204314,1.60644983369825,0.06451612903225806,0.6595744680851063,0.3337230578532333
EGR1,6201,0.009030801483631673,62,0.009998387356877922,0.0,0.0,0.0,2546,0.01767478397486253,45,0.01767478397486253,0.0,0.0,0.0,0.008643982491230858,1.767763474647138,0.0,0.7258064516129032,0.3335363861249412
GNA14,6201,0.005482986615062087,37,0.0059667795516852125,0.0,0.0,0.0,2546,0.010604870384917517,27,0.010604870384917517,0.0,0.0,0.0,0.00512188376985543,1.7773189528884734,0.0,0.7297297297297297,0.33346076013852544
TSPAN5,6201,0.004031607805192711,26,0.0041928721174004195,0.0,0.0,0.0,2546,0.007069913589945012,19,0.007462686567164179,0.0,0.0,0.0,0.003038305784752301,1.7798507462686566,0.0,0.7307692307692307,0.33228836309350973
NAB2,6201,0.009514594420254797,62,0.009998387356877922,0.0,0.0,0.0,2546,0.016889238020424194,45,0.01767478397486253,0.0,0.0,0.0,0.007374643600169397,1.767763474647138,0.0,0.7258064516129032,0.3322670472338797
PRKCG,6201,0.019190453152717304,133,0.02144815352362522,0.0,0.0,0.0,2546,0.034956794972505895,92,0.03613511390416339,0.0,0.0,0.021739130434782608,0.01576634181978859,1.6847657242084002,0.021739130434782608,0.6917293233082706,0.33195176229497275
SLC24A3,6201,0.014997581035316884,117,0.018867924528301886,0.0,0.0,0.0,2546,0.03181461115475255,82,0.03220738413197172,0.0,0.0,0.012195121951219513,0.016817030119435666,1.7069913589945012,0.012195121951219513,0.7008547008547008,0.33170279004117825
MYL9,6201,0.004031607805192711,26,0.0041928721174004195,0.0,0.0,0.0,2546,0.00589159465828751,19,0.007462686567164179,0.0,0.0,0.0,0.001859986853094799,1.7798507462686566,0.0,0.7307692307692307,0.33111004416185225
ALDH1A1,6201,0.009353330108047089,62,0.009998387356877922,0.0,0.0,0.0,2546,0.014925373134328358,38,0.014925373134328358,0.0,0.0,0.10526315789473684,0.005572043026281269,1.4927780452575832,0.10526315789473684,0.6129032258064516,0.33108578975469977
ELOVL2,6201,0.005482986615062087,38,0.00612804386389292,0.0,0.0,0.0,2546,0.01021209740769835,26,0.01021209740769835,0.0,0.0,0.038461538461538464,0.004729110792636264,1.6664530532930915,0.038461538461538464,0.6842105263157895,0.33079261348228683
IDH3G,6201,0.00516045799064667,33,0.005321722302854378,0.0,0.0,0.0,2546,0.009426551453260016,24,0.009426551453260016,0.0,0.0,0.0,0.004266093462613346,1.7713347139898596,0.0,0.7272727272727273,0.33044796325703535
OPHN1,6201,0.009998387356877922,70,0.01128850185453959,0.0,0.0,0.0,2546,0.018067556952081697,49,0.0192458758837392,0.0,0.0,0.02040816326530612,0.008069169595203774,1.7049096622152398,0.02040816326530612,0.7,0.3303986674480738
KCNH1,6201,0.02386711820674085,191,0.03080148363167231,0.0,0.0,0.005235602094240838,2546,0.03220738413197172,131,0.05145326001571092,0.0,0.0,0.03816793893129771,0.008340265925230867,1.6704799233372953,0.032932336837056875,0.6858638743455497,0.33038362503029717
HIRA,6201,0.011449766166747298,80,0.012901144976616674,0.0,0.0,0.0,2546,0.02199528672427337,56,0.02199528672427337,0.0,0.0,0.017857142857142856,0.010545520557526071,1.7049096622152395,0.017857142857142856,0.7,0.3303239980022328
HLA-DOA,6201,0.005482986615062087,40,0.006450572488308337,0.0,0.0,0.0,2546,0.011390416339355853,29,0.011390416339355853,0.0,0.0,0.0,0.005907429724293766,1.765799293008641,0.0,0.725,0.3300899175936179
CSTF2,6201,0.0077406869859700045,52,0.008385744234800839,0.0,0.0,0.0,2546,0.007855459544383346,38,0.014925373134328358,0.0,0.0,0.0,0.00011477255841334157,1.7798507462686566,0.0,0.7307692307692307,0.3293648298671708
EIF2AK2,6201,0.00822447992259313,58,0.009353330108047089,0.0,0.0,0.0,2546,0.012961508248232521,42,0.016496465043205028,0.0,0.0,0.0,0.004737028325639391,1.7636996505674893,0.0,0.7241379310344828,0.3281600829936956
PHLDA3,6201,0.001451378809869376,11,0.0017739074342847927,0.0,0.0,0.0,2546,0.003142183817753339,8,0.003142183817753339,0.0,0.0,0.0,0.0016908050078839629,1.7713347139898594,0.0,0.7272727272727273,0.32787267480230575
MMP7,6201,0.00516045799064667,34,0.005482986615062087,0.0,0.0,0.0,2546,0.009033778476040848,23,0.009033778476040848,0.0,0.0,0.043478260869565216,0.0038733204853941784,1.6476017744096854,0.043478260869565216,0.6764705882352942,0.32785864025295025
NHLH2,6201,0.0016126431220770843,11,0.0017739074342847927,0.0,0.0,0.0,2546,0.003142183817753339,8,0.003142183817753339,0.0,0.0,0.0,0.0015295406956762545,1.7713347139898594,0.0,0.7272727272727273,0.327711410490098
VNN1,6201,0.009192065795839382,60,0.009675858732462506,0.0,0.0,0.0,2546,0.015318146111547526,40,0.015710919088766692,0.0,0.0,0.05,0.006126080315708144,1.6237234878240376,0.05,0.6666666666666666,0.3275733871691024
TNP1,6201,0.0017739074342847927,11,0.0017739074342847927,0.0,0.0,0.0,2546,0.003142183817753339,8,0.003142183817753339,0.0,0.0,0.0,0.001368276383468546,1.7713347139898594,0.0,0.7272727272727273,0.3275501461778903
CCL11,6201,0.0017739074342847927,11,0.0017739074342847927,0.0,0.0,0.0,2546,0.003142183817753339,8,0.003142183817753339,0.0,0.0,0.0,0.001368276383468546,1.7713347139898594,0.0,0.7272727272727273,0.3275501461778903
ARF4,6201,0.0017739074342847927,11,0.0017739074342847927,0.0,0.0,0.0,2546,0.003142183817753339,8,0.003142183817753339,0.0,0.0,0.0,0.001368276383468546,1.7713347139898594,0.0,0.7272727272727273,0.3275501461778903
SKP1,6201,0.0017739074342847927,11,0.0017739074342847927,0.0,0.0,0.0,2546,0.003142183817753339,8,0.003142183817753339,0.0,0.0,0.0,0.001368276383468546,1.7713347139898594,0.0,0.7272727272727273,0.3275501461778903
RPL39,6201,0.0017739074342847927,11,0.0017739074342847927,0.0,0.0,0.0,2546,0.0007855459544383347,2,0.0007855459544383347,0.0,0.0,0.0,-0.000988361479846458,0.44283367849746486,0.0,0.18181818181818182,0.3275265298076256
NR3C2,6201,0.014997581035316884,112,0.018061602967263345,0.0,0.0,0.0,2546,0.025923016496465043,77,0.030243519245875882,0.0,0.0,0.025974025974025976,0.010925435461148159,1.6744648468185388,0.025974025974025976,0.6875,0.32750158394497725
OAS3,6201,0.013062409288824383,94,0.015158845347524593,0.0,0.0,0.0,2546,0.02474469756480754,64,0.02513747054202671,0.0,0.0,0.03125,0.011682288275983157,1.6582707960756131,0.03125,0.6808510638297872,0.32746094245488944
COL5A3,6201,0.027092404450895016,244,0.03934849217868086,0.0,0.0,0.0,2546,0.06087981146897094,162,0.0636292223095051,0.0,1.0,0.024691358024691357,0.03378740701807592,1.6170688833657423,0.024691358024691357,0.6639344262295082,0.3273865291845188
GALNT1,6201,0.006934365424931463,46,0.007418158361554588,0.0,0.0,0.0,2546,0.010997643362136685,28,0.010997643362136685,0.0,0.0,0.10714285714285714,0.004063277937205222,1.4825301410567302,0.10714285714285714,0.6086956521739131,0.32733721279618144
ABCD3,6201,0.007901951298177712,55,0.008869537171423964,0.0,0.0,0.0,2546,0.014925373134328358,38,0.014925373134328358,0.0,0.0,0.02631578947368421,0.007023421836150645,1.6827679782903664,0.02631578947368421,0.6909090909090909,0.32704111999335717
PTAFR,6201,0.00612804386389292,41,0.006611836800516046,0.0,0.0,0.0,2546,0.010997643362136685,28,0.010997643362136685,0.0,0.0,0.03571428571428571,0.0048695994982437645,1.6633264997221848,0.03571428571428571,0.6829268292682927,0.3270126099479211
MX1,6201,0.009192065795839382,64,0.01032091598129334,0.0,0.0,0.0,2546,0.016889238020424194,46,0.018067556952081697,0.0,0.0,0.0,0.007697172224584813,1.7505768853102905,0.0,0.71875,0.3263606578195804
RALBP1,6201,0.00725689404934688,48,0.0077406869859700045,0.0,0.0,0.0,2546,0.012568735271013355,33,0.012961508248232521,0.0,0.0,0.030303030303030304,0.005311841221666475,1.674464846818539,0.030303030303030304,0.6875,0.3262169940345
MMP16,6201,0.017900338655055636,124,0.019996774713755845,0.0,0.0,0.008064516129032258,2546,0.029850746268656716,83,0.03260015710919089,0.0,0.0,0.04819277108433735,0.01195040761360108,1.6302707599523607,0.040128254955305094,0.6693548387096774,0.326018273451818
CCR4,6201,0.006450572488308337,43,0.006934365424931463,0.0,0.0,0.0,2546,0.01178318931657502,31,0.012175962293794187,0.0,0.0,0.0,0.005332616828266682,1.7558870275306453,0.0,0.7209302325581395,0.32592479711753053
IRS4,6201,0.02547976132881793,199,0.03209159812933398,0.0,0.0,0.0,2546,0.05106048703849175,134,0.05263157894736842,0.0,1.0,0.022388059701492536,0.025580725709673822,1.6400423168473948,0.022388059701492536,0.6733668341708543,0.32561655098984266
P2RY2,6201,0.008063215610385421,60,0.009675858732462506,0.0,0.0,0.0,2546,0.016496465043205028,43,0.016889238020424194,0.0,0.0,0.0,0.008433249432819607,1.7455027494108404,0.0,0.7166666666666667,0.3252502780336178
COL12A1,6201,0.04370262860828899,367,0.059184002580228996,0.0,0.0,0.0,2546,0.06402199528672427,238,0.09347996857816182,0.0,1.0,0.05042016806722689,0.02031936667843528,1.5794803410168432,0.05042016806722689,0.6485013623978202,0.3251803146213451
ELOVL3,6201,0.0041928721174004195,30,0.004837929366231253,0.0,0.0,0.0,2546,0.007855459544383346,20,0.007855459544383346,0.0,0.0,0.05,0.0036625874269829266,1.6237234878240376,0.05,0.6666666666666666,0.3251098942803772
OAS2,6201,0.01225608772778584,92,0.014836316723109175,0.0,0.0,0.0,2546,0.023173605655930872,64,0.02513747054202671,0.0,0.0,0.015625,0.010917517928145031,1.6943201612076917,0.015625,0.6956521739130435,0.32454125061429656
WDR43,6201,0.006773101112723754,45,0.00725689404934688,0.0,0.0,0.0,2546,0.011390416339355853,29,0.011390416339355853,0.0,0.0,0.06896551724137931,0.004617315226632099,1.5695993715632366,0.06896551724137931,0.6444444444444445,0.32418565211235345
SPC25,6201,0.0027414933075310434,19,0.00306402193194646,0.0,0.0,0.0,2546,0.004713275726630008,12,0.004713275726630008,0.0,0.0,0.08333333333333333,0.0019717824190989648,1.5382643568859307,0.08333333333333333,0.631578947368421,0.3236384585899793
MAOB,6201,0.006450572488308337,46,0.007418158361554588,0.0,0.0,0.0,2546,0.012568735271013355,33,0.012961508248232521,0.0,0.0,0.0,0.006118162782705018,1.7472676662454318,0.0,0.717391304347826,0.3235778240667481
VAMP7,6201,0.0041928721174004195,30,0.004837929366231253,0.0,0.0,0.0,2546,0.006284367635506678,20,0.007855459544383346,0.0,0.0,0.05,0.002091495518106258,1.6237234878240376,0.05,0.6666666666666666,0.3235388023715005
GAPDHS,6201,0.005644250927269795,39,0.006289308176100629,0.0,0.0,0.0,2546,0.010997643362136685,28,0.010997643362136685,0.0,0.0,0.0,0.00535339243486689,1.7486252945797327,0.0,0.717948717948718,0.32330710568520304
ANXA9,6201,0.004999193678438961,32,0.00516045799064667,0.0,0.0,0.0,2546,0.009033778476040848,23,0.009033778476040848,0.0,0.0,0.0,0.004034584797601887,1.7505768853102905,0.0,0.71875,0.32269807039259746
CLDN4,6201,0.0038703434929850023,25,0.004031607805192711,0.0,0.0,0.0,2546,0.006677140612725845,18,0.007069913589945012,0.0,0.0,0.0,0.0028067971197408424,1.7536213668499607,0.0,0.72,0.3225765226104209
ISG20,6201,0.002902757619738752,18,0.002902757619738752,0.0,0.0,0.0,2546,0.003534956794972506,13,0.005106048703849175,0.0,0.0,0.0,0.0006321991752337541,1.7590337784760408,0.0,0.7222222222222222,0.3223655567896427
MYOZ1,6201,0.004999193678438961,32,0.00516045799064667,0.0,0.0,0.0,2546,0.00864100549882168,23,0.009033778476040848,0.0,0.0,0.0,0.0036418118203827192,1.7505768853102905,0.0,0.71875,0.3223052974153783
CSF3R,6201,0.013062409288824383,98,0.015803902596355425,0.0,0.0,0.0,2546,0.022388059701492536,63,0.02474469756480754,0.0,0.0,0.06349206349206349,0.009325650412668153,1.5657333632588937,0.06349206349206349,0.6428571428571429,0.32191488270449403
ELF4,6201,0.009353330108047089,64,0.01032091598129334,0.0,0.0,0.0,2546,0.016889238020424194,44,0.01728201099764336,0.0,0.0,0.022727272727272728,0.007535907912377106,1.6744648468185388,0.022727272727272728,0.6875,0.32086530314945294
PLEK,6201,0.008869537171423964,59,0.009514594420254797,0.0,0.0,0.0,2546,0.014532600157109192,37,0.014532600157109192,0.0,0.0,0.08108108108108109,0.005663062985685228,1.527400908037866,0.08108108108108109,0.6271186440677966,0.3207884291266653
PABPC4,6201,0.008063215610385421,56,0.009030801483631673,0.0,0.0,0.017857142857142856,2546,0.012175962293794187,39,0.015318146111547526,0.0,0.0,0.0,0.004112746683408766,1.6962111435304679,-0.017857142857142856,0.6964285714285714,0.32067021629728426
CBX1,6201,0.0032252862441541686,22,0.0035478148685695854,0.0,0.0,0.0,2546,0.004713275726630008,12,0.004713275726630008,0.0,0.0,0.16666666666666666,0.0014879894824758396,1.3285010354923945,0.16666666666666666,0.5454545454545454,0.32023220373301975
ACSL3,6201,0.006934365424931463,51,0.00822447992259313,0.0,0.0,0.0,2546,0.012961508248232521,33,0.012961508248232521,0.0,0.0,0.06060606060606061,0.0060271428233010585,1.5759669146527424,0.06060606060606061,0.6470588235294118,0.319710987338337
PVR,6201,0.006289308176100629,42,0.006773101112723754,0.0,0.0,0.0,2546,0.010997643362136685,30,0.01178318931657502,0.0,0.0,0.0,0.004708335186036056,1.739703736954326,0.0,0.7142857142857143,0.3194109439809678
LRPAP1,6201,0.00516045799064667,35,0.005644250927269795,0.0,0.0,0.0,2546,0.009819324430479183,25,0.009819324430479183,0.0,0.0,0.0,0.004658866439832513,1.7397037369543262,0.0,0.7142857142857143,0.3193614752347642
NGF,6201,0.007418158361554588,50,0.008063215610385421,0.0,0.0,0.0,2546,0.01335428122545169,34,0.01335428122545169,0.0,0.0,0.029411764705882353,0.005936122863897102,1.6561979575805186,0.029411764705882353,0.68,0.31909646806821435
TOP1,6201,0.010159651669085631,67,0.010804708917916465,0.0,0.0,0.0,2546,0.01767478397486253,46,0.018067556952081697,0.0,0.0,0.021739130434782608,0.007515132305776899,1.6721928456695314,0.021739130434782608,0.6865671641791045,0.319006508031197
KIF15,6201,0.012739880664408966,96,0.015481373971940009,0.0,0.0,0.0,2546,0.023959151610369208,61,0.023959151610369208,0.0,0.0,0.06557377049180328,0.011219270945960242,1.5476114493322861,0.06557377049180328,0.6354166666666666,0.3188020945468245
ARF6,6201,0.002580228995323335,16,0.002580228995323335,0.0,0.0,0.0,2546,0.001178318931657502,3,0.001178318931657502,0.0,0.0,0.0,-0.001401910063665833,0.4566722309505106,0.0,0.1875,0.31839455031702535
SLC25A19,6201,0.0041928721174004195,28,0.004515400741815836,0.0,0.0,0.0,2546,0.007855459544383346,20,0.007855459544383346,0.0,0.0,0.0,0.0036625874269829266,1.739703736954326,0.0,0.7142857142857143,0.31836519622191467
GATA3,6201,0.02064183196258668,145,0.023383325270117723,0.0,0.0,0.0,2546,0.032992930086410056,102,0.04006284367635507,0.0,0.0,0.0,0.012351098123823376,1.7133082319798467,0.0,0.7034482758620689,0.3173725577543469
CDK9,6201,0.0032252862441541686,21,0.003386550556361877,0.0,0.0,0.0,2546,0.00589159465828751,15,0.00589159465828751,0.0,0.0,0.0,0.002666308414133341,1.739703736954326,0.0,0.7142857142857143,0.31736891720906507
PLEK2,6201,0.0032252862441541686,21,0.003386550556361877,0.0,0.0,0.0,2546,0.00589159465828751,15,0.00589159465828751,0.0,0.0,0.0,0.002666308414133341,1.739703736954326,0.0,0.7142857142857143,0.31736891720906507
GSK3B,6201,0.006450572488308337,50,0.008063215610385421,0.0,0.0,0.0,2546,0.010604870384917517,34,0.01335428122545169,0.0,0.0,0.029411764705882353,0.00415429789660918,1.6561979575805186,0.029411764705882353,0.68,0.3173146431009264
IL2RG,6201,0.005321722302854378,36,0.005805515239477504,0.0,0.0,0.0,2546,0.009426551453260016,24,0.009426551453260016,0.0,0.0,0.041666666666666664,0.004104829150405638,1.6237234878240379,0.041666666666666664,0.6666666666666666,0.31721880267046665
PRKCE,6201,0.011127237542331882,73,0.011772294791162716,0.0,0.0,0.0273972602739726,2546,0.019638648860958365,51,0.020031421838177535,0.0,0.0,0.0196078431372549,0.008511411318626483,1.7015732440895739,-0.0077894171367176995,0.6986301369863014,0.3169879342079991
FBL,6201,0.005805515239477504,38,0.00612804386389292,0.0,0.0,0.0,2546,0.010604870384917517,27,0.010604870384917517,0.0,0.0,0.0,0.004799355145440013,1.7305474014966717,0.0,0.7105263157894737,0.3161542770509886
TAF9,6201,0.002257700370907918,14,0.002257700370907918,0.0,0.0,0.0,2546,0.003534956794972506,10,0.003927729772191673,0.0,0.0,0.0,0.0012772564240645877,1.739703736954326,0.0,0.7142857142857143,0.3159798652189963
CCNT1,6201,0.008385744234800839,58,0.009353330108047089,0.0,0.0,0.0,2546,0.01610369206598586,41,0.01610369206598586,0.0,0.0,0.0,0.007717947831185019,1.7217068017444537,0.0,0.7068965517241379,0.3158299514242838
RPS27L,6201,0.0009675858732462506,7,0.001128850185453959,0.0,0.0,0.0,2546,0.0019638648860958365,5,0.0019638648860958365,0.0,0.0,0.0,0.000996279012849586,1.739703736954326,0.0,0.7142857142857143,0.3156988878077813
APOC2,6201,0.0009675858732462506,7,0.001128850185453959,0.0,0.0,0.0,2546,0.0019638648860958365,5,0.0019638648860958365,0.0,0.0,0.0,0.000996279012849586,1.739703736954326,0.0,0.7142857142857143,0.3156988878077813
NUPR1,6201,0.001128850185453959,7,0.001128850185453959,0.0,0.0,0.0,2546,0.0015710919088766694,5,0.0019638648860958365,0.0,0.0,0.0,0.0004422417234227103,1.739703736954326,0.0,0.7142857142857143,0.31514485051835445
CCR2,6201,0.008547008547008548,56,0.009030801483631673,0.0,0.0,0.0,2546,0.014925373134328358,38,0.014925373134328358,0.0,0.0,0.02631578947368421,0.00637836458731981,1.6527185501066097,0.02631578947368421,0.6785714285714286,0.315131955621007
FGL2,6201,0.007418158361554588,60,0.009675858732462506,0.0,0.0,0.0,2546,0.014925373134328358,39,0.015318146111547526,0.0,0.0,0.05128205128205128,0.00750721477277377,1.5831304006284368,0.05128205128205128,0.65,0.31464408251100806
GGA2,6201,0.008385744234800839,53,0.008547008547008548,0.0,0.0,0.018867924528301886,2546,0.014532600157109192,37,0.014532600157109192,0.0,0.0,0.02702702702702703,0.006146855922308353,1.7003142183817752,0.008159102498725142,0.6981132075471698,0.3145269212785084
CPE,6201,0.008547008547008548,62,0.009998387356877922,0.0,0.0,0.0,2546,0.016496465043205028,42,0.016496465043205028,0.0,0.0,0.023809523809523808,0.00794945649619648,1.6499125763373288,0.023809523809523808,0.6774193548387096,0.3131384491383364
DHCR7,6201,0.009030801483631673,67,0.010804708917916465,0.0,0.0,0.0,2546,0.018460329929300863,47,0.018460329929300863,0.0,0.0,0.0,0.00942952844566919,1.7085448640536516,0.0,0.7014925373134329,0.3126938880340631
ITGB3,6201,0.012739880664408966,92,0.014836316723109175,0.0,0.0,0.0,2546,0.02356637863315004,61,0.023959151610369208,0.0,0.0,0.03278688524590164,0.010826497968741073,1.6148989036510812,0.03278688524590164,0.6630434782608695,0.31169163925258925
GPR3,6201,0.003709079180777294,25,0.004031607805192711,0.0,0.0,0.0,2546,0.006284367635506678,16,0.006284367635506678,0.0,0.0,0.0625,0.0025752884547293837,1.5587745483110764,0.0625,0.64,0.31145655971064584
FGF9,6201,0.0038703434929850023,25,0.004031607805192711,0.0,0.0,0.0,2546,0.006284367635506678,16,0.006284367635506678,0.0,0.0,0.0625,0.0024140241425216753,1.5587745483110764,0.0625,0.64,0.31129529539843814
PMP22,6201,0.002902757619738752,18,0.002902757619738752,0.0,0.0,0.0,2546,0.00432050274941084,11,0.00432050274941084,0.0,0.0,0.09090909090909091,0.0014177451296720884,1.4884131971720345,0.09090909090909091,0.6111111111111112,0.3108248926004288
ALS2,6201,0.017094017094017096,123,0.01983551040154814,0.0,0.0,0.0,2546,0.03181461115475255,82,0.03220738413197172,0.0,0.0,0.024390243902439025,0.014720594060735455,1.6237234878240374,0.024390243902439025,0.6666666666666666,0.3105581448165686
CASQ1,6201,0.007901951298177712,56,0.009030801483631673,0.0,0.0,0.0,2546,0.013747054202670856,36,0.014139827179890024,0.0,0.0,0.05555555555555555,0.005845102904493143,1.5657333632588935,0.05555555555555555,0.6428571428571429,0.310497827259811
KLF6,6201,0.004999193678438961,34,0.005482986615062087,0.0,0.0,0.0,2546,0.008248232521602514,24,0.009426551453260016,0.0,0.0,0.0,0.003249038843163553,1.7192366341666283,0.0,0.7058823529411765,0.3104530499983212
ERCC4,6201,0.01225608772778584,82,0.013223673601032092,0.0,0.0,0.0,2546,0.021209740769835034,54,0.021209740769835034,0.0,0.0,0.037037037037037035,0.008953653042049193,1.603921981874964,0.037037037037037035,0.6585365853658537,0.30986227253911774
SLCO2A1,6201,0.012578616352201259,87,0.014029995162070633,0.0,0.0,0.0,2546,0.023173605655930872,59,0.023173605655930872,0.0,0.0,0.01694915254237288,0.010594989303729613,1.6517187203727282,0.01694915254237288,0.6781609195402298,0.30960496477680327
F2RL1,6201,0.00725689404934688,47,0.0075794226737622965,0.0,0.0,0.0,2546,0.012961508248232521,33,0.012961508248232521,0.0,0.0,0.0,0.005704614198885642,1.7100917584529758,0.0,0.7021276595744681,0.30953992716508
ANKH,6201,0.009514594420254797,69,0.011127237542331882,0.0,0.0,0.0,2546,0.016496465043205028,45,0.01767478397486253,0.0,0.0,0.044444444444444446,0.006981870622950231,1.5884251511322107,0.044444444444444446,0.6521739130434783,0.30932877552576865
NDUFV2,6201,0.0027414933075310434,17,0.0027414933075310434,0.0,0.0,0.0,2546,0.004713275726630008,12,0.004713275726630008,0.0,0.0,0.0,0.0019717824190989648,1.7192366341666283,0.0,0.7058823529411765,0.30917579357425656
MID1IP1,6201,0.002580228995323335,17,0.0027414933075310434,0.0,0.0,0.0,2546,0.00432050274941084,12,0.004713275726630008,0.0,0.0,0.0,0.0017402737540875052,1.7192366341666283,0.0,0.7058823529411765,0.30894428490924514
NDST3,6201,0.01628769553297855,115,0.01854539590388647,0.0,0.0,0.0,2546,0.030243519245875882,78,0.030636292223095052,0.0,0.0,0.01282051282051282,0.01395582371289733,1.6519621571774994,0.01282051282051282,0.6782608695652174,0.3089289586543573
AMBN,6201,0.009837123044670215,77,0.01241735203999355,0.0,0.0,0.0,2546,0.020031421838177535,52,0.0204241948153967,0.0,0.0,0.019230769230769232,0.01019429879350732,1.6448108058477264,0.019230769230769232,0.6753246753246753,0.30887742123620887
TSG101,6201,0.005482986615062087,37,0.0059667795516852125,0.0,0.0,0.0,2546,0.009819324430479183,26,0.01021209740769835,0.0,0.0,0.0,0.004336337815417096,1.7114923250037153,0.0,0.7027027027027027,0.3086883140152109
CCL5,6201,0.001128850185453959,7,0.001128850185453959,0.0,0.0,0.14285714285714285,2546,0.00039277297721916735,2,0.0007855459544383347,0.0,0.0,0.0,-0.0007360772082347917,0.6958814947817304,-0.14285714285714285,0.2857142857142857,0.30853773905669735
CYP4F2,6201,0.013546202225447508,112,0.018061602967263345,0.0,0.0,0.0,2546,0.029065200314218383,74,0.029065200314218383,0.0,0.0,0.02702702702702703,0.015518998088770875,1.6092259566827516,0.02702702702702703,0.6607142857142857,0.3084524535845888
ATF6,6201,0.01128850185453959,82,0.013223673601032092,0.0,0.0,0.0,2546,0.0204241948153967,52,0.0204241948153967,0.0,0.0,0.057692307692307696,0.009135692960857112,1.5445174640277433,0.057692307692307696,0.6341463414634146,0.30762185055824914
LY75,6201,0.01757781003064022,144,0.023222060957910014,0.0,0.0,0.006944444444444444,2546,0.010997643362136685,29,0.011390416339355853,0.0,0.0,0.0,-0.006580166668503534,0.4904998036135114,-0.006944444444444444,0.2013888888888889,0.307560289295711
ENPP1,6201,0.011933559103370425,86,0.013868730849862926,0.0,0.0,0.0,2546,0.022780832678711706,58,0.022780832678711706,0.0,0.0,0.017241379310344827,0.01084727357534128,1.6426039934964103,0.017241379310344827,0.6744186046511628,0.3067062645223098
SMC2,6201,0.012578616352201259,86,0.013868730849862926,0.0,0.0,0.0,2546,0.022780832678711706,58,0.022780832678711706,0.0,0.0,0.017241379310344827,0.010202216326510447,1.6426039934964103,0.017241379310344827,0.6744186046511628,0.30606120727347896
G3BP2,6201,0.00725689404934688,49,0.007901951298177712,0.0,0.0,0.0,2546,0.009033778476040848,31,0.012175962293794187,0.0,0.0,0.06451612903225806,0.0017768844266939686,1.5408804527309747,0.06451612903225806,0.6326530612244898,0.30565648879889784
NKX2-2,6201,0.008063215610385421,56,0.009030801483631673,0.0,0.0,0.0,2546,0.014925373134328358,39,0.015318146111547526,0.0,0.0,0.0,0.006862157523942937,1.6962111435304679,0.0,0.6964285714285714,0.30556248428067556
OMD,6201,0.004676665054023544,30,0.004837929366231253,0.0,0.0,0.0,2546,0.008248232521602514,21,0.008248232521602514,0.0,0.0,0.0,0.00357156746757897,1.7049096622152395,0.0,0.7,0.30549290205514285
TUBG1,6201,0.006289308176100629,43,0.006934365424931463,0.0,0.0,0.0,2546,0.01178318931657502,30,0.01178318931657502,0.0,0.0,0.0,0.00549388114047439,1.6992455105135278,0.0,0.6976744186046512,0.30531899398948154
SLCO1A2,6201,0.012578616352201259,92,0.014836316723109175,0.0,0.0,0.0,2546,0.0192458758837392,51,0.020031421838177535,0.0,0.0,0.13725490196078433,0.00666725953153794,1.3501613784623794,0.13725490196078433,0.5543478260869565,0.3052589784167712
MYL6B,6201,0.00306402193194646,21,0.003386550556361877,0.0,0.0,0.0,2546,0.005106048703849175,13,0.005106048703849175,0.0,0.0,0.07692307692307693,0.002042026771902715,1.5077432386937493,0.07692307692307693,0.6190476190476191,0.3052011637484665
KRT5,6201,0.013062409288824383,93,0.014997581035316884,0.0,0.0,0.0,2546,0.023959151610369208,61,0.023959151610369208,0.0,0.0,0.03278688524590164,0.010896742321544825,1.597534399310747,0.03278688524590164,0.6559139784946236,0.30509913414907186
YWHAH,6201,0.002257700370907918,14,0.002257700370907918,0.0,0.0,0.0,2546,0.003142183817753339,8,0.003142183817753339,0.0,0.0,0.125,0.0008844834468454206,1.391762989563461,0.125,0.5714285714285714,0.304768049435419
DCX,6201,0.01128850185453959,77,0.01241735203999355,0.0,0.0,0.0,2546,0.012961508248232521,54,0.021209740769835034,0.0,0.0,0.0,0.0016730063936929319,1.7080727599187928,0.0,0.7012987012987013,0.30476304903050266
GSTA3,6201,0.0035478148685695854,30,0.004837929366231253,0.0,0.0,0.0,2546,0.00589159465828751,21,0.008248232521602514,0.0,0.0,0.0,0.002343779789717924,1.7049096622152395,0.0,0.7,0.3042651143772818
SUPT4H1,6201,0.0016126431220770843,10,0.0016126431220770843,0.0,0.0,0.0,2546,0.0019638648860958365,5,0.0019638648860958365,0.0,0.0,0.2,0.0003512217640187522,1.2177926158680283,0.2,0.5,0.3037164252504466
POLR2G,6201,0.0016126431220770843,10,0.0016126431220770843,0.0,0.0,0.0,2546,0.0019638648860958365,5,0.0019638648860958365,0.0,0.0,0.2,0.0003512217640187522,1.2177926158680283,0.2,0.5,0.3037164252504466
CD38,6201,0.005805515239477504,47,0.0075794226737622965,0.0,0.0,0.0,2546,0.012175962293794187,31,0.012175962293794187,0.0,0.0,0.03225806451612903,0.0063704470543166835,1.60644983369825,0.03225806451612903,0.6595744680851063,0.3034704094364005
EMP1,6201,0.0012901144976616675,10,0.0016126431220770843,0.0,0.0,0.0,2546,0.0027494108405341712,7,0.0027494108405341712,0.0,0.0,0.0,0.0014592963428725037,1.7049096622152395,0.0,0.7,0.3033806309304364
ERBB3,6201,0.02177068214804064,151,0.024350911143363973,0.0,0.0,0.0,2546,0.037706205813040065,100,0.03927729772191673,0.0,0.0,0.02,0.015935523664999427,1.6129703521430838,0.02,0.6622516556291391,0.3032759832887213
MLLT11,6201,0.001451378809869376,10,0.0016126431220770843,0.0,0.0,0.0,2546,0.0027494108405341712,7,0.0027494108405341712,0.0,0.0,0.0,0.0012980320306647953,1.7049096622152395,0.0,0.7,0.3032193666182287
ZW10,6201,0.009514594420254797,60,0.009675858732462506,0.0,0.0,0.0,2546,0.015710919088766692,40,0.015710919088766692,0.0,0.0,0.025,0.006196324668511895,1.6237234878240376,0.025,0.6666666666666666,0.30264363152190615
CD63,6201,0.003709079180777294,33,0.005321722302854378,0.0,0.0,0.030303030303030304,2546,0.003927729772191673,22,0.00864100549882168,0.0,0.0,0.0,0.0002186505914143792,1.6237234878240376,-0.030303030303030304,0.6666666666666666,0.3019689877478389
COL15A1,6201,0.02564102564102564,202,0.0325753910659571,0.0,0.0,0.0,2546,0.05145326001571092,134,0.05263157894736842,0.0,1.0,0.007462686567164179,0.02581223437468528,1.6156852527357999,0.007462686567164179,0.6633663366336634,0.3016538505057855
ME2,6201,0.008063215610385421,54,0.008708272859216255,0.0,0.0,0.0,2546,0.01335428122545169,34,0.01335428122545169,0.0,0.0,0.058823529411764705,0.005291065615066268,1.533516627389369,0.058823529411764705,0.6296296296296297,0.30057572339057154
BTC,6201,0.0035478148685695854,23,0.003709079180777294,0.0,0.0,0.0,2546,0.00589159465828751,16,0.006284367635506678,0.0,0.0,0.0,0.002343779789717924,1.6943201612076917,0.0,0.6956521739130435,0.30034251247586946
RELB,6201,0.007095629737139171,50,0.008063215610385421,0.0,0.0,0.0,2546,0.003534956794972506,10,0.003927729772191673,0.0,0.0,0.0,-0.003560672942166665,0.4871170463472113,0.0,0.2,0.2998684760436542
CFH,6201,0.030640219319464604,233,0.03757458474439607,0.0,0.0,0.012875536480686695,2546,0.0589159465828751,152,0.05970149253731343,0.0,1.0,0.02631578947368421,0.028275727263410495,1.5888796361539939,0.013440252992997514,0.6523605150214592,0.29979400890774077
ST8SIA4,6201,0.008708272859216255,64,0.01032091598129334,0.0,0.0,0.0,2546,0.014139827179890024,37,0.014532600157109192,0.0,0.0,0.10810810810810811,0.005431554320673769,1.4080727120974077,0.10810810810810811,0.578125,0.29921920491326026
TYR,6201,0.015320109659732302,105,0.016932752781809387,0.0,0.0,0.009523809523809525,2546,0.02631578947368421,68,0.02670856245090338,0.0,0.0,0.04411764705882353,0.010995679813951907,1.5773313881719222,0.03459383753501401,0.6476190476190476,0.29919685474810825
HMGCL,6201,0.0035478148685695854,23,0.003709079180777294,0.0,0.0,0.0,2546,0.00432050274941084,16,0.006284367635506678,0.0,0.0,0.0,0.0007726878808412547,1.6943201612076917,0.0,0.6956521739130435,0.29877142056699274
ATP2A2,6201,0.012578616352201259,85,0.013707466537655217,0.0,0.0,0.0,2546,0.021602513747054203,55,0.021602513747054203,0.0,0.0,0.03636363636363636,0.009023897394852945,1.5759669146527426,0.03636363636363636,0.6470588235294118,0.2984653176674648
RYR1,6201,0.07627801967424609,710,0.114497661667473,0.0,1.0,0.0,2546,0.12804399057344854,436,0.17124901806755696,0.0,1.0,0.02522935779816514,0.05176597089920244,1.495655156390029,0.02522935779816514,0.6140845070422535,0.2983994306022547
PGM2,6201,0.006934365424931463,45,0.00725689404934688,0.0,0.0,0.0,2546,0.012175962293794187,31,0.012175962293794187,0.0,0.0,0.0,0.005241596868862724,1.677847604084839,0.0,0.6888888888888889,0.297107755343584
JUP,6201,0.011449766166747298,82,0.013223673601032092,0.0,0.0,0.0,2546,0.021602513747054203,56,0.02199528672427337,0.0,0.0,0.0,0.010152747580306905,1.6633264997221848,0.0,0.6829268292682927,0.29658147231569854
CTSV,6201,0.005644250927269795,43,0.006934365424931463,0.0,0.0,0.046511627906976744,2546,0.011390416339355853,29,0.011390416339355853,0.0,0.0,0.034482758620689655,0.005746165412086058,1.6426039934964103,-0.012028869286287089,0.6744186046511628,0.29639264633499685
MED13L,6201,0.022738268021286888,171,0.027576197387518143,0.0,0.0,0.0,2546,0.0420267085624509,110,0.04320502749410841,0.0,0.0,0.02727272727272727,0.019288440541164013,1.5667507338652995,0.02727272727272727,0.6432748538011696,0.2960547803631046
MRPL3,6201,0.004515400741815836,30,0.004837929366231253,0.0,0.0,0.0,2546,0.007462686567164179,19,0.007462686567164179,0.0,0.0,0.05263157894736842,0.0029472858253483426,1.5425373134328357,0.05263157894736842,0.6333333333333333,0.29559420892878097
TACR1,6201,0.007901951298177712,60,0.009675858732462506,0.0,0.0,0.0,2546,0.01610369206598586,41,0.01610369206598586,0.0,0.0,0.0,0.008201740767808146,1.6643165750196385,0.0,0.6833333333333333,0.2950021402925809
SGCA,6201,0.0077406869859700045,51,0.00822447992259313,0.0,0.0,0.0,2546,0.012961508248232521,35,0.013747054202670856,0.0,0.0,0.0,0.005220821262262517,1.6714800609953329,0.0,0.6862745098039216,0.2947062894911764
SPPL2A,6201,0.004999193678438961,32,0.00516045799064667,0.0,0.0,0.0,2546,0.00864100549882168,22,0.00864100549882168,0.0,0.0,0.0,0.0036418118203827192,1.6744648468185388,0.0,0.6875,0.2942439343301858
RAD50,6201,0.013707466537655217,106,0.017094017094017096,0.0,0.0,0.0,2546,0.02749410840534171,70,0.02749410840534171,0.0,0.0,0.014285714285714285,0.013786641867686494,1.60840534171249,0.014285714285714285,0.660377358490566,0.2936642300168172
CYP7A1,6201,0.010804708917916465,75,0.012094823415578132,0.0,0.0,0.013333333333333334,2546,0.019638648860958365,50,0.019638648860958365,0.0,0.0,0.0,0.0088339399430419,1.6237234878240376,-0.013333333333333334,0.6666666666666666,0.2936145801297695
CHST8,6201,0.01032091598129334,76,0.01225608772778584,0.0,0.0,0.0,2546,0.019638648860958365,50,0.019638648860958365,0.0,0.0,0.02,0.009317732879665025,1.602358705089511,0.02,0.6578947368421053,0.29258878036034014
NDUFB7,6201,0.00306402193194646,20,0.0032252862441541686,0.0,0.0,0.0,2546,0.004713275726630008,12,0.004713275726630008,0.0,0.0,0.08333333333333333,0.001649253794683548,1.461351139041634,0.08333333333333333,0.6,0.2925458492461912
CD160,6201,0.0024189646831156266,16,0.002580228995323335,0.0,0.0,0.0,2546,0.00432050274941084,11,0.00432050274941084,0.0,0.0,0.0,0.0019015380662952136,1.6744648468185388,0.0,0.6875,0.29250366057609833
HAO1,6201,0.009998387356877922,65,0.010482180293501049,0.0,0.0,0.0,2546,0.01610369206598586,41,0.01610369206598586,0.0,0.0,0.04878048780487805,0.006105304709107936,1.5362922230950509,0.04878048780487805,0.6307692307692307,0.29244187181763265
VAMP5,6201,0.002580228995323335,16,0.002580228995323335,0.0,0.0,0.0,2546,0.00432050274941084,11,0.00432050274941084,0.0,0.0,0.0,0.0017402737540875052,1.6744648468185388,0.0,0.6875,0.29234239626389064
EREG,6201,0.002580228995323335,16,0.002580228995323335,0.0,0.0,0.0,2546,0.00432050274941084,11,0.00432050274941084,0.0,0.0,0.0,0.0017402737540875052,1.6744648468185388,0.0,0.6875,0.29234239626389064
NGB,6201,0.002580228995323335,16,0.002580228995323335,0.0,0.0,0.0,2546,0.00432050274941084,11,0.00432050274941084,0.0,0.0,0.0,0.0017402737540875052,1.6744648468185388,0.0,0.6875,0.29234239626389064
PRKDC,6201,0.04031607805192711,342,0.055152394775036286,0.0,0.0,0.0029239766081871343,2546,0.07659073055773763,206,0.08091123330714847,0.0,1.0,0.04854368932038835,0.03627465250581052,1.4670484144375078,0.045619712712201214,0.6023391812865497,0.2917696468353841
TUBA4A,6201,0.006450572488308337,48,0.0077406869859700045,0.0,0.0,0.0,2546,0.007462686567164179,33,0.012961508248232521,0.0,0.0,0.0,0.0010121140788558417,1.674464846818539,0.0,0.6875,0.29161423658865904
EXOC4,6201,0.01435252378648605,100,0.016126431220770843,0.0,0.0,0.0,2546,0.025530243519245877,66,0.025923016496465043,0.0,0.0,0.015151515151515152,0.011177719732759826,1.6074862529457974,0.015151515151515152,0.66,0.2915686900827229
HKDC1,6201,0.013868730849862926,111,0.017900338655055636,0.0,0.0,0.0,2546,0.02631578947368421,68,0.02670856245090338,0.0,0.0,0.058823529411764705,0.012447058623821283,1.4920702320545212,0.058823529411764705,0.6126126126126126,0.29123719101114615
APPBP2,6201,0.00725689404934688,47,0.0075794226737622965,0.0,0.0,0.02127659574468085,2546,0.008248232521602514,30,0.01178318931657502,0.0,0.0,0.06666666666666667,0.0009913384722556344,1.5546288713208871,0.04539007092198581,0.6382978723404256,0.29114118609621525
EDC4,6201,0.013707466537655217,95,0.015320109659732302,0.0,0.0,0.0,2546,0.02356637863315004,61,0.023959151610369208,0.0,0.0,0.03278688524590164,0.009858912095494821,1.5639020961673626,0.03278688524590164,0.6421052631578947,0.29102897108875697
FCER1G,6201,0.0012901144976616675,9,0.001451378809869376,0.0,0.0,0.0,2546,0.0015710919088766694,4,0.0015710919088766694,0.0,0.0,0.25,0.0002809774112150019,1.0824823252160252,0.25,0.4444444444444444,0.29069440458288875
DCP2,6201,0.0059667795516852125,38,0.00612804386389292,0.0,0.0,0.0,2546,0.009033778476040848,26,0.01021209740769835,0.0,0.0,0.0,0.003066998924355636,1.6664530532930915,0.0,0.6842105263157895,0.29066896315246776
CALCRL,6201,0.010482180293501049,73,0.011772294791162716,0.0,0.0,0.0136986301369863,2546,0.018460329929300863,49,0.0192458758837392,0.0,0.0,0.02040816326530612,0.007978149635799814,1.634844881576257,0.00670953312831982,0.6712328767123288,0.29036481399267483
TRIM58,6201,0.016932752781809387,119,0.019190453152717304,0.0,0.0,0.0,2546,0.030636292223095052,80,0.031421838177533384,0.0,0.0,0.0,0.013703539441285665,1.6373682230158362,0.0,0.6722689075630253,0.2903378935977434
TFDP1,6201,0.00822447992259313,53,0.008547008547008548,0.0,0.0,0.018867924528301886,2546,0.013747054202670856,35,0.013747054202670856,0.0,0.0,0.0,0.0055225742800777255,1.60840534171249,-0.018867924528301886,0.660377358490566,0.28998237267179605
COPB2,6201,0.009030801483631673,73,0.011772294791162716,0.0,0.0,0.0,2546,0.018067556952081697,46,0.018067556952081697,0.0,0.0,0.043478260869565216,0.009036755468450024,1.5347523378062822,0.043478260869565216,0.6301369863013698,0.28946377093070474
ACTA2,6201,0.006773101112723754,45,0.00725689404934688,0.0,0.0,0.0,2546,0.010997643362136685,29,0.011390416339355853,0.0,0.0,0.034482758620689655,0.004224542249412931,1.5695993715632366,0.034482758620689655,0.6444444444444445,0.28931012051444466
HSPA5,6201,0.007901951298177712,55,0.008869537171423964,0.0,0.0,0.0,2546,0.012961508248232521,34,0.01335428122545169,0.0,0.0,0.058823529411764705,0.005059556950054809,1.5056345068913806,0.058823529411764705,0.6181818181818182,0.2892779044288687
HSPA1L,6201,0.01435252378648605,103,0.01661022415739397,0.0,0.0,0.0,2546,0.025923016496465043,66,0.025923016496465043,0.0,0.0,0.030303030303030304,0.011570492709978992,1.5606662649959198,0.030303030303030304,0.6407766990291263,0.2889938268468689
TLR2,6201,0.01241735203999355,92,0.014836316723109175,0.0,0.0,0.0,2546,0.021602513747054203,57,0.022388059701492536,0.0,0.0,0.05263157894736842,0.009185161707060654,1.5090038935756003,0.05263157894736842,0.6195652173913043,0.28855537932116804
RAD21,6201,0.009837123044670215,70,0.01128850185453959,0.0,0.0,0.0,2546,0.01728201099764336,44,0.01728201099764336,0.0,0.0,0.045454545454545456,0.007444887952973146,1.530939288519807,0.045454545454545456,0.6285714285714286,0.2883427469714641
ADCY9,6201,0.019996774713755845,152,0.02451217545557168,0.0,0.0,0.0,2546,0.038884524744697564,101,0.0396700706991359,0.0,0.0,0.0,0.01888775003094172,1.6183822921404059,0.0,0.6644736842105263,0.28829725079793816
TGM1,6201,0.012901144976616674,89,0.01435252378648605,0.0,0.0,0.0,2546,0.022780832678711706,60,0.02356637863315004,0.0,0.0,0.0,0.009879687702095031,1.641967571956892,0.0,0.6741573033707865,0.288256439115818
WNT7A,6201,0.009675858732462506,62,0.009998387356877922,0.0,0.0,0.0,2546,0.016496465043205028,42,0.016496465043205028,0.0,0.0,0.0,0.006820606310742522,1.6499125763373288,0.0,0.6774193548387096,0.28820007514335866
RAC2,6201,0.003386550556361877,22,0.0035478148685695854,0.0,0.0,0.0,2546,0.00589159465828751,15,0.00589159465828751,0.0,0.0,0.0,0.0025050441019256325,1.660626294365493,0.0,0.6818181818181818,0.2879194076314039
PARP12,6201,0.01032091598129334,72,0.011611030478955007,0.0,0.0,0.0,2546,0.018460329929300863,47,0.018460329929300863,0.0,0.0,0.02127659574468085,0.008139413948007523,1.5898959151610368,0.02127659574468085,0.6527777777777778,0.2878865168401516
GRB2,6201,0.003386550556361877,22,0.0035478148685695854,0.0,0.0,0.0,2546,0.005106048703849175,15,0.00589159465828751,0.0,0.0,0.0,0.0017194981474872983,1.660626294365493,0.0,0.6818181818181818,0.28713386167696553
HNF1A,6201,0.012739880664408966,89,0.01435252378648605,0.0,0.0,0.0,2546,0.021209740769835034,60,0.02356637863315004,0.0,0.0,0.0,0.008469860105426068,1.641967571956892,0.0,0.6741573033707865,0.28684661151914903
CDK4,6201,0.003709079180777294,25,0.004031607805192711,0.0,0.0,0.0,2546,0.006677140612725845,17,0.006677140612725845,0.0,0.0,0.0,0.002968061431948551,1.6561979575805186,0.0,0.68,0.28671664193038343
TNNI2,6201,0.004031607805192711,29,0.004676665054023544,0.0,0.0,0.0,2546,0.007069913589945012,18,0.007069913589945012,0.0,0.0,0.05555555555555555,0.003038305784752301,1.5117425576292767,0.05555555555555555,0.6206896551724138,0.2864234391141739
NOTCH1,6201,0.03805837768101919,281,0.04531527173036607,0.0,0.0,0.0,2546,0.06637863315003928,180,0.07069913589945012,0.0,1.0,0.011111111111111112,0.02832025546902009,1.5601613584074385,0.011111111111111112,0.6405693950177936,0.2863544731532161
KIF5C,6201,0.012578616352201259,106,0.017094017094017096,0.0,0.0,0.0,2546,0.02474469756480754,64,0.02513747054202671,0.0,0.0,0.0625,0.012166081212606282,1.4705420267085625,0.0625,0.6037735849056604,0.2859564712297954
WNT2,6201,0.008547008547008548,61,0.009837123044670215,0.0,0.0,0.0,2546,0.01335428122545169,36,0.014139827179890024,0.0,0.0,0.08333333333333333,0.0048072726784431415,1.437394562991771,0.08333333333333333,0.5901639344262295,0.2859230921976154
POLB,6201,0.0043541364296081275,29,0.004676665054023544,0.0,0.0,0.0,2546,0.006284367635506678,16,0.006284367635506678,0.0,0.0,0.125,0.00193023120589855,1.343771162337135,0.125,0.5517241379310345,0.2855442906056178
MYL2,6201,0.0041928721174004195,28,0.004515400741815836,0.0,0.0,0.0,2546,0.007069913589945012,19,0.007462686567164179,0.0,0.0,0.0,0.0028770414725445923,1.6527185501066097,0.0,0.6785714285714286,0.28531484303254756
LAMA2,6201,0.04725044347685857,407,0.06563457506853733,0.0,0.0,0.0,2546,0.07384131971720345,245,0.096229379418696,0.0,1.0,0.04897959183673469,0.026590876240344882,1.4661385301605256,0.04897959183673469,0.601965601965602,0.2850768667400785
STAT4,6201,0.011933559103370425,82,0.013223673601032092,0.0,0.0,0.0,2546,0.0192458758837392,50,0.019638648860958365,0.0,0.0,0.06,0.007312316780368774,1.4851129461805221,0.06,0.6097560975609756,0.2844832459154265
SLC28A2,6201,0.0077406869859700045,54,0.008708272859216255,0.0,0.0,0.0,2546,0.012961508248232521,33,0.012961508248232521,0.0,0.0,0.06060606060606061,0.005220821262262517,1.4884131971720347,0.06060606060606061,0.6111111111111112,0.284324938429989
SLIT3,6201,0.02999516207063377,267,0.043057571359458154,0.0,0.0,0.0,2546,0.05341712490180676,163,0.06402199528672427,0.0,1.0,0.04294478527607362,0.02342196283117299,1.4868928568276298,0.04294478527607362,0.6104868913857678,0.2842536501488787
SMAD1,6201,0.004999193678438961,31,0.004999193678438961,0.0,0.0,0.0,2546,0.007855459544383346,21,0.008248232521602514,0.0,0.0,0.0,0.002856265865944385,1.6499125763373288,0.0,0.6774193548387096,0.2842357346985605
LAD1,6201,0.008547008547008548,64,0.01032091598129334,0.0,0.0,0.0,2546,0.016496465043205028,43,0.016889238020424194,0.0,0.0,0.0,0.00794945649619648,1.636408827572663,0.0,0.671875,0.28421997447052005
PIPOX,6201,0.0059667795516852125,38,0.00612804386389292,0.0,0.0,0.0,2546,0.009426551453260016,24,0.009426551453260016,0.0,0.0,0.041666666666666664,0.003459771901574804,1.5382643568859307,0.041666666666666664,0.631578947368421,0.2834597814057885
CAT,6201,0.006773101112723754,43,0.006934365424931463,0.0,0.0,0.0,2546,0.011390416339355853,29,0.011390416339355853,0.0,0.0,0.0,0.004617315226632099,1.6426039934964103,0.0,0.6744186046511628,0.2832349268632558
EDAR,6201,0.008708272859216255,56,0.009030801483631673,0.0,0.0,0.0,2546,0.014139827179890024,36,0.014139827179890024,0.0,0.0,0.027777777777777776,0.005431554320673769,1.5657333632588935,0.027777777777777776,0.6428571428571429,0.28230650089821385
CDH8,6201,0.03193033381712627,234,0.03773584905660377,0.0,0.0,0.0,2546,0.05538098978790259,146,0.05734485467399843,0.0,1.0,0.0273972602739726,0.02345065597077632,1.5196386488609583,0.0273972602739726,0.6239316239316239,0.28181623361718866
SF3B3,6201,0.013546202225447508,97,0.01564263828414772,0.0,0.0,0.0,2546,0.023959151610369208,63,0.02474469756480754,0.0,0.0,0.015873015873015872,0.0104129493849217,1.581874944323418,0.015873015873015872,0.6494845360824743,0.28165464230248527
POLE,6201,0.028059990324141266,232,0.037413320432188354,0.0,0.0,0.0,2546,0.05420267085624509,149,0.05852317360565593,0.0,1.0,0.006711409395973154,0.026142680532103824,1.564233618658071,0.006711409395973154,0.6422413793103449,0.2813665591970875
CYP1A1,6201,0.010159651669085631,72,0.011611030478955007,0.0,0.0,0.0,2546,0.014925373134328358,45,0.01767478397486253,0.0,0.0,0.044444444444444446,0.004765721465242727,1.5222407698350355,0.044444444444444446,0.625,0.2812106861529303
CBS,6201,0.0075794226737622965,52,0.008385744234800839,0.0,0.0,0.0,2546,0.00432050274941084,11,0.00432050274941084,0.0,0.0,0.0,-0.0032589199243514564,0.5152199528672426,0.0,0.21153846153846154,0.2808454886503345
ACSL4,6201,0.010159651669085631,70,0.01128850185453959,0.0,0.0,0.0,2546,0.00864100549882168,40,0.015710919088766692,0.0,0.0,0.1,-0.0015186461702639507,1.391762989563461,0.1,0.5714285714285714,0.28040221215883754
MTOR,6201,0.03563941299790356,268,0.04321883567166586,0.0,0.0,0.0037313432835820895,2546,0.061272584446190104,161,0.06323644933228594,0.0,1.0,0.049689440993788817,0.025633171448286543,1.46316873996084,0.04595809771020673,0.6007462686567164,0.2798927153215702
CHAF1A,6201,0.013223673601032092,95,0.015320109659732302,0.0,0.0,0.021052631578947368,2546,0.02356637863315004,61,0.023959151610369208,0.0,0.0,0.0,0.010342705032117946,1.5639020961673626,-0.021052631578947368,0.6421052631578947,0.2797785103584258
TFPI,6201,0.006289308176100629,44,0.007095629737139171,0.0,0.0,0.0,2546,0.01021209740769835,26,0.01021209740769835,0.0,0.0,0.07692307692307693,0.003922789231597721,1.4392094551167607,0.07692307692307693,0.5909090909090909,0.2793726785979013
SCN9A,6201,0.0382196419932269,335,0.05402354458958233,0.0,0.0,0.0,2546,0.05970149253731343,210,0.08248232521602514,0.0,1.0,0.023809523809523808,0.02148185054408653,1.5267847721330503,0.023809523809523808,0.6268656716417911,0.27909184727566666
MASP2,6201,0.008869537171423964,63,0.010159651669085631,0.0,0.0,0.0,2546,0.016496465043205028,42,0.016496465043205028,0.0,0.0,0.0,0.007626927871781064,1.6237234878240379,0.0,0.6666666666666666,0.2790742347251754
MYF6,6201,0.011449766166747298,75,0.012094823415578132,0.0,0.0,0.0,2546,0.01610369206598586,43,0.016889238020424194,0.0,0.0,0.09302325581395349,0.00465392589923856,1.3964021995286724,0.09302325581395349,0.5733333333333334,0.27849853022750903
C5AR1,6201,0.007901951298177712,53,0.008547008547008548,0.0,0.0,0.0,2546,0.012568735271013355,32,0.012568735271013355,0.0,0.0,0.0625,0.004666783972835643,1.4705420267085625,0.0625,0.6037735849056604,0.27845717399002473
RHOBTB3,6201,0.005805515239477504,45,0.00725689404934688,0.0,0.0,0.0,2546,0.01178318931657502,30,0.01178318931657502,0.0,0.0,0.0,0.0059776740770975155,1.6237234878240376,0.0,0.6666666666666666,0.2774249809304918
MCM2,6201,0.012739880664408966,88,0.014191259474278342,0.0,0.0,0.0,2546,0.021209740769835034,55,0.021602513747054203,0.0,0.0,0.03636363636363636,0.008469860105426068,1.5222407698350355,0.03636363636363636,0.625,0.27683401671230556
EFNA5,6201,0.0043541364296081275,30,0.004837929366231253,0.0,0.0,0.03333333333333333,2546,0.007462686567164179,19,0.007462686567164179,0.0,0.0,0.0,0.0031085501375560515,1.5425373134328357,-0.03333333333333333,0.6333333333333333,0.27645722762695357
TNP2,6201,0.004031607805192711,28,0.004515400741815836,0.0,0.0,0.0,2546,0.006677140612725845,17,0.006677140612725845,0.0,0.0,0.058823529411764705,0.002645532807533134,1.4787481764111772,0.058823529411764705,0.6071428571428571,0.2760755468220659
TRAF4,6201,0.0043541364296081275,34,0.005482986615062087,0.0,0.0,0.0,2546,0.007855459544383346,21,0.008248232521602514,0.0,0.0,0.047619047619047616,0.0035013231147752186,1.5043320548957997,0.047619047619047616,0.6176470588235294,0.27599524440249723
IFNG,6201,0.004676665054023544,31,0.004999193678438961,0.0,0.0,0.0,2546,0.007462686567164179,19,0.007462686567164179,0.0,0.0,0.05263157894736842,0.0027860215131406347,1.4927780452575832,0.05263157894736842,0.6129032258064516,0.2756681892941907
SNRPB,6201,0.004837929366231253,33,0.005321722302854378,0.0,0.0,0.0,2546,0.00864100549882168,22,0.00864100549882168,0.0,0.0,0.0,0.003803076132590427,1.6237234878240376,0.0,0.6666666666666666,0.2752503829859847
APOH,6201,0.00822447992259313,64,0.01032091598129334,0.0,0.0,0.0,2546,0.015318146111547526,39,0.015318146111547526,0.0,0.0,0.05128205128205128,0.007093666188954396,1.4841847505891594,0.05128205128205128,0.609375,0.27517307446014005
UNC5C,6201,0.01951298177713272,146,0.023544589582325432,0.0,0.0,0.0,2546,0.03731343283582089,95,0.03731343283582089,0.0,0.0,0.0,0.01780045105868817,1.5847986096912694,0.0,0.6506849315068494,0.27430086814810123
OAZ3,6201,0.002257700370907918,14,0.002257700370907918,0.0,0.0,0.0,2546,0.001178318931657502,3,0.001178318931657502,0.0,0.0,0.0,-0.0010793814392504161,0.5219111210862979,0.0,0.21428571428571427,0.2742597003973465
SCG5,6201,0.002257700370907918,14,0.002257700370907918,0.0,0.0,0.0,2546,0.001178318931657502,3,0.001178318931657502,0.0,0.0,0.0,-0.0010793814392504161,0.5219111210862979,0.0,0.21428571428571427,0.2742597003973465
EXOSC7,6201,0.0035478148685695854,24,0.0038703434929850023,0.0,0.0,0.0,2546,0.006284367635506678,16,0.006284367635506678,0.0,0.0,0.0,0.002736552766937092,1.6237234878240379,0.0,0.6666666666666666,0.2741838596203314
LEP,6201,0.003709079180777294,24,0.0038703434929850023,0.0,0.0,0.0,2546,0.006284367635506678,16,0.006284367635506678,0.0,0.0,0.0,0.0025752884547293837,1.6237234878240379,0.0,0.6666666666666666,0.27402259530812373
TMEM100,6201,0.003709079180777294,24,0.0038703434929850023,0.0,0.0,0.0,2546,0.006284367635506678,16,0.006284367635506678,0.0,0.0,0.0,0.0025752884547293837,1.6237234878240379,0.0,0.6666666666666666,0.27402259530812373
VCPIP1,6201,0.014029995162070633,100,0.016126431220770843,0.0,0.0,0.01,2546,0.02356637863315004,60,0.02356637863315004,0.0,0.0,0.06666666666666667,0.009536383471079405,1.461351139041634,0.056666666666666664,0.6,0.2737663122559204
SLC6A3,6201,0.016771488469601678,124,0.019996774713755845,0.0,0.0,0.0,2546,0.031421838177533384,81,0.03181461115475255,0.0,0.0,0.0,0.014650349707931706,1.590987127182424,0.0,0.6532258064516129,0.2735421024340366
TIPARP,6201,0.006289308176100629,46,0.007418158361554588,0.0,0.0,0.0,2546,0.009819324430479183,25,0.009819324430479183,0.0,0.0,0.12,0.0035300162543785533,1.323687625943509,0.12,0.5434782608695652,0.2735382534053453
RAB27A,6201,0.0038703434929850023,24,0.0038703434929850023,0.0,0.0,0.0,2546,0.00589159465828751,16,0.006284367635506678,0.0,0.0,0.0,0.0020212511653025073,1.6237234878240379,0.0,0.6666666666666666,0.27346855801869685
SNRPB2,6201,0.0024189646831156266,15,0.0024189646831156266,0.0,0.0,0.0,2546,0.003927729772191673,10,0.003927729772191673,0.0,0.0,0.0,0.0015087650890760465,1.6237234878240376,0.0,0.6666666666666666,0.2729560719424703
GNG2,6201,0.0017739074342847927,12,0.0019351717464925011,0.0,0.0,0.0,2546,0.003142183817753339,8,0.003142183817753339,0.0,0.0,0.0,0.001368276383468546,1.6237234878240379,0.0,0.6666666666666666,0.2728155832368629
LLGL1,6201,0.008869537171423964,63,0.010159651669085631,0.0,0.0,0.015873015873015872,2546,0.01610369206598586,41,0.01610369206598586,0.0,0.0,0.024390243902439025,0.007234154894561895,1.585063404780608,0.008517228029423153,0.6507936507936508,0.2723542379851772
DR1,6201,0.001451378809869376,9,0.001451378809869376,0.0,0.0,0.0,2546,0.002356637863315004,6,0.002356637863315004,0.0,0.0,0.0,0.0009052590534456282,1.6237234878240379,0.0,0.6666666666666666,0.27235256590684
S100A1,6201,0.0008063215610385422,6,0.0009675858732462506,0.0,0.0,0.0,2546,0.0015710919088766694,4,0.0015710919088766694,0.0,0.0,0.0,0.0007647703478381272,1.6237234878240379,0.0,0.6666666666666666,0.27221207720123247
TFF3,6201,0.0009675858732462506,6,0.0009675858732462506,0.0,0.0,0.0,2546,0.0015710919088766694,4,0.0015710919088766694,0.0,0.0,0.0,0.0006035060356304188,1.6237234878240379,0.0,0.6666666666666666,0.2720508128890248
NDUFC1,6201,0.0004837929366231253,3,0.0004837929366231253,0.0,0.0,0.0,2546,0.0007855459544383347,2,0.0007855459544383347,0.0,0.0,0.0,0.0003017530178152094,1.6237234878240379,0.0,0.6666666666666666,0.27174905987120956
ABCA6,6201,0.021125624899209806,179,0.02886631188517981,0.0,0.0,0.00558659217877095,2546,0.04241948153967007,113,0.044383346425765906,0.0,0.0,0.017699115044247787,0.02129385664046026,1.5375482189171752,0.012112522865476837,0.6312849162011173,0.2714575456622878
NIPBL,6201,0.030962747943880018,251,0.04047734236413482,0.0,0.0,0.0,2546,0.054595443833464256,145,0.05695208169677926,0.0,1.0,0.06206896551724138,0.02363269588958424,1.4070113888515068,0.06206896551724138,0.5776892430278885,0.2709403711910489
ACTC1,6201,0.009030801483631673,68,0.010965973230124174,0.0,0.0,0.0,2546,0.016889238020424194,43,0.016889238020424194,0.0,0.0,0.023255813953488372,0.007858436536792522,1.540149484774271,0.023255813953488372,0.6323529411764706,0.27019000150238875
NDST1,6201,0.013223673601032092,90,0.01451378809869376,0.0,0.0,0.0,2546,0.02199528672427337,59,0.023173605655930872,0.0,0.0,0.0,0.008771613123241278,1.596661429693637,0.0,0.6555555555555556,0.2698509869697646
F13A1,6201,0.016932752781809387,129,0.02080309627479439,0.0,0.0,0.007751937984496124,2546,0.03260015710919089,83,0.03260015710919089,0.0,0.0,0.012048192771084338,0.015667404327381503,1.5670819708069201,0.004296254786588214,0.6434108527131783,0.2695863124641342
IRF6,6201,0.01032091598129334,76,0.01225608772778584,0.0,0.0,0.0,2546,0.012568735271013355,45,0.01767478397486253,0.0,0.0,0.06666666666666667,0.002247819289720015,1.44212283458056,0.06666666666666667,0.5921052631578947,0.268634980630951
HLA-DRA,6201,0.006289308176100629,42,0.006773101112723754,0.0,0.0,0.0,2546,0.01021209740769835,26,0.01021209740769835,0.0,0.0,0.038461538461538464,0.003922789231597721,1.5077432386937493,0.038461538461538464,0.6190476190476191,0.268620387746623
POLG2,6201,0.006450572488308337,42,0.006773101112723754,0.0,0.0,0.0,2546,0.01021209740769835,26,0.01021209740769835,0.0,0.0,0.038461538461538464,0.0037615249193900134,1.5077432386937493,0.038461538461538464,0.6190476190476191,0.2684591234344153
MX2,6201,0.010965973230124174,77,0.01241735203999355,0.0,0.0,0.0,2546,0.018460329929300863,47,0.018460329929300863,0.0,0.0,0.0425531914893617,0.007494356699176689,1.4866559206700605,0.0425531914893617,0.6103896103896104,0.267839171720459
DBT,6201,0.005644250927269795,38,0.00612804386389292,0.0,0.0,0.0,2546,0.009819324430479183,25,0.009819324430479183,0.0,0.0,0.0,0.004175073503209388,1.602358705089511,0.0,0.6578947368421053,0.2674461209838845
PRKAA2,6201,0.01225608772778584,95,0.015320109659732302,0.0,0.0,0.0,2546,0.0204241948153967,55,0.021602513747054203,0.0,0.0,0.07272727272727272,0.00816810708761086,1.4100756604787696,0.07272727272727272,0.5789473684210527,0.2674063406542394
DAB2,6201,0.015320109659732302,121,0.01951298177713272,0.0,0.0,0.0,2546,0.020816967792615867,76,0.029850746268656716,0.0,0.0,0.02631578947368421,0.0054968581328835656,1.5297890711730602,0.02631578947368421,0.628099173553719,0.266801395232648
ABHD6,6201,0.004999193678438961,35,0.005644250927269795,0.0,0.0,0.0,2546,0.009033778476040848,23,0.009033778476040848,0.0,0.0,0.0,0.004034584797601887,1.6005274379979801,0.0,0.6571428571428571,0.26660168946008345
FMOD,6201,0.008869537171423964,58,0.009353330108047089,0.0,0.0,0.0,2546,0.014532600157109192,38,0.014925373134328358,0.0,0.0,0.0,0.005663062985685228,1.5957282552753476,0.0,0.6551724137931034,0.26638299754319
ZMAT3,6201,0.0038703434929850023,30,0.004837929366231253,0.0,0.0,0.0,2546,0.007069913589945012,18,0.007069913589945012,0.0,0.0,0.05555555555555555,0.0031995700969600096,1.4613511390416338,0.05555555555555555,0.6,0.2663183877706899
CP,6201,0.014675052410901468,102,0.01644895984518626,0.0,0.0,0.0,2546,0.024351924587588374,63,0.02474469756480754,0.0,0.0,0.031746031746031744,0.009676872176686906,1.5043320548957997,0.031746031746031744,0.6176470588235294,0.26629777759139306
RNF213,6201,0.04499274310595065,372,0.05999032414126754,0.0,0.0,0.002688172043010753,2546,0.08091123330714847,219,0.08601728201099765,0.0,1.0,0.0365296803652968,0.03591849020119782,1.4338525961026785,0.03384150832228605,0.5887096774193549,0.26608825034279443
ABCC2,6201,0.016932752781809387,138,0.022254475084663765,0.0,0.0,0.0,2546,0.034171249018067555,87,0.034171249018067555,0.0,0.0,0.011494252873563218,0.017238496236258168,1.5354776460944703,0.011494252873563218,0.6304347826086957,0.2659676083941871
AHR,6201,0.009837123044670215,69,0.011127237542331882,0.0,0.0,0.0,2546,0.01767478397486253,45,0.01767478397486253,0.0,0.0,0.0,0.007837660930192315,1.5884251511322107,0.0,0.6521739130434783,0.2657401213885663
PRDM4,6201,0.007901951298177712,56,0.009030801483631673,0.0,0.0,0.017857142857142856,2546,0.014139827179890024,36,0.014139827179890024,0.0,0.0,0.027777777777777776,0.006237875881712311,1.5657333632588935,0.00992063492063492,0.6428571428571429,0.2652556796021095
EIF4A3,6201,0.004837929366231253,32,0.00516045799064667,0.0,0.0,0.0,2546,0.008248232521602514,21,0.008248232521602514,0.0,0.0,0.0,0.003410303155371261,1.598352808326787,0.0,0.65625,0.2651408315956718
MOSPD1,6201,0.0024189646831156266,15,0.0024189646831156266,0.0,0.0,0.0,2546,0.003142183817753339,8,0.003142183817753339,0.0,0.0,0.125,0.0007232191346377122,1.2989787902592302,0.125,0.5333333333333333,0.265041058675612
ACAA2,6201,0.0041928721174004195,27,0.0043541364296081275,0.0,0.0,0.0,2546,0.006284367635506678,16,0.006284367635506678,0.0,0.0,0.0625,0.002091495518106258,1.4433097669547004,0.0625,0.5925925925925926,0.2647978969666668
ARPC2,6201,0.0041928721174004195,27,0.0043541364296081275,0.0,0.0,0.0,2546,0.006284367635506678,16,0.006284367635506678,0.0,0.0,0.0625,0.002091495518106258,1.4433097669547004,0.0625,0.5925925925925926,0.2647978969666668
ENTPD5,6201,0.005321722302854378,36,0.005805515239477504,0.0,0.0,0.027777777777777776,2546,0.008248232521602514,23,0.009033778476040848,0.0,0.0,0.043478260869565216,0.002926510218748136,1.5560683424980362,0.01570048309178744,0.6388888888888888,0.2639500869749472
SPTB,6201,0.03322044831478794,274,0.04418642154491211,0.0,0.0,0.0036496350364963502,2546,0.06323644933228594,166,0.06520031421838178,0.0,1.0,0.024096385542168676,0.030016001017497997,1.4755735345554213,0.020446750505672327,0.6058394160583942,0.26378767127187025
COX10,6201,0.0077406869859700045,49,0.007901951298177712,0.0,0.0,0.0,2546,0.012568735271013355,32,0.012568735271013355,0.0,0.0,0.0,0.004828048285043351,1.5905862737868126,0.0,0.6530612244897959,0.2635650783563128
SLC5A6,6201,0.010159651669085631,67,0.010804708917916465,0.0,0.0,0.0,2546,0.01610369206598586,42,0.016496465043205028,0.0,0.0,0.023809523809523808,0.005944040396900227,1.5267847721330505,0.023809523809523808,0.6268656716417911,0.26355403712848047
FZD7,6201,0.009998387356877922,66,0.010643444605708756,0.0,0.0,0.0,2546,0.01610369206598586,43,0.016889238020424194,0.0,0.0,0.0,0.006105304709107936,1.5868206812825825,0.0,0.6515151515151515,0.2633877096365988
PNO1,6201,0.003386550556361877,21,0.003386550556361877,0.0,0.0,0.0,2546,0.00432050274941084,12,0.004713275726630008,0.0,0.0,0.08333333333333333,0.0009339521930489631,1.3917629895634611,0.08333333333333333,0.5714285714285714,0.263150851514956
PRRX1,6201,0.006934365424931463,47,0.0075794226737622965,0.0,0.0,0.0,2546,0.010997643362136685,29,0.011390416339355853,0.0,0.0,0.034482758620689655,0.004063277937205222,1.5028079089435242,0.034482758620689655,0.6170212765957447,0.26281212117319497
TUBA3C,6201,0.020964360587002098,147,0.02370585389453314,0.0,0.0,0.0,2546,0.034956794972505895,91,0.03574234092694423,0.0,0.0,0.02197802197802198,0.013992434385503797,1.5077432386937493,0.02197802197802198,0.6190476190476191,0.26220651641701265
HS3ST1,6201,0.008708272859216255,60,0.009675858732462506,0.0,0.0,0.0,2546,0.014925373134328358,39,0.015318146111547526,0.0,0.0,0.0,0.006217100275112103,1.5831304006284368,0.0,0.65,0.26207191673129515
SREBF2,6201,0.014029995162070633,96,0.015481373971940009,0.0,0.0,0.0,2546,0.02199528672427337,57,0.022388059701492536,0.0,0.0,0.05263157894736842,0.007965291562202737,1.4461287313432836,0.05263157894736842,0.59375,0.26195635516059185
DSC3,6201,0.015803902596355425,125,0.020158039025963553,0.0,0.0,0.0,2546,0.028279654359780047,77,0.030243519245875882,0.0,0.0,0.025974025974025976,0.012475751763424622,1.5003205027494109,0.025974025974025976,0.616,0.26172152193436604
INHBA,6201,0.01564263828414772,108,0.01741654571843251,0.0,0.0,0.009259259259259259,2546,0.024351924587588374,62,0.024351924587588374,0.0,0.0,0.08064516129032258,0.008709286303440655,1.3982063367373658,0.07138590203106332,0.5740740740740741,0.2616691060232161
WRN,6201,0.01757781003064022,125,0.020158039025963553,0.0,0.0,0.0,2546,0.029850746268656716,77,0.030243519245875882,0.0,0.0,0.025974025974025976,0.012272936238016497,1.5003205027494109,0.025974025974025976,0.616,0.2615187064089579
ANXA10,6201,0.00612804386389292,47,0.0075794226737622965,0.0,0.0,0.0,2546,0.009819324430479183,25,0.009819324430479183,0.0,0.0,0.12,0.003691280566586262,1.2955240594340725,0.12,0.5319148936170213,0.26150526578892264
TRIP13,6201,0.006289308176100629,41,0.006611836800516046,0.0,0.0,0.0,2546,0.009819324430479183,25,0.009819324430479183,0.0,0.0,0.04,0.0035300162543785533,1.4851129461805221,0.04,0.6097560975609756,0.26070094538943633
RALB,6201,0.003386550556361877,23,0.003709079180777294,0.0,0.0,0.0,2546,0.00589159465828751,15,0.00589159465828751,0.0,0.0,0.0,0.0025050441019256325,1.5884251511322107,0.0,0.6521739130434783,0.2604075045602996
FSHB,6201,0.0035478148685695854,23,0.003709079180777294,0.0,0.0,0.0,2546,0.00589159465828751,15,0.00589159465828751,0.0,0.0,0.0,0.002343779789717924,1.5884251511322107,0.0,0.6521739130434783,0.2602462402480919
KDELR3,6201,0.0035478148685695854,23,0.003709079180777294,0.0,0.0,0.0,2546,0.00589159465828751,15,0.00589159465828751,0.0,0.0,0.0,0.002343779789717924,1.5884251511322107,0.0,0.6521739130434783,0.2602462402480919
GBE1,6201,0.008869537171423964,66,0.010643444605708756,0.0,0.0,0.0,2546,0.01610369206598586,41,0.01610369206598586,0.0,0.0,0.024390243902439025,0.007234154894561895,1.5130150681996715,0.024390243902439025,0.6212121212121212,0.2599604728806821
HTR5A,6201,0.014836316723109175,106,0.017094017094017096,0.0,0.0,0.0,2546,0.02670856245090338,68,0.02670856245090338,0.0,0.0,0.0,0.011872245727794203,1.5624509033778475,0.0,0.6415094339622641,0.2596892497914015
CAB39L,6201,0.0059667795516852125,38,0.00612804386389292,0.0,0.0,0.0,2546,0.009033778476040848,23,0.009033778476040848,0.0,0.0,0.043478260869565216,0.003066998924355636,1.47417000868235,0.043478260869565216,0.6052631578947368,0.2593030689849012
FKBP4,6201,0.005805515239477504,37,0.0059667795516852125,0.0,0.0,0.0,2546,0.009426551453260016,24,0.009426551453260016,0.0,0.0,0.0,0.0036210362137825127,1.5798390692341988,0.0,0.6486486486486487,0.2582008763760687
C9,6201,0.012739880664408966,95,0.015320109659732302,0.0,0.0,0.0,2546,0.020031421838177535,52,0.0204241948153967,0.0,0.0,0.09615384615384616,0.007291541173768569,1.333162442634473,0.09615384615384616,0.5473684210526316,0.25752282560183587
SCN10A,6201,0.04483147879374295,450,0.07256894049346879,0.0,0.0,0.0,2546,0.06716417910447761,276,0.10840534171249018,0.0,1.0,0.014492753623188406,0.022332700310734664,1.4938256087981148,0.014492753623188406,0.6133333333333333,0.2574961938879328
ABCA1,6201,0.025157232704402517,191,0.03080148363167231,0.0,0.0,0.0,2546,0.04359780047132757,112,0.04399057344854674,0.0,0.0,0.044642857142857144,0.018440567766925056,1.4281965756776878,0.044642857142857144,0.5863874345549738,0.25708507624582827
ERRFI1,6201,0.004676665054023544,34,0.005482986615062087,0.0,0.0,0.0,2546,0.00864100549882168,22,0.00864100549882168,0.0,0.0,0.0,0.003964340444798136,1.5759669146527424,0.0,0.6470588235294118,0.25704212435377355
EFEMP2,6201,0.008547008547008548,60,0.009675858732462506,0.0,0.0,0.0,2546,0.014139827179890024,37,0.014532600157109192,0.0,0.0,0.02702702702702703,0.005592818632881476,1.501944226237235,0.02702702702702703,0.6166666666666667,0.256540785224451
BRCA2,6201,0.03080148363167231,270,0.04354136429608128,0.0,0.0,0.0,2546,0.059308719560094265,159,0.0624509033778476,0.0,1.0,0.031446540880503145,0.028507235928421956,1.4342890809112332,0.031446540880503145,0.5888888888888889,0.25646135159732075
STAM2,6201,0.004999193678438961,34,0.005482986615062087,0.0,0.0,0.0,2546,0.008248232521602514,22,0.00864100549882168,0.0,0.0,0.0,0.003249038843163553,1.5759669146527424,0.0,0.6470588235294118,0.25632682275213897
VIM,6201,0.009192065795839382,60,0.009675858732462506,0.0,0.0,0.0,2546,0.014532600157109192,37,0.014532600157109192,0.0,0.0,0.02702702702702703,0.00534053436126981,1.501944226237235,0.02702702702702703,0.6166666666666667,0.25628850095283934
CDR2,6201,0.0059667795516852125,40,0.006450572488308337,0.0,0.0,0.0,2546,0.007855459544383346,20,0.007855459544383346,0.0,0.0,0.15,0.0018886799926981336,1.2177926158680283,0.15,0.5,0.255253883479126
KRT17,6201,0.007418158361554588,52,0.008385744234800839,0.0,0.0,0.0,2546,0.011390416339355853,30,0.01178318931657502,0.0,0.0,0.06666666666666667,0.003972257977801265,1.405145326001571,0.06666666666666667,0.5769230769230769,0.25510207242851274
TRAT1,6201,0.008385744234800839,59,0.009514594420254797,0.0,0.0,0.0,2546,0.007069913589945012,28,0.010997643362136685,0.0,0.0,0.17857142857142858,-0.0013158306448558272,1.1558709574340607,0.17857142857142858,0.4745762711864407,0.25493487714470825
COL5A2,6201,0.027414933075310434,201,0.0324141267537494,0.0,0.0,0.0,2546,0.044383346425765906,120,0.04713275726630008,0.0,0.0,0.03333333333333333,0.016968413350455472,1.4540807353648098,0.03333333333333333,0.5970149253731343,0.2549068113680491
HSD11B1,6201,0.005644250927269795,37,0.0059667795516852125,0.0,0.0,0.0,2546,0.0054988216810683424,14,0.0054988216810683424,0.0,0.0,0.21428571428571427,-0.00014542924620145233,0.9215727903866159,0.21428571428571427,0.3783783783783784,0.2544343117222737
RHAG,6201,0.007418158361554588,54,0.008708272859216255,0.0,0.0,0.0,2546,0.012175962293794187,33,0.012961508248232521,0.0,0.0,0.030303030303030304,0.0047578039322395994,1.4884131971720347,0.030303030303030304,0.6111111111111112,0.2535588907969358
SRPK1,6201,0.008063215610385421,54,0.008708272859216255,0.0,0.0,0.0,2546,0.012568735271013355,33,0.012961508248232521,0.0,0.0,0.030303030303030304,0.004505519660627934,1.4884131971720347,0.030303030303030304,0.6111111111111112,0.2533066065253241
VHL,6201,0.05257216577971295,346,0.05579745202386712,0.0,1.0,0.0,2546,0.028279654359780047,84,0.032992930086410056,0.0,0.0,0.0,-0.024292511419932904,0.5912981487451698,0.0,0.24277456647398843,0.2528895631065928
RGS16,6201,0.0041928721174004195,26,0.0041928721174004195,0.0,0.0,0.0,2546,0.00589159465828751,15,0.00589159465828751,0.0,0.0,0.06666666666666667,0.00169872254088709,1.405145326001571,0.06666666666666667,0.5769230769230769,0.2528285369915986
KIF11,6201,0.008708272859216255,62,0.009998387356877922,0.0,0.0,0.0,2546,0.014925373134328358,38,0.014925373134328358,0.0,0.0,0.02631578947368421,0.006217100275112103,1.4927780452575832,0.02631578947368421,0.6129032258064516,0.25278347858247796
CALML5,6201,0.0043541364296081275,28,0.004515400741815836,0.0,0.0,0.0,2546,0.007069913589945012,18,0.007069913589945012,0.0,0.0,0.0,0.0027157771603368843,1.5657333632588935,0.0,0.6428571428571429,0.2518129459600992
ADAM2,6201,0.019996774713755845,146,0.023544589582325432,0.0,0.0,0.0,2546,0.021602513747054203,87,0.034171249018067555,0.0,0.0,0.04597701149425287,0.001605739033298359,1.4513418846646364,0.04597701149425287,0.5958904109589042,0.25107115261332813
COL7A1,6201,0.0343492985002419,284,0.045799064666989193,0.0,0.0,0.0,2546,0.06284367635506677,166,0.06520031421838178,0.0,1.0,0.030120481927710843,0.028494377854824872,1.4236167199583993,0.030120481927710843,0.5845070422535211,0.2507286160985153
TPX2,6201,0.009353330108047089,74,0.011933559103370425,0.0,0.0,0.0,2546,0.018067556952081697,47,0.018460329929300863,0.0,0.0,0.0,0.008714226844034608,1.5469257552918194,0.0,0.6351351351351351,0.25045409199074836
CCL7,6201,0.002257700370907918,14,0.002257700370907918,0.0,0.0,0.0,2546,0.003534956794972506,9,0.003534956794972506,0.0,0.0,0.0,0.0012772564240645877,1.5657333632588935,0.0,0.6428571428571429,0.25037442522382686
ALCAM,6201,0.009030801483631673,61,0.009837123044670215,0.0,0.0,0.0,2546,0.01335428122545169,39,0.015318146111547526,0.0,0.0,0.0,0.004323479741820017,1.5571774432410852,0.0,0.639344262295082,0.2500803881716147
PNPT1,6201,0.0077406869859700045,56,0.009030801483631673,0.0,0.0,0.0,2546,0.01335428122545169,34,0.01335428122545169,0.0,0.0,0.029411764705882353,0.005613594239481685,1.4787481764111772,0.029411764705882353,0.6071428571428571,0.24963184354813214
NDST2,6201,0.009837123044670215,66,0.010643444605708756,0.0,0.0,0.0,2546,0.01610369206598586,42,0.016496465043205028,0.0,0.0,0.0,0.006266569021315643,1.549917874741127,0.0,0.6363636363636364,0.24918054112920954
DDIT4,6201,0.0032252862441541686,20,0.0032252862441541686,0.0,0.0,0.0,2546,0.00432050274941084,11,0.00432050274941084,0.0,0.0,0.09090909090909091,0.0010952165052566716,1.339571877454831,0.09090909090909091,0.55,0.24882508113245488
ITPR2,6201,0.0325753910659571,260,0.041928721174004195,0.0,0.0,0.0,2546,0.05420267085624509,147,0.05773762765121759,0.0,1.0,0.05442176870748299,0.021627279790287987,1.3770424194815396,0.05442176870748299,0.5653846153846154,0.24875890196293307
KRT4,6201,0.0133849379132398,98,0.015803902596355425,0.0,0.0,0.0,2546,0.020816967792615867,55,0.021602513747054203,0.0,0.0,0.07272727272727272,0.007432029879376068,1.3669100790355422,0.07272727272727272,0.5612244897959183,0.24859746243384234
PEX19,6201,0.005482986615062087,36,0.005805515239477504,0.0,0.0,0.0,2546,0.00864100549882168,23,0.009033778476040848,0.0,0.0,0.0,0.0031580188837595936,1.5560683424980362,0.0,0.6388888888888888,0.24848111254817123
VAMP3,6201,0.0020964360587002098,13,0.0020964360587002098,0.0,0.0,0.0,2546,0.001178318931657502,3,0.001178318931657502,0.0,0.0,0.0,-0.0009181171270427077,0.5620581304006285,0.0,0.23076923076923078,0.24806103159664916
GYS2,6201,0.015481373971940009,113,0.018222867279471054,0.0,0.0,0.0,2546,0.025530243519245877,66,0.025923016496465043,0.0,0.0,0.045454545454545456,0.010048869547305867,1.4225542061467231,0.045454545454545456,0.584070796460177,0.247178675092707
PKP2,6201,0.016932752781809387,132,0.021286889211417512,0.0,0.0,0.0,2546,0.02356637863315004,82,0.03220738413197172,0.0,0.0,0.012195121951219513,0.006633625851340651,1.5130150681996715,0.012195121951219513,0.6212121212121212,0.24716482188624134
ABCC1,6201,0.019029188840509595,142,0.022899532333494597,0.0,0.0,0.0,2546,0.03220738413197172,82,0.03220738413197172,0.0,0.0,0.04878048780487805,0.013178195291462122,1.4064647112842015,0.04878048780487805,0.5774647887323944,0.2469702482730976
KDM3A,6201,0.01241735203999355,87,0.014029995162070633,0.0,0.0,0.0,2546,0.0204241948153967,55,0.021602513747054203,0.0,0.0,0.0,0.008006842775403152,1.539737790177967,0.0,0.632183908045977,0.24692050570369256
NSDHL,6201,0.00612804386389292,42,0.006773101112723754,0.0,0.0,0.0,2546,0.009819324430479183,25,0.009819324430479183,0.0,0.0,0.04,0.003691280566586262,1.449753114128605,0.04,0.5952380952380952,0.2465313497422384
ADAM23,6201,0.015158845347524593,106,0.017094017094017096,0.0,0.0,0.0,2546,0.025530243519245877,65,0.025530243519245877,0.0,0.0,0.015384615384615385,0.010371398171721283,1.4935192458758837,0.015384615384615385,0.6132075471698113,0.24630389738888564
SLC5A5,6201,0.01128850185453959,77,0.01241735203999355,0.0,0.0,0.0,2546,0.018460329929300863,47,0.018460329929300863,0.0,0.0,0.02127659574468085,0.0071718280747612734,1.4866559206700605,0.02127659574468085,0.6103896103896104,0.24624004735136273
IL7R,6201,0.01644895984518626,129,0.02080309627479439,0.0,0.0,0.0,2546,0.02749410840534171,74,0.029065200314218383,0.0,0.0,0.05405405405405406,0.011045148560155451,1.3971574197555674,0.05405405405405406,0.5736434108527132,0.24623564900698222
SELP,6201,0.017739074342847928,132,0.021286889211417512,0.0,0.0,0.0,2546,0.030243519245875882,81,0.03181461115475255,0.0,0.0,0.012345679012345678,0.012504444903027954,1.4945636649289438,0.012345679012345678,0.6136363636363636,0.24581677346894168
SERPINA6,6201,0.008063215610385421,56,0.009030801483631673,0.0,0.0,0.0,2546,0.012175962293794187,32,0.012568735271013355,0.0,0.0,0.0625,0.004112746683408766,1.391762989563461,0.0625,0.5714285714285714,0.24549631267198235
ARHGEF6,6201,0.013546202225447508,104,0.016771488469601678,0.0,0.0,0.0,2546,0.015318146111547526,61,0.023959151610369208,0.0,0.0,0.04918032786885246,0.0017719438861000178,1.428564414768264,0.04918032786885246,0.5865384615384616,0.24510539815514237
SLC38A1,6201,0.010482180293501049,75,0.012094823415578132,0.0,0.0,0.013333333333333334,2546,0.016496465043205028,45,0.01767478397486253,0.0,0.0,0.044444444444444446,0.006014284749703979,1.461351139041634,0.03111111111111111,0.6,0.24468865797898942
KCND1,6201,0.009998387356877922,66,0.010643444605708756,0.0,0.0,0.0,2546,0.015710919088766692,40,0.015710919088766692,0.0,0.0,0.025,0.00571253173188877,1.476112261658216,0.025,0.6060606060606061,0.24425504489305133
GMFB,6201,0.0017739074342847927,11,0.0017739074342847927,0.0,0.0,0.0,2546,0.0027494108405341712,7,0.0027494108405341712,0.0,0.0,0.0,0.0009755034062493785,1.5499178747411269,0.0,0.6363636363636364,0.24388947551414317
VPS4B,6201,0.005805515239477504,38,0.00612804386389292,0.0,0.0,0.02631578947368421,2546,0.009033778476040848,23,0.009033778476040848,0.0,0.0,0.0,0.0032282632365633447,1.47417000868235,-0.02631578947368421,0.6052631578947368,0.24230186190122785
ITGA9,6201,0.01225608772778584,98,0.015803902596355425,0.0,0.0,0.0,2546,0.021602513747054203,56,0.02199528672427337,0.0,0.0,0.05357142857142857,0.009346426019268363,1.3917629895634611,0.05357142857142857,0.5714285714285714,0.24180142057927062
ACOX2,6201,0.009675858732462506,63,0.010159651669085631,0.0,0.0,0.015873015873015872,2546,0.015318146111547526,39,0.015318146111547526,0.0,0.0,0.02564102564102564,0.00564228737908502,1.5077432386937493,0.009768009768009768,0.6190476190476191,0.24164635720058164
GCNT1,6201,0.007095629737139171,46,0.007418158361554588,0.0,0.0,0.0,2546,0.011390416339355853,29,0.011390416339355853,0.0,0.0,0.0,0.004294786602216682,1.5354776460944706,0.0,0.6304347826086957,0.24152964588658252
COL5A1,6201,0.03902596355426544,325,0.05241090146750524,0.0,0.0,0.0,2546,0.07384131971720345,193,0.0758051846032993,0.0,1.0,0.0051813471502590676,0.03481535616293801,1.4463629222309506,0.0051813471502590676,0.5938461538461538,0.24145192277765373
KRT18,6201,0.005321722302854378,36,0.005805515239477504,0.0,0.0,0.0,2546,0.007855459544383346,21,0.008248232521602514,0.0,0.0,0.047619047619047616,0.002533737241528968,1.420758051846033,0.047619047619047616,0.5833333333333334,0.2410863399828672
PDGFC,6201,0.007418158361554588,52,0.008385744234800839,0.0,0.0,0.0,2546,0.012175962293794187,31,0.012175962293794187,0.0,0.0,0.03225806451612903,0.0047578039322395994,1.4519835035349566,0.03225806451612903,0.5961538461538461,0.2407659781807669
SLC7A1,6201,0.010159651669085631,66,0.010643444605708756,0.0,0.0,0.0,2546,0.014925373134328358,38,0.014925373134328358,0.0,0.0,0.05263157894736842,0.004765721465242727,1.4023066485753053,0.05263157894736842,0.5757575757575758,0.24067949921528764
BRPF3,6201,0.014191259474278342,101,0.01628769553297855,0.0,0.0,0.0,2546,0.023959151610369208,63,0.02474469756480754,0.0,0.0,0.0,0.009767892136090866,1.5192264316769462,0.0,0.6237623762376238,0.2405725944172974
PHKA2,6201,0.016771488469601678,116,0.018706660216094177,0.0,0.0,0.0,2546,0.025923016496465043,69,0.027101335428122545,0.0,0.0,0.028985507246376812,0.009151528026863365,1.4487532843947233,0.028985507246376812,0.5948275862068966,0.24056888624259676
NDUFS3,6201,0.002580228995323335,19,0.00306402193194646,0.0,0.0,0.0,2546,0.004713275726630008,12,0.004713275726630008,0.0,0.0,0.0,0.002133046731306673,1.5382643568859307,0.0,0.631578947368421,0.24046638956885372
CCK,6201,0.002902757619738752,19,0.00306402193194646,0.0,0.0,0.0,2546,0.004713275726630008,12,0.004713275726630008,0.0,0.0,0.0,0.0018105181068912564,1.5382643568859307,0.0,0.631578947368421,0.2401438609444383
PF4,6201,0.0024189646831156266,17,0.0027414933075310434,0.0,0.0,0.0,2546,0.0019638648860958365,6,0.002356637863315004,0.0,0.0,0.16666666666666666,-0.00045509979701979005,0.8596183170833142,0.16666666666666666,0.35294117647058826,0.23989768622531302
PROCR,6201,0.006450572488308337,43,0.006934365424931463,0.0,0.0,0.0,2546,0.010604870384917517,27,0.010604870384917517,0.0,0.0,0.0,0.00415429789660918,1.5293209594621748,0.0,0.627906976744186,0.23895798858208664
MAPK13,6201,0.005482986615062087,35,0.005644250927269795,0.0,0.0,0.02857142857142857,2546,0.008248232521602514,21,0.008248232521602514,0.0,0.0,0.0,0.0027652459065404273,1.461351139041634,-0.02857142857142857,0.6,0.23889993659614334
ATF1,6201,0.0043541364296081275,27,0.0043541364296081275,0.0,0.0,0.0,2546,0.006677140612725845,17,0.006677140612725845,0.0,0.0,0.0,0.002323004183117717,1.533516627389369,0.0,0.6296296296296297,0.23878413254685826
OASL,6201,0.009353330108047089,70,0.01128850185453959,0.0,0.0,0.0,2546,0.012568735271013355,44,0.01728201099764336,0.0,0.0,0.0,0.0032154051629662665,1.530939288519807,0.0,0.6285714285714286,0.2386587187269118
ACTG1,6201,0.0075794226737622965,51,0.00822447992259313,0.0,0.0,0.0,2546,0.01178318931657502,32,0.012568735271013355,0.0,0.0,0.0,0.004203766642812723,1.5282103414814474,0.0,0.6274509803921569,0.23856826360609903
UTP20,6201,0.02547976132881793,215,0.034671827124657315,0.0,0.0,0.0,2546,0.04477611940298507,119,0.04673998428908091,0.0,0.0,0.058823529411764705,0.01929635807416714,1.3480681050073986,0.058823529411764705,0.5534883720930233,0.23856561401096193
PIK3CG,6201,0.0267698758264796,197,0.03176906950491856,0.0,0.0,0.0,2546,0.04320502749410841,114,0.04477611940298507,0.0,0.0,0.03508771929824561,0.01643515166762881,1.4094249564360934,0.03508771929824561,0.5786802030456852,0.23776380214931675
CYP27A1,6201,0.006934365424931463,48,0.0077406869859700045,0.0,0.0,0.0,2546,0.01178318931657502,30,0.01178318931657502,0.0,0.0,0.0,0.004848823891643556,1.5222407698350353,0.0,0.625,0.2368493441348866
SSRP1,6201,0.008547008547008548,61,0.009837123044670215,0.0,0.0,0.0,2546,0.014925373134328358,38,0.014925373134328358,0.0,0.0,0.0,0.00637836458731981,1.5172498164913137,0.0,0.6229508196721312,0.2363981469404978
ITK,6201,0.013707466537655217,102,0.01644895984518626,0.0,0.0,0.0,2546,0.02199528672427337,58,0.022780832678711706,0.0,0.0,0.05172413793103448,0.008287820186618153,1.3849406219675617,0.05172413793103448,0.5686274509803921,0.2360390051384305
ITGA4,6201,0.020158039025963553,151,0.024350911143363973,0.0,0.0,0.0,2546,0.03260015710919089,86,0.03377847604084839,0.0,0.0,0.046511627906976744,0.012442118083227337,1.387154502843052,0.046511627906976744,0.5695364238410596,0.235908637480304
PLG,6201,0.02048056765037897,155,0.024995968392194808,0.0,0.0,0.0,2546,0.03456402199528672,90,0.03534956794972506,0.0,0.0,0.03333333333333333,0.01408345434490775,1.4142107797177104,0.03333333333333333,0.5806451612903226,0.23564204152357482
CAPN5,6201,0.009192065795839382,66,0.010643444605708756,0.0,0.0,0.0,2546,0.01610369206598586,41,0.01610369206598586,0.0,0.0,0.0,0.006911626270146477,1.5130150681996715,0.0,0.6212121212121212,0.23524770035382764
TXNRD1,6201,0.00822447992259313,54,0.008708272859216255,0.0,0.0,0.0,2546,0.005106048703849175,13,0.005106048703849175,0.0,0.0,0.0,-0.003118431218743955,0.586344592825347,0.0,0.24074074074074073,0.23483324052338234
ORC2,6201,0.005805515239477504,38,0.00612804386389292,0.0,0.0,0.0,2546,0.00864100549882168,22,0.00864100549882168,0.0,0.0,0.045454545454545456,0.0028354902593441767,1.4100756604787694,0.045454545454545456,0.5789473684210527,0.23480099655324532
MEP1A,6201,0.013546202225447508,110,0.017739074342847928,0.0,0.0,0.0,2546,0.025530243519245877,66,0.025923016496465043,0.0,0.0,0.015151515151515152,0.011984041293798368,1.4613511390416338,0.015151515151515152,0.6,0.23469881856348784
PHB2,6201,0.0038703434929850023,25,0.004031607805192711,0.0,0.0,0.0,2546,0.002356637863315004,6,0.002356637863315004,0.0,0.0,0.0,-0.0015137056296699982,0.5845404556166537,0.0,0.24,0.23436645426406247
AKR1A1,6201,0.0038703434929850023,24,0.0038703434929850023,0.0,0.0,0.041666666666666664,2546,0.0054988216810683424,14,0.0054988216810683424,0.0,0.0,0.0,0.0016284781880833402,1.420758051846033,-0.041666666666666664,0.5833333333333334,0.2342286999770406
STAG1,6201,0.017739074342847928,128,0.02064183196258668,0.0,0.0,0.0,2546,0.02631578947368421,68,0.02670856245090338,0.0,0.0,0.08823529411764706,0.008576715130836281,1.29390465435978,0.08823529411764706,0.53125,0.23392028348041508
EIF4G2,6201,0.010482180293501049,70,0.01128850185453959,0.0,0.0,0.0,2546,0.012568735271013355,42,0.016496465043205028,0.0,0.0,0.023809523809523808,0.0020865549775123064,1.461351139041634,0.023809523809523808,0.6,0.23345934090521045
NHP2,6201,0.002580228995323335,16,0.002580228995323335,0.0,0.0,0.0,2546,0.003927729772191673,10,0.003927729772191673,0.0,0.0,0.0,0.001347500776868338,1.5222407698350353,0.0,0.625,0.23334802102011137
OXSR1,6201,0.006934365424931463,46,0.007418158361554588,0.0,0.0,0.0,2546,0.009819324430479183,25,0.009819324430479183,0.0,0.0,0.08,0.0028849590055477197,1.323687625943509,0.08,0.5434782608695652,0.2328931961565145
RPL36,6201,0.001128850185453959,8,0.0012901144976616675,0.0,0.0,0.0,2546,0.0019638648860958365,5,0.0019638648860958365,0.0,0.0,0.0,0.0008350147006418774,1.5222407698350353,0.0,0.625,0.2328355349438849
SOD1,6201,0.001128850185453959,8,0.0012901144976616675,0.0,0.0,0.0,2546,0.0019638648860958365,5,0.0019638648860958365,0.0,0.0,0.0,0.0008350147006418774,1.5222407698350353,0.0,0.625,0.2328355349438849
PCNA,6201,0.00306402193194646,19,0.00306402193194646,0.0,0.0,0.0,2546,0.003927729772191673,10,0.003927729772191673,0.0,0.0,0.1,0.0008637078402452128,1.2818869640716086,0.1,0.5263157894736842,0.2327192437823975
BANF1,6201,0.0012901144976616675,8,0.0012901144976616675,0.0,0.0,0.0,2546,0.0019638648860958365,5,0.0019638648860958365,0.0,0.0,0.0,0.000673750388434169,1.5222407698350353,0.0,0.625,0.2326742706316772
COX8A,6201,0.0012901144976616675,8,0.0012901144976616675,0.0,0.0,0.0,2546,0.0019638648860958365,5,0.0019638648860958365,0.0,0.0,0.0,0.000673750388434169,1.5222407698350353,0.0,0.625,0.2326742706316772
POLR3K,6201,0.0012901144976616675,8,0.0012901144976616675,0.0,0.0,0.0,2546,0.0019638648860958365,5,0.0019638648860958365,0.0,0.0,0.0,0.000673750388434169,1.5222407698350353,0.0,0.625,0.2326742706316772
HSPA13,6201,0.00612804386389292,43,0.006934365424931463,0.0,0.0,0.0,2546,0.009819324430479183,25,0.009819324430479183,0.0,0.0,0.04,0.003691280566586262,1.4160379254279398,0.04,0.5813953488372093,0.23267307756690553
OSTC,6201,0.0012901144976616675,8,0.0012901144976616675,0.0,0.0,0.0,2546,0.0015710919088766694,5,0.0019638648860958365,0.0,0.0,0.0,0.0002809774112150019,1.5222407698350353,0.0,0.625,0.23228149765445802
CHST4,6201,0.010159651669085631,69,0.011127237542331882,0.0,0.0,0.0,2546,0.01610369206598586,41,0.01610369206598586,0.0,0.0,0.024390243902439025,0.005944040396900227,1.447231804364903,0.024390243902439025,0.5942028985507246,0.23214461373576023
TAS2R4,6201,0.005644250927269795,37,0.0059667795516852125,0.0,0.0,0.0,2546,0.009033778476040848,23,0.009033778476040848,0.0,0.0,0.0,0.0033895275487710536,1.5140124413494405,0.0,0.6216216216216216,0.23212240597098474
STX3,6201,0.004837929366231253,35,0.005644250927269795,0.0,0.0,0.0,2546,0.007855459544383346,20,0.007855459544383346,0.0,0.0,0.05,0.003017530178152093,1.391762989563461,0.05,0.5714285714285714,0.23190109616672566
PAFAH1B1,6201,0.005644250927269795,35,0.005644250927269795,0.0,0.0,0.0,2546,0.007855459544383346,20,0.007855459544383346,0.0,0.0,0.05,0.0022112086171135513,1.391762989563461,0.05,0.5714285714285714,0.23109477460568714
CEP72,6201,0.008708272859216255,61,0.009837123044670215,0.0,0.0,0.0,2546,0.014139827179890024,36,0.014139827179890024,0.0,0.0,0.027777777777777776,0.005431554320673769,1.437394562991771,0.027777777777777776,0.5901639344262295,0.2309918182842905
MCM4,6201,0.011611030478955007,80,0.012901144976616674,0.0,0.0,0.0,2546,0.016496465043205028,42,0.016496465043205028,0.0,0.0,0.09523809523809523,0.004885434564250021,1.2786822466614298,0.09523809523809523,0.525,0.230573663133735
DKK4,6201,0.0043541364296081275,29,0.004676665054023544,0.0,0.0,0.0,2546,0.007069913589945012,18,0.007069913589945012,0.0,0.0,0.0,0.0027157771603368843,1.5117425576292767,0.0,0.6206896551724138,0.23054535493420292
GSS,6201,0.006450572488308337,42,0.006773101112723754,0.0,0.0,0.0,2546,0.01021209740769835,26,0.01021209740769835,0.0,0.0,0.0,0.0037615249193900134,1.5077432386937493,0.0,0.6190476190476191,0.22999758497287687
ESPL1,6201,0.022093210772456056,172,0.02773746169972585,0.0,0.0,0.0,2546,0.03731343283582089,101,0.0396700706991359,0.0,0.0,0.019801980198019802,0.015220222063364836,1.430198304682219,0.019801980198019802,0.5872093023255814,0.22984788258934807
RBM4,6201,0.006450572488308337,41,0.006611836800516046,0.0,0.0,0.0,2546,0.003534956794972506,10,0.003927729772191673,0.0,0.0,0.0,-0.0029156156933358313,0.5940451784722088,0.0,0.24390243902439024,0.22978787345616244
CYP11B2,6201,0.014836316723109175,108,0.01741654571843251,0.0,0.0,0.0,2546,0.025923016496465043,66,0.025923016496465043,0.0,0.0,0.0,0.011086699773355867,1.4884131971720347,0.0,0.6111111111111112,0.22958475633502173
ISL1,6201,0.009192065795839382,60,0.009675858732462506,0.0,0.0,0.0,2546,0.014532600157109192,37,0.014532600157109192,0.0,0.0,0.0,0.00534053436126981,1.501944226237235,0.0,0.6166666666666667,0.2292614739258123
RAB22A,6201,0.0027414933075310434,21,0.003386550556361877,0.0,0.0,0.0,2546,0.005106048703849175,13,0.005106048703849175,0.0,0.0,0.0,0.002364555396318132,1.5077432386937493,0.0,0.6190476190476191,0.22860061544980498
APLNR,6201,0.011127237542331882,76,0.01225608772778584,0.0,0.0,0.0,2546,0.01767478397486253,45,0.01767478397486253,0.0,0.0,0.022222222222222223,0.006547546432530648,1.44212283458056,0.022222222222222223,0.5921052631578947,0.22849026332931718
ROCK1,6201,0.018384131591678763,142,0.022899532333494597,0.0,0.0,0.0,2546,0.03181461115475255,81,0.03181461115475255,0.0,0.0,0.037037037037037035,0.013430479563073788,1.389312702610004,0.037037037037037035,0.5704225352112676,0.2283260884970857
KIF4A,6201,0.01628769553297855,117,0.018867924528301886,0.0,0.0,0.0,2546,0.02631578947368421,68,0.02670856245090338,0.0,0.0,0.029411764705882353,0.010028093940705658,1.415553809897879,0.029411764705882353,0.5811965811965812,0.22822125976985447
COL3A1,6201,0.028543783260764392,242,0.03902596355426544,0.0,0.0,0.004132231404958678,2546,0.05106048703849175,135,0.05302435192458759,0.0,1.0,0.044444444444444446,0.02251670377772736,1.3586942408444944,0.04031221303948577,0.5578512396694215,0.22778991439686513
NCOA6,6201,0.028382518948556684,214,0.0345105628124496,0.0,0.0,0.0,2546,0.04281225451688924,115,0.045168892380204245,0.0,0.0,0.06956521739130435,0.014429735568332557,1.3088425310731147,0.06956521739130435,0.5373831775700935,0.22759410255695525
CR2,6201,0.02467343976777939,182,0.029350104821802937,0.0,0.0,0.0,2546,0.031029065200314218,99,0.038884524744697564,0.0,0.0,0.0707070707070707,0.0063556254325348276,1.3248513073729098,0.0707070707070707,0.5439560439560439,0.2275715987557439
NDUFA9,6201,0.004837929366231253,32,0.00516045799064667,0.0,0.0,0.0,2546,0.007069913589945012,18,0.007069913589945012,0.0,0.0,0.05555555555555555,0.0022319842237137587,1.3700166928515318,0.05555555555555555,0.5625,0.2275373577388301
PTGFR,6201,0.01225608772778584,82,0.013223673601032092,0.0,0.0,0.0,2546,0.016496465043205028,43,0.016889238020424194,0.0,0.0,0.09302325581395349,0.004240377315419187,1.277197133715249,0.09302325581395349,0.524390243902439,0.22706181197523287
RHOA,6201,0.008385744234800839,55,0.008869537171423964,0.0,0.0,0.03636363636363636,2546,0.007462686567164179,32,0.012568735271013355,0.0,0.0,0.0,-0.0009230576676366601,1.4170677711918875,-0.03636363636363636,0.5818181818181818,0.22669465418389176
ARL8A,6201,0.0020964360587002098,13,0.0020964360587002098,0.0,0.0,0.0,2546,0.003142183817753339,8,0.003142183817753339,0.0,0.0,0.0,0.001045747759053129,1.4988216810683426,0.0,0.6153846153846154,0.22371786039084546
PCP4,6201,0.0020964360587002098,13,0.0020964360587002098,0.0,0.0,0.0,2546,0.003142183817753339,8,0.003142183817753339,0.0,0.0,0.0,0.001045747759053129,1.4988216810683426,0.0,0.6153846153846154,0.22371786039084546
GPC4,6201,0.009675858732462506,65,0.010482180293501049,0.0,0.0,0.0,2546,0.014532600157109192,38,0.014925373134328358,0.0,0.0,0.02631578947368421,0.004856741424646685,1.4238805970149253,0.02631578947368421,0.5846153846153846,0.2233951586749971
PLCL1,6201,0.025157232704402517,195,0.031446540880503145,0.0,0.0,0.0,2546,0.04124116260801257,106,0.041633935585231735,0.0,0.0,0.05660377358490566,0.01608392990361005,1.3239591516103693,0.05660377358490566,0.5435897435897435,0.22281278500402435
P2RY1,6201,0.008063215610385421,54,0.008708272859216255,0.0,0.0,0.0,2546,0.012175962293794187,33,0.012961508248232521,0.0,0.0,0.0,0.004112746683408766,1.4884131971720347,0.0,0.6111111111111112,0.22261080324507465
C8A,6201,0.014029995162070633,114,0.018384131591678763,0.0,0.0,0.0,2546,0.02631578947368421,67,0.02631578947368421,0.0,0.0,0.014925373134328358,0.012285794311613576,1.431440443213296,0.014925373134328358,0.5877192982456141,0.2225478436016572
FASLG,6201,0.008063215610385421,55,0.008869537171423964,0.0,0.0,0.0,2546,0.011390416339355853,30,0.01178318931657502,0.0,0.0,0.06666666666666667,0.0033272007289704315,1.3285010354923945,0.06666666666666667,0.5454545454545454,0.22207141497951435
IRAK2,6201,0.008869537171423964,67,0.010804708917916465,0.0,0.0,0.0,2546,0.015318146111547526,39,0.015318146111547526,0.0,0.0,0.02564102564102564,0.006448608940123562,1.4177287169806898,0.02564102564102564,0.582089552238806,0.22177100677687522
LPCAT3,6201,0.005482986615062087,36,0.005805515239477504,0.0,0.0,0.0,2546,0.00864100549882168,22,0.00864100549882168,0.0,0.0,0.0,0.0031580188837595936,1.4884131971720345,0.0,0.6111111111111112,0.22165607544542537
CD69,6201,0.0032252862441541686,21,0.003386550556361877,0.0,0.0,0.0,2546,0.00432050274941084,11,0.00432050274941084,0.0,0.0,0.09090909090909091,0.0010952165052566716,1.2757827404331723,0.09090909090909091,0.5238095238095238,0.22118118181051932
TRIM10,6201,0.009998387356877922,67,0.010804708917916465,0.0,0.0,0.0,2546,0.015318146111547526,39,0.015318146111547526,0.0,0.0,0.02564102564102564,0.005319758754669604,1.4177287169806898,0.02564102564102564,0.582089552238806,0.22064215659142125
LPIN2,6201,0.01128850185453959,72,0.011611030478955007,0.0,0.0,0.0,2546,0.016496465043205028,42,0.016496465043205028,0.0,0.0,0.023809523809523808,0.005207963188665439,1.420758051846033,0.023809523809523808,0.5833333333333334,0.21995104212047983
PPIB,6201,0.002902757619738752,18,0.002902757619738752,0.0,0.0,0.0,2546,0.00432050274941084,11,0.00432050274941084,0.0,0.0,0.0,0.0014177451296720884,1.4884131971720345,0.0,0.6111111111111112,0.21991580169133784
CSF2RB,6201,0.01741654571843251,129,0.02080309627479439,0.0,0.0,0.0,2546,0.029065200314218383,74,0.029065200314218383,0.0,0.0,0.02702702702702703,0.011648654595785873,1.3971574197555674,0.02702702702702703,0.5736434108527132,0.2198121280155856
ANPEP,6201,0.018867924528301886,136,0.021931946460248347,0.0,0.0,0.0,2546,0.030243519245875882,80,0.031421838177533384,0.0,0.0,0.0125,0.011375594717573996,1.4326971951388567,0.0125,0.5882352941176471,0.2197290128106953
MMP10,6201,0.0077406869859700045,51,0.00822447992259313,0.0,0.0,0.0,2546,0.01178318931657502,31,0.012175962293794187,0.0,0.0,0.0,0.004042502330605015,1.480453768310152,0.0,0.6078431372549019,0.21933683630318493
PPA1,6201,0.0035478148685695854,24,0.0038703434929850023,0.0,0.0,0.0,2546,0.002356637863315004,6,0.002356637863315004,0.0,0.0,0.0,-0.0011911770052545814,0.6088963079340142,0.0,0.25,0.2187899366695273
COL4A1,6201,0.02789872601193356,231,0.03725205611998065,0.0,0.0,0.004329004329004329,2546,0.05027494108405342,135,0.05302435192458759,0.0,0.75,0.0,0.02237621507211986,1.423393966598994,-0.004329004329004329,0.5844155844155844,0.21872706201029896
GNMT,6201,0.002902757619738752,20,0.0032252862441541686,0.0,0.0,0.0,2546,0.0019638648860958365,5,0.0019638648860958365,0.0,0.0,0.0,-0.0009388927336429153,0.6088963079340142,0.0,0.25,0.21853765239791564
LUM,6201,0.009837123044670215,72,0.011611030478955007,0.0,0.0,0.0,2546,0.015710919088766692,40,0.015710919088766692,0.0,0.0,0.05,0.005873796044096477,1.3531029065200313,0.05,0.5555555555555556,0.21846145845072418
ABCA4,6201,0.0325753910659571,281,0.04531527173036607,0.0,0.0,0.0,2546,0.0600942655145326,155,0.06087981146897094,0.0,1.0,0.03225806451612903,0.027518874448575495,1.3434722808508497,0.03225806451612903,0.5516014234875445,0.21826346861679585
DYNLL2,6201,0.0012901144976616675,8,0.0012901144976616675,0.0,0.0,0.0,2546,0.0007855459544383347,2,0.0007855459544383347,0.0,0.0,0.0,-0.0005045685432233328,0.6088963079340142,0.0,0.25,0.21810332820749606
ATOX1,6201,0.0006450572488308337,4,0.0006450572488308337,0.0,0.0,0.0,2546,0.00039277297721916735,1,0.00039277297721916735,0.0,0.0,0.0,-0.0002522842716116664,0.6088963079340142,0.0,0.25,0.2178510439358844
IL1A,6201,0.004515400741815836,28,0.004515400741815836,0.0,0.0,0.0,2546,0.005106048703849175,13,0.005106048703849175,0.0,0.0,0.15384615384615385,0.000590647962033339,1.130807429020312,0.15384615384615385,0.4642857142857143,0.2177906037963534
GPX3,6201,0.0004837929366231253,4,0.0006450572488308337,0.0,0.0,0.0,2546,0.00039277297721916735,1,0.00039277297721916735,0.0,0.0,0.0,-9.101995940395793e-05,0.6088963079340142,0.0,0.25,0.2176897796236767
CYBB,6201,0.009675858732462506,67,0.010804708917916465,0.0,0.0,0.0,2546,0.014139827179890024,37,0.014532600157109192,0.0,0.0,0.05405405405405406,0.004463968447427517,1.3450246802124493,0.05405405405405406,0.5522388059701493,0.21766676839524818
LRP1,6201,0.0477342364134817,415,0.066924689566199,0.0,0.0,0.0,2546,0.08326787117046347,235,0.09230164964650432,0.0,1.0,0.00851063829787234,0.03553363475698177,1.37918681797102,0.00851063829787234,0.5662650602409639,0.21765584867331197
HRG,6201,0.011449766166747298,78,0.012578616352201259,0.0,0.0,0.0,2546,0.018460329929300863,47,0.018460329929300863,0.0,0.0,0.0,0.007010563762553565,1.4675962293794185,0.0,0.6025641025641025,0.21710787350300362
ADCY2,6201,0.029188840509595228,206,0.03322044831478794,0.0,0.0,0.0,2546,0.045168892380204245,117,0.04595443833464258,0.0,0.0,0.02564102564102564,0.015980051870609017,1.383317825791838,0.02564102564102564,0.5679611650485437,0.21696745830756023
KRT13,6201,0.010482180293501049,69,0.011127237542331882,0.0,0.0,0.0,2546,0.014925373134328358,40,0.015710919088766692,0.0,0.0,0.025,0.004443192840827309,1.4119334676730761,0.025,0.5797101449275363,0.21672470688191114
COL1A1,6201,0.020158039025963553,157,0.025318497016610222,0.0,0.0,0.0,2546,0.03377847604084839,90,0.03534956794972506,0.0,0.0,0.022222222222222223,0.013620437014884836,1.396195355772262,0.022222222222222223,0.5732484076433121,0.21657768973529523
GSTK1,6201,0.0035478148685695854,23,0.003709079180777294,0.0,0.0,0.0,2546,0.003927729772191673,14,0.0054988216810683424,0.0,0.0,0.0,0.0003799149036220876,1.4825301410567302,0.0,0.6086956521739131,0.21651099261974113
PTHLH,6201,0.0043541364296081275,31,0.004999193678438961,0.0,0.0,0.0,2546,0.006677140612725845,17,0.006677140612725845,0.0,0.0,0.058823529411764705,0.002323004183117717,1.3356435141778376,0.058823529411764705,0.5483870967741935,0.21628680112346443
KCNN4,6201,0.00612804386389292,43,0.006934365424931463,0.0,0.0,0.0,2546,0.009819324430479183,26,0.01021209740769835,0.0,0.0,0.0,0.003691280566586262,1.4726794424450576,0.0,0.6046511627906976,0.21584645719430437
VEGFC,6201,0.01225608772778584,88,0.014191259474278342,0.0,0.0,0.0,2546,0.020031421838177535,51,0.020031421838177535,0.0,0.0,0.0196078431372549,0.007775334110391694,1.4115323502106694,0.0196078431372549,0.5795454545454546,0.21449837209897094
MYOM2,6201,0.031124012256087727,247,0.039832285115303984,0.0,0.0,0.0,2546,0.05420267085624509,142,0.05577376276512176,0.0,1.0,0.007042253521126761,0.023078658600157363,1.4002149915243727,0.007042253521126761,0.5748987854251012,0.21253204470502987
APLP1,6201,0.01451378809869376,107,0.0172552814062248,0.0,0.0,0.0,2546,0.020816967792615867,64,0.02513747054202671,0.0,0.0,0.0,0.006303179693922108,1.4567986432813798,0.0,0.5981308411214953,0.21201513704831773
MERTK,6201,0.015803902596355425,120,0.019351717464925013,0.0,0.0,0.0,2546,0.025530243519245877,66,0.025923016496465043,0.0,0.0,0.045454545454545456,0.009726340922890452,1.339571877454831,0.045454545454545456,0.55,0.21200166009554322
GMPPA,6201,0.006611836800516046,45,0.00725689404934688,0.0,0.0,0.0,2546,0.010604870384917517,27,0.010604870384917517,0.0,0.0,0.0,0.003993033584401471,1.4613511390416338,0.0,0.6,0.2115562957025758
KLK1,6201,0.00516045799064667,35,0.005644250927269795,0.0,0.0,0.0,2546,0.008248232521602514,21,0.008248232521602514,0.0,0.0,0.0,0.003087774530955844,1.461351139041634,0.0,0.6,0.21065103664913018
RAE1,6201,0.005482986615062087,35,0.005644250927269795,0.0,0.0,0.0,2546,0.008248232521602514,21,0.008248232521602514,0.0,0.0,0.0,0.0027652459065404273,1.461351139041634,0.0,0.6,0.21032850802471476
ICAM2,6201,0.0043541364296081275,30,0.004837929366231253,0.0,0.0,0.0,2546,0.007069913589945012,18,0.007069913589945012,0.0,0.0,0.0,0.0027157771603368843,1.4613511390416338,0.0,0.6,0.21027903927851122
CDA,6201,0.0024189646831156266,20,0.0032252862441541686,0.0,0.0,0.0,2546,0.004713275726630008,12,0.004713275726630008,0.0,0.0,0.0,0.0022943110435143816,1.461351139041634,0.0,0.6,0.2098575731616887
RSAD2,6201,0.006611836800516046,43,0.006934365424931463,0.0,0.0,0.0,2546,0.009426551453260016,24,0.009426551453260016,0.0,0.0,0.041666666666666664,0.0028147146527439703,1.3593964084108223,0.041666666666666664,0.5581395348837209,0.20974002793707885
PCOLCE2,6201,0.009192065795839382,63,0.010159651669085631,0.0,0.0,0.0,2546,0.01335428122545169,34,0.01335428122545169,0.0,0.0,0.058823529411764705,0.004162215429612308,1.3144428234766021,0.058823529411764705,0.5396825396825397,0.20900754184768058
RABIF,6201,0.0016126431220770843,10,0.0016126431220770843,0.0,0.0,0.0,2546,0.002356637863315004,6,0.002356637863315004,0.0,0.0,0.0,0.0007439947412379198,1.461351139041634,0.0,0.6,0.20830725685941226
BCL2L1,6201,0.0032252862441541686,20,0.0032252862441541686,0.0,0.0,0.0,2546,0.003927729772191673,12,0.004713275726630008,0.0,0.0,0.0,0.0007024435280375044,1.461351139041634,0.0,0.6,0.20826570564621183
NME1,6201,0.0016126431220770843,10,0.0016126431220770843,0.0,0.0,0.0,2546,0.001178318931657502,6,0.002356637863315004,0.0,0.0,0.0,-0.00043432419041958227,1.461351139041634,0.0,0.6,0.2079975863085939
NCAN,6201,0.02177068214804064,170,0.027414933075310434,0.0,0.0,0.0,2546,0.036920659858601726,96,0.037706205813040065,0.0,0.0,0.020833333333333332,0.015149977710561088,1.3753893073333026,0.020833333333333332,0.5647058823529412,0.20799747341450248
FXYD1,6201,0.0008063215610385422,5,0.0008063215610385422,0.0,0.0,0.0,2546,0.001178318931657502,3,0.001178318931657502,0.0,0.0,0.0,0.0003719973706189599,1.461351139041634,0.0,0.6,0.2079352594887933
SLIT1,6201,0.019996774713755845,154,0.0248347040799871,0.0,0.0,0.0,2546,0.03456402199528672,90,0.03534956794972506,0.0,0.0,0.0,0.014567247281530877,1.423393966598994,0.0,0.5844155844155844,0.20658908989070565
GPAM,6201,0.010159651669085631,79,0.012739880664408966,0.0,0.0,0.0,2546,0.01728201099764336,45,0.01767478397486253,0.0,0.0,0.022222222222222223,0.00712235932855773,1.387358676305349,0.022222222222222223,0.569620253164557,0.20638499944106364
FFAR2,6201,0.006289308176100629,42,0.006773101112723754,0.0,0.0,0.0,2546,0.009819324430479183,25,0.009819324430479183,0.0,0.0,0.0,0.0035300162543785533,1.449753114128605,0.0,0.5952380952380952,0.20637008543003066
NOS2,6201,0.018061602967263345,147,0.02370585389453314,0.0,0.0,0.0,2546,0.032992930086410056,84,0.032992930086410056,0.0,0.0,0.011904761904761904,0.014931327119146711,1.391762989563461,0.011904761904761904,0.5714285714285714,0.20571965501248218
DDX60,6201,0.01951298177713272,158,0.02547976132881793,0.0,0.0,0.0,2546,0.032992930086410056,87,0.034171249018067555,0.0,0.0,0.034482758620689655,0.013479948309277335,1.3411133870951704,0.034482758620689655,0.5506329113924051,0.20544214903056326
FST,6201,0.006289308176100629,40,0.006450572488308337,0.0,0.0,0.0,2546,0.007855459544383346,20,0.007855459544383346,0.0,0.0,0.1,0.0015661513682827168,1.2177926158680283,0.1,0.5,0.2049313548547106
ZNFX1,6201,0.021931946460248347,158,0.02547976132881793,0.0,0.0,0.0,2546,0.03377847604084839,89,0.034956794972505895,0.0,0.0,0.02247191011235955,0.011846529580600042,1.3719435799019561,0.02247191011235955,0.5632911392405063,0.20488095410953247
TNFRSF21,6201,0.010804708917916465,71,0.011449766166747298,0.0,0.0,0.0,2546,0.016496465043205028,42,0.016496465043205028,0.0,0.0,0.0,0.0056917561252885635,1.440768728632597,0.0,0.5915492957746479,0.20485761797004493
IDO1,6201,0.00725689404934688,49,0.007901951298177712,0.0,0.0,0.0,2546,0.011390416339355853,29,0.011390416339355853,0.0,0.0,0.0,0.004133522290008973,1.441468810619299,0.0,0.5918367346938775,0.2035861714882572
GPD1,6201,0.005805515239477504,42,0.006773101112723754,0.0,0.0,0.0,2546,0.005106048703849175,25,0.009819324430479183,0.0,0.0,0.0,-0.0006994665356283283,1.449753114128605,0.0,0.5952380952380952,0.20353953571128044
PRELID3B,6201,0.0,0,0.0,0.0,0.0,0.0,2546,0.003142183817753339,10,0.003927729772191673,0.0,0.0,0.2,0.003142183817753339,,0.2,,0.20314218381775334
ACSM3,6201,0.009837123044670215,67,0.010804708917916465,0.0,0.0,0.0,2546,0.013747054202670856,36,0.014139827179890024,0.0,0.0,0.05555555555555555,0.0039099311580006405,1.3086726618283289,0.05555555555555555,0.5373134328358209,0.2029910602693171
CDK6,6201,0.004031607805192711,27,0.0043541364296081275,0.0,0.0,0.0,2546,0.006284367635506678,16,0.006284367635506678,0.0,0.0,0.0,0.002252759830313967,1.4433097669547004,0.0,0.5925925925925926,0.20245916127887448
CYP1A2,6201,0.012094823415578132,85,0.013707466537655217,0.0,0.0,0.011764705882352941,2546,0.018067556952081697,49,0.0192458758837392,0.0,0.0,0.0,0.005972733536503565,1.4040432512360796,-0.011764705882352941,0.5764705882352941,0.2017422667327917
CALB2,6201,0.004837929366231253,39,0.006289308176100629,0.0,0.0,0.0,2546,0.009033778476040848,23,0.009033778476040848,0.0,0.0,0.0,0.004195849109809595,1.4363707776904948,0.0,0.5897435897435898,0.20155821440563002
GPR182,6201,0.005644250927269795,39,0.006289308176100629,0.0,0.0,0.0,2546,0.009033778476040848,23,0.009033778476040848,0.0,0.0,0.0,0.0033895275487710536,1.4363707776904948,0.0,0.5897435897435898,0.20075189284459147
CCDC28A,6201,0.006289308176100629,42,0.006773101112723754,0.0,0.0,0.0,2546,0.009033778476040848,23,0.009033778476040848,0.0,0.0,0.043478260869565216,0.002744470299940219,1.3337728649983167,0.043478260869565216,0.5476190476190477,0.2005617639707929
PRDX6,6201,0.0035478148685695854,22,0.0035478148685695854,0.0,0.0,0.0,2546,0.005106048703849175,13,0.005106048703849175,0.0,0.0,0.0,0.0015582338352795899,1.4392094551167607,0.0,0.5909090909090909,0.20008504627850626
SIAH2,6201,0.00612804386389292,42,0.006773101112723754,0.0,0.0,0.023809523809523808,2546,0.009426551453260016,24,0.009426551453260016,0.0,0.0,0.041666666666666664,0.003298507589367096,1.3917629895634611,0.017857142857142856,0.5714285714285714,0.20003921643508366
CYP4F11,6201,0.013868730849862926,104,0.016771488469601678,0.0,0.0,0.0,2546,0.02199528672427337,59,0.023173605655930872,0.0,0.0,0.01694915254237288,0.008126555874410444,1.3817262372348782,0.01694915254237288,0.5673076923076923,0.1997540623927692
L3MBTL4,6201,0.013062409288824383,96,0.015481373971940009,0.0,0.0,0.020833333333333332,2546,0.018853102906520033,56,0.02199528672427337,0.0,0.0,0.017857142857142856,0.005790693617695649,1.420758051846033,-0.002976190476190476,0.5833333333333334,0.19970043921617672
RHOD,6201,0.0032252862441541686,22,0.0035478148685695854,0.0,0.0,0.0,2546,0.003927729772191673,13,0.005106048703849175,0.0,0.0,0.0,0.0007024435280375044,1.4392094551167607,0.0,0.5909090909090909,0.19922925597126417
BACH1,6201,0.010159651669085631,78,0.012578616352201259,0.0,0.0,0.0,2546,0.015710919088766692,40,0.015710919088766692,0.0,0.0,0.075,0.005551267419681061,1.249018067556952,0.075,0.5128205128205128,0.19789779340044428
RAP2B,6201,0.0027414933075310434,17,0.0027414933075310434,0.0,0.0,0.0,2546,0.003927729772191673,10,0.003927729772191673,0.0,0.0,0.0,0.0011862364646606297,1.4326971951388567,0.0,0.5882352941176471,0.1970396545577819
YWHAZ,6201,0.0027414933075310434,17,0.0027414933075310434,0.0,0.0,0.0,2546,0.003927729772191673,10,0.003927729772191673,0.0,0.0,0.0,0.0011862364646606297,1.4326971951388567,0.0,0.5882352941176471,0.1970396545577819
IDH1,6201,0.07111756168359942,444,0.07160135462022255,0.0,1.0,0.0,2546,0.04870384917517675,124,0.04870384917517675,0.0,0.0,0.0,-0.022413712508422674,0.6802084881425022,0.0,0.27927927927927926,0.19664300726815614
SOCS2,6201,0.0038703434929850023,27,0.0043541364296081275,0.0,0.0,0.0,2546,0.0054988216810683424,14,0.0054988216810683424,0.0,0.0,0.07142857142857142,0.0016284781880833402,1.2628960460853627,0.07142857142857142,0.5185185185185185,0.19655529832307178
MSMB,6201,0.0017739074342847927,19,0.00306402193194646,0.0,0.0,0.0,2546,0.0027494108405341712,7,0.0027494108405341712,0.0,0.0,0.14285714285714285,0.0009755034062493785,0.8973208748501261,0.14285714285714285,0.3684210526315789,0.1965370015977014
KEL,6201,0.021931946460248347,161,0.025963554265441058,0.0,0.0,0.0,2546,0.031029065200314218,88,0.03456402199528672,0.0,0.0,0.03409090909090909,0.009097118740065871,1.3312515552346147,0.03409090909090909,0.546583850931677,0.1964461188055635
EEF1E1,6201,0.0027414933075310434,17,0.0027414933075310434,0.0,0.0,0.0,2546,0.003142183817753339,8,0.003142183817753339,0.0,0.0,0.125,0.0004006905102222954,1.1461577561110856,0.125,0.47058823529411764,0.19593266315827562
ADH5,6201,0.0041928721174004195,27,0.0043541364296081275,0.0,0.0,0.0,2546,0.005106048703849175,14,0.0054988216810683424,0.0,0.0,0.07142857142857142,0.0009131765864487558,1.2628960460853627,0.07142857142857142,0.5185185185185185,0.1958399967214372
PLPP1,6201,0.0,0,0.0,0.0,0.0,0.0,2546,0.005106048703849175,21,0.008248232521602514,0.0,0.0,0.19047619047619047,0.005106048703849175,,0.19047619047619047,,0.19558223918003964
BCAN,6201,0.019190453152717304,138,0.022254475084663765,0.0,0.0,0.007246376811594203,2546,0.030243519245875882,77,0.030243519245875882,0.0,0.0,0.025974025974025976,0.011053066093158578,1.3589859626353358,0.018727649162431772,0.5579710144927537,0.1948653845461812
PCK1,6201,0.01435252378648605,119,0.019190453152717304,0.0,0.0,0.0,2546,0.02513747054202671,65,0.025530243519245877,0.0,0.0,0.03076923076923077,0.01078494675554066,1.3303616812003671,0.03076923076923077,0.5462184873949579,0.19443048047880884
NXT1,6201,0.0019351717464925011,15,0.0024189646831156266,0.0,0.0,0.0,2546,0.0015710919088766694,4,0.0015710919088766694,0.0,0.0,0.0,-0.00036407983761583174,0.6494893951296151,0.0,0.26666666666666666,0.19304547787412668
PTGER4,6201,0.00822447992259313,55,0.008869537171423964,0.0,0.0,0.0,2546,0.01178318931657502,32,0.012568735271013355,0.0,0.0,0.0,0.003558709393981889,1.4170677711918875,0.0,0.5818181818181818,0.19296666954660063
GPRC5C,6201,0.008547008547008548,55,0.008869537171423964,0.0,0.0,0.0,2546,0.01178318931657502,32,0.012568735271013355,0.0,0.0,0.0,0.0032361807695664713,1.4170677711918875,0.0,0.5818181818181818,0.1926441409221852
WDR33,6201,0.01967424608934043,141,0.022738268021286888,0.0,0.0,0.0,2546,0.02788688138256088,72,0.028279654359780047,0.0,0.0,0.06944444444444445,0.00821263529322045,1.2437030970567098,0.06944444444444445,0.5106382978723404,0.19263756839494706
ARG2,6201,0.0038703434929850023,24,0.0038703434929850023,0.0,0.0,0.0,2546,0.0054988216810683424,14,0.0054988216810683424,0.0,0.0,0.0,0.0016284781880833402,1.420758051846033,0.0,0.5833333333333334,0.19256203331037394
TOR1AIP2,6201,0.006934365424931463,43,0.006934365424931463,0.0,0.0,0.0,2546,0.009819324430479183,25,0.009819324430479183,0.0,0.0,0.0,0.0028849590055477197,1.4160379254279398,0.0,0.5813953488372093,0.19186675600586697
S100A13,6201,0.0019351717464925011,12,0.0019351717464925011,0.0,0.0,0.0,2546,0.0027494108405341712,7,0.0027494108405341712,0.0,0.0,0.0,0.0008142390940416701,1.420758051846033,0.0,0.5833333333333334,0.19174779421633226
MSN,6201,0.010482180293501049,71,0.011449766166747298,0.0,0.0,0.0,2546,0.015710919088766692,41,0.01610369206598586,0.0,0.0,0.0,0.005228738795265643,1.4064647112842015,0.0,0.5774647887323944,0.19024030397202307
KCNJ2,6201,0.010159651669085631,67,0.010804708917916465,0.0,0.0,0.0,2546,0.013747054202670856,37,0.014532600157109192,0.0,0.0,0.02702702702702703,0.0035874025335852246,1.3450246802124493,0.02702702702702703,0.5522388059701493,0.18976317545437885
CYP8B1,6201,0.008547008547008548,68,0.010965973230124174,0.0,0.0,0.0,2546,0.014532600157109192,39,0.015318146111547526,0.0,0.0,0.0,0.005985591610100644,1.3968797652603855,0.0,0.5735294117647058,0.1870062047355136
IL2RA,6201,0.00612804386389292,45,0.00725689404934688,0.0,0.0,0.0,2546,0.007069913589945012,26,0.01021209740769835,0.0,0.0,0.0,0.0009418697260520914,1.4072270227808328,0.0,0.5777777777777777,0.18627016125136614
CS,6201,0.005805515239477504,40,0.006450572488308337,0.0,0.0,0.0,2546,0.009033778476040848,23,0.009033778476040848,0.0,0.0,0.0,0.0032282632365633447,1.4004615082482326,0.0,0.575,0.18574209664761465
SUCLG1,6201,0.005805515239477504,40,0.006450572488308337,0.0,0.0,0.0,2546,0.00864100549882168,23,0.009033778476040848,0.0,0.0,0.0,0.0028354902593441767,1.4004615082482326,0.0,0.575,0.1853493236703955
QSOX1,6201,0.010804708917916465,73,0.011772294791162716,0.0,0.0,0.0,2546,0.015318146111547526,40,0.015710919088766692,0.0,0.0,0.025,0.004513437193631061,1.3345672502663322,0.025,0.547945205479452,0.18419279878676695
MYL4,6201,0.002902757619738752,22,0.0035478148685695854,0.0,0.0,0.0,2546,0.003142183817753339,8,0.003142183817753339,0.0,0.0,0.125,0.00023942619801458698,0.8856673569949297,0.125,0.36363636363636365,0.18410481297270337
PDHA2,6201,0.017900338655055636,121,0.01951298177713272,0.0,0.0,0.0,2546,0.02631578947368421,67,0.02631578947368421,0.0,0.0,0.014925373134328358,0.008415450818628573,1.348629839060461,0.014925373134328358,0.5537190082644629,0.1840257543026445
RACK1,6201,0.0,0,0.0,0.0,0.0,0.0,2546,0.006677140612725845,17,0.006677140612725845,0.0,0.0,0.17647058823529413,0.006677140612725845,,0.17647058823529413,,0.18314772884801997
UGT2B17,6201,0.009192065795839382,68,0.010965973230124174,0.0,0.0,0.0,2546,0.006677140612725845,21,0.008248232521602514,0.0,0.0,0.047619047619047616,-0.002514925183113537,0.7521660274478998,0.047619047619047616,0.3088235294117647,0.1824284008127237
ME1,6201,0.010482180293501049,72,0.011611030478955007,0.0,0.0,0.0,2546,0.015710919088766692,41,0.01610369206598586,0.0,0.0,0.0,0.005228738795265643,1.3869304791830321,0.0,0.5694444444444444,0.1820897804016589
PRKCB,6201,0.019351717464925013,133,0.02144815352362522,0.0,0.0,0.0,2546,0.02945797329143755,75,0.02945797329143755,0.0,0.0,0.0,0.010106255826512537,1.3734503186481524,0.0,0.5639097744360902,0.18130380237278537
UPB1,6201,0.006450572488308337,47,0.0075794226737622965,0.0,0.0,0.02127659574468085,2546,0.01021209740769835,26,0.01021209740769835,0.0,0.0,0.038461538461538464,0.0037615249193900134,1.3473450218114356,0.017184942716857613,0.5531914893617021,0.18108419859958835
LLGL2,6201,0.01435252378648605,109,0.01757781003064022,0.0,0.0,0.0,2546,0.022780832678711706,58,0.022780832678711706,0.0,0.0,0.034482758620689655,0.008428308892225655,1.2959994811072595,0.034482758620689655,0.5321100917431193,0.1809321394116841
NECTIN1,6201,0.0,0,0.0,0.0,0.0,0.0,2546,0.016889238020424194,43,0.016889238020424194,0.0,0.0,0.16279069767441862,0.016889238020424194,,0.16279069767441862,,0.1796799356948428
FABP4,6201,0.0009675858732462506,7,0.001128850185453959,0.0,0.0,0.0,2546,0.0015710919088766694,4,0.0015710919088766694,0.0,0.0,0.0,0.0006035060356304188,1.391762989563461,0.0,0.5714285714285714,0.179487072024204
RPS10,6201,0.001128850185453959,7,0.001128850185453959,0.0,0.0,0.0,2546,0.0015710919088766694,4,0.0015710919088766694,0.0,0.0,0.0,0.0004422417234227103,1.391762989563461,0.0,0.5714285714285714,0.1793258077119963
PDLIM1,6201,0.004837929366231253,37,0.0059667795516852125,0.0,0.0,0.0,2546,0.008248232521602514,21,0.008248232521602514,0.0,0.0,0.0,0.003410303155371261,1.382359185579924,0.0,0.5675675675675675,0.1783543737558907
MAN1A1,6201,0.009998387356877922,72,0.011611030478955007,0.0,0.0,0.0,2546,0.014139827179890024,39,0.015318146111547526,0.0,0.0,0.02564102564102564,0.004141439823012101,1.3192753338570307,0.02564102564102564,0.5416666666666666,0.17789006569287735
NFYB,6201,0.0027414933075310434,18,0.002902757619738752,0.0,0.0,0.0,2546,0.0019638648860958365,5,0.0019638648860958365,0.0,0.0,0.0,-0.0007776284214352069,0.6765514532600156,0.0,0.2777777777777778,0.17718583164837126
RPL18,6201,0.002902757619738752,21,0.003386550556361877,0.0,0.0,0.0,2546,0.003142183817753339,10,0.003927729772191673,0.0,0.0,0.1,0.00023942619801458698,1.1598024913028842,0.1,0.47619047619047616,0.17710902394169567
TPH1,6201,0.008547008547008548,58,0.009353330108047089,0.0,0.0,0.0,2546,0.012175962293794187,31,0.012175962293794187,0.0,0.0,0.03225806451612903,0.0036289537467856393,1.3017783135140992,0.03225806451612903,0.5344827586206896,0.17642184167730085
YWHAE,6201,0.005321722302854378,35,0.005644250927269795,0.0,0.0,0.0,2546,0.007069913589945012,18,0.007069913589945012,0.0,0.0,0.05555555555555555,0.0017481912870906339,1.2525866906071148,0.05555555555555555,0.5142857142857142,0.17623576243852992
NPHS1,6201,0.022415739396871474,173,0.02789872601193356,0.0,0.0,0.0,2546,0.036920659858601726,94,0.036920659858601726,0.0,0.0,0.010638297872340425,0.014504920461730252,1.323381571001094,0.010638297872340425,0.5433526011560693,0.17501973593024417
LCT,6201,0.03580067731011127,306,0.04934687953555878,0.0,0.0,0.0032679738562091504,2546,0.06284367635506677,163,0.06402199528672427,0.0,1.0,0.012269938650306749,0.027042999044955496,1.2973869044868536,0.009001964794097598,0.5326797385620915,0.17467013184701852
CHST1,6201,0.01451378809869376,100,0.016126431220770843,0.0,0.0,0.0,2546,0.02199528672427337,56,0.02199528672427337,0.0,0.0,0.0,0.00748149862557961,1.3639277297721917,0.0,0.56,0.17465884597982312
SYT13,6201,0.0077406869859700045,53,0.008547008547008548,0.0,0.0,0.0,2546,0.00864100549882168,30,0.01178318931657502,0.0,0.0,0.0,0.0009003185128516758,1.378633150039277,0.0,0.5660377358490566,0.17427915395283913
TM4SF1,6201,0.003709079180777294,23,0.003709079180777294,0.0,0.0,0.0,2546,0.005106048703849175,13,0.005106048703849175,0.0,0.0,0.0,0.0013969695230718815,1.3766351309812495,0.0,0.5652173913043478,0.17393546576134467
ABCB1,6201,0.03322044831478794,257,0.041444928237381065,0.0,0.0,0.0,2546,0.03260015710919089,140,0.05498821681068342,0.0,0.0,0.02142857142857143,-0.0006202912055970483,1.3267779472492136,0.02142857142857143,0.5447470817120622,0.17338613736726402
SKAP2,6201,0.005644250927269795,39,0.006289308176100629,0.0,0.0,0.0,2546,0.007462686567164179,22,0.00864100549882168,0.0,0.0,0.0,0.0018184356398943842,1.373919874312647,0.0,0.5641025641025641,0.17321379935522732
POLQ,6201,0.03160780519271085,233,0.03757458474439607,0.0,0.0,0.004291845493562232,2546,0.04673998428908091,124,0.04870384917517675,0.0,0.0,0.024193548387096774,0.01513217909637006,1.2961912821256267,0.019901702893534542,0.5321888412017167,0.17313848744743338
DRAM1,6201,0.004837929366231253,32,0.00516045799064667,0.0,0.0,0.0,2546,0.003534956794972506,9,0.003534956794972506,0.0,0.0,0.0,-0.0013029725712587472,0.6850083464257659,0.0,0.28125,0.17267963597073985
SH3BGR,6201,0.004676665054023544,32,0.00516045799064667,0.0,0.0,0.0,2546,0.003534956794972506,9,0.003534956794972506,0.0,0.0,0.0,-0.0011417082590510384,0.6850083464257659,0.0,0.28125,0.17251837165853215
CD40LG,6201,0.005644250927269795,41,0.006611836800516046,0.0,0.0,0.0,2546,0.009033778476040848,23,0.009033778476040848,0.0,0.0,0.0,0.0033895275487710536,1.3663039104860804,0.0,0.5609756097560976,0.17157155336042348
SLPI,6201,0.0024189646831156266,16,0.002580228995323335,0.0,0.0,0.0,2546,0.003534956794972506,9,0.003534956794972506,0.0,0.0,0.0,0.0011159921118568793,1.3700166928515318,0.0,0.5625,0.17086581007141766
DOCK2,6201,0.03999354942751169,327,0.052733430091920656,0.0,0.0,0.0,2546,0.06323644933228594,173,0.06794972505891594,0.0,1.0,0.011560693641618497,0.023242899904774246,1.2885512082273327,0.011560693641618497,0.5290519877675841,0.1695753701759688
HSPA8,6201,0.011611030478955007,79,0.012739880664408966,0.0,0.0,0.0,2546,0.016889238020424194,44,0.01728201099764336,0.0,0.0,0.0,0.005278207541469187,1.3565284834985631,0.0,0.5569620253164557,0.16932058149511447
PGRMC1,6201,0.003709079180777294,25,0.004031607805192711,0.0,0.0,0.0,2546,0.0054988216810683424,14,0.0054988216810683424,0.0,0.0,0.0,0.0017897425002910486,1.3639277297721917,0.0,0.56,0.16896708985453454
RDH16,6201,0.005805515239477504,41,0.006611836800516046,0.0,0.0,0.0,2546,0.006284367635506678,23,0.009033778476040848,0.0,0.0,0.0,0.00047885239602917396,1.3663039104860804,0.0,0.5609756097560976,0.1686608782076816
INSL5,6201,0.0038703434929850023,25,0.004031607805192711,0.0,0.0,0.0,2546,0.005106048703849175,14,0.0054988216810683424,0.0,0.0,0.0,0.001235705210864173,1.3639277297721917,0.0,0.56,0.16841305256510766
SERPING1,6201,0.009998387356877922,68,0.010965973230124174,0.0,0.0,0.0,2546,0.014139827179890024,36,0.014139827179890024,0.0,0.0,0.027777777777777776,0.004141439823012101,1.289427475624971,0.027777777777777776,0.5294117647058824,0.16707381270500432
RNASEL,6201,0.01241735203999355,84,0.013546202225447508,0.0,0.0,0.011904761904761904,2546,0.016496465043205028,42,0.016496465043205028,0.0,0.0,0.07142857142857142,0.0040791130032114785,1.2177926158680283,0.05952380952380952,0.5,0.16696812601344885
FBN2,6201,0.04902435091114336,399,0.06434446057087566,0.0,0.0,0.0,2546,0.0758051846032993,204,0.08012568735271014,0.0,1.0,0.024509803921568627,0.026780833692155934,1.2452616222409916,0.024509803921568627,0.5112781954887218,0.16696550697763335
LAMA1,6201,0.0477342364134817,398,0.06418319625866796,0.0,0.0,0.002512562814070352,2546,0.07619795758051846,211,0.0828750981932443,0.0,1.0,0.004739336492890996,0.028463721167036764,1.2912273464731354,0.002226773678820644,0.5301507537688442,0.16663094743582285
DAPP1,6201,0.0059667795516852125,41,0.006611836800516046,0.0,0.0,0.0,2546,0.008248232521602514,21,0.008248232521602514,0.0,0.0,0.047619047619047616,0.0022814529699173016,1.2474948747916388,0.047619047619047616,0.5121951219512195,0.16656952698589259
KRT31,6201,0.010159651669085631,70,0.01128850185453959,0.0,0.0,0.0,2546,0.014532600157109192,37,0.014532600157109192,0.0,0.0,0.02702702702702703,0.0043729484880235606,1.2873807653462015,0.02702702702702703,0.5285714285714286,0.16566018732529986
DYNC1H1,6201,0.04160619254958878,362,0.058377681019190455,0.0,0.0,0.0,2546,0.06677140612725845,188,0.07384131971720345,0.0,1.0,0.015957446808510637,0.025165213577669668,1.2648895678629242,0.015957446808510637,0.5193370165745856,0.16550148166221557
ATP6V0E1,6201,0.001128850185453959,7,0.001128850185453959,0.0,0.0,0.0,2546,0.0007855459544383347,2,0.0007855459544383347,0.0,0.0,0.0,-0.0003433042310156244,0.6958814947817304,0.0,0.2857142857142857,0.1652878232223353
SRSF2,6201,0.003709079180777294,27,0.0043541364296081275,0.0,0.0,0.0,2546,0.00589159465828751,15,0.00589159465828751,0.0,0.0,0.0,0.0021825154775102157,1.3531029065200315,0.0,0.5555555555555556,0.16477017788413803
ARF1,6201,0.004031607805192711,27,0.0043541364296081275,0.0,0.0,0.0,2546,0.00589159465828751,15,0.00589159465828751,0.0,0.0,0.0,0.001859986853094799,1.3531029065200315,0.0,0.5555555555555556,0.1644476492597226
PPIF,6201,0.0024189646831156266,18,0.002902757619738752,0.0,0.0,0.0,2546,0.003927729772191673,10,0.003927729772191673,0.0,0.0,0.0,0.0015087650890760465,1.3531029065200313,0.0,0.5555555555555556,0.16409642749570374
RAB9A,6201,0.002580228995323335,18,0.002902757619738752,0.0,0.0,0.0,2546,0.003927729772191673,10,0.003927729772191673,0.0,0.0,0.0,0.001347500776868338,1.3531029065200313,0.0,0.5555555555555556,0.16393516318349605
GPR65,6201,0.007901951298177712,58,0.009353330108047089,0.0,0.0,0.0,2546,0.012175962293794187,32,0.012568735271013355,0.0,0.0,0.0,0.004274010995616475,1.343771162337135,0.0,0.5517241379310345,0.16288807039533576
COL1A2,6201,0.031446540880503145,242,0.03902596355426544,0.0,0.0,0.0,2546,0.04870384917517675,125,0.049096622152395915,0.0,0.0,0.024,0.017257308294673604,1.2580502230041615,0.024,0.5165289256198347,0.1626118354664649
NABP1,6201,0.0027414933075310434,18,0.002902757619738752,0.0,0.0,0.0,2546,0.0027494108405341712,10,0.003927729772191673,0.0,0.0,0.0,7.917533003127825e-06,1.3531029065200313,0.0,0.5555555555555556,0.16259557993963084
UBE2L6,6201,0.0027414933075310434,18,0.002902757619738752,0.0,0.0,0.0,2546,0.0027494108405341712,10,0.003927729772191673,0.0,0.0,0.0,7.917533003127825e-06,1.3531029065200313,0.0,0.5555555555555556,0.16259557993963084
MEP1B,6201,0.009514594420254797,78,0.012578616352201259,0.0,0.0,0.0,2546,0.01610369206598586,41,0.01610369206598586,0.0,0.0,0.024390243902439025,0.006589097645731061,1.2802435192458756,0.024390243902439025,0.5256410256410257,0.16211440493793375
ACKR3,6201,0.010159651669085631,78,0.012578616352201259,0.0,0.0,0.01282051282051282,2546,0.016496465043205028,42,0.016496465043205028,0.0,0.0,0.023809523809523808,0.006336813374119397,1.3114689709347997,0.010989010989010988,0.5384615384615384,0.16206188438021044
MAPK1,6201,0.0059667795516852125,38,0.00612804386389292,0.0,0.0,0.0,2546,0.008248232521602514,21,0.008248232521602514,0.0,0.0,0.0,0.0022814529699173016,1.3459813122751891,0.0,0.5526315789473685,0.16183805682742688
NR0B2,6201,0.0041928721174004195,29,0.004676665054023544,0.0,0.0,0.0,2546,0.006284367635506678,16,0.006284367635506678,0.0,0.0,0.0,0.002091495518106258,1.343771162337135,0.0,0.5517241379310345,0.16070555491782554
LIFR,6201,0.021286889211417512,181,0.029188840509595228,0.0,0.0,0.0,2546,0.031421838177533384,89,0.034956794972505895,0.0,0.0,0.056179775280898875,0.010134948966115873,1.1976082078702157,0.056179775280898875,0.49171270718232046,0.16053713440358292
CTSE,6201,0.007901951298177712,54,0.008708272859216255,0.0,0.0,0.0,2546,0.007069913589945012,28,0.010997643362136685,0.0,0.0,0.03571428571428571,-0.0008320377082327007,1.2628960460853627,0.03571428571428571,0.5185185185185185,0.16004457212893541
MYH4,6201,0.0477342364134817,395,0.06369940332204484,0.0,0.0,0.0,2546,0.04281225451688924,118,0.046347211311861744,0.0,0.0,0.00847457627118644,-0.004921981896592459,0.7275925502401384,0.00847457627118644,0.29873417721518986,0.15981488883443123
SEC61A1,6201,0.0059667795516852125,40,0.006450572488308337,0.0,0.0,0.0,2546,0.00864100549882168,22,0.00864100549882168,0.0,0.0,0.0,0.002674225947136468,1.339571877454831,0.0,0.55,0.15949499966524378
SAMHD1,6201,0.010159651669085631,67,0.010804708917916465,0.0,0.0,0.0,2546,0.01335428122545169,35,0.013747054202670856,0.0,0.0,0.02857142857142857,0.0031946295563660583,1.2723206434442087,0.02857142857142857,0.5223880597014925,0.1594204967455962
CDKN2A,6201,0.030640219319464604,193,0.031124012256087727,0.0,0.0,0.0,2546,0.02356637863315004,76,0.029850746268656716,0.0,0.0,0.13157894736842105,-0.007073840686314566,0.9590905575748202,0.13157894736842105,0.39378238341968913,0.15931960429147676
VWA5A,6201,0.013062409288824383,95,0.015320109659732302,0.0,0.0,0.0,2546,0.0192458758837392,50,0.019638648860958365,0.0,0.0,0.02,0.006183466594914816,1.2818869640716086,0.02,0.5263157894736842,0.1580390025370671
FAM162A,6201,0.0032252862441541686,20,0.0032252862441541686,0.0,0.0,0.0,2546,0.00432050274941084,11,0.00432050274941084,0.0,0.0,0.0,0.0010952165052566716,1.339571877454831,0.0,0.55,0.157915990223364
SFN,6201,0.0038703434929850023,29,0.004676665054023544,0.0,0.0,0.0,2546,0.0054988216810683424,14,0.0054988216810683424,0.0,0.0,0.07142857142857142,0.0016284781880833402,1.175799767044993,0.07142857142857142,0.4827586206896552,0.15730617499517935
MXRA5,6201,0.053055958716336074,496,0.07998709885502338,0.0,1.0,0.0,2546,0.08798114689709348,253,0.09937156323644933,0.0,1.0,0.007905138339920948,0.034925188180757405,1.2423448863492386,0.007905138339920948,0.5100806451612904,0.15720528855230004
HLA-E,6201,0.004999193678438961,31,0.004999193678438961,0.0,0.0,0.0,2546,0.006677140612725845,17,0.006677140612725845,0.0,0.0,0.0,0.0016779469342868836,1.3356435141778376,0.0,0.5483870967741935,0.1568182144628689
DPYD,6201,0.025963554265441058,205,0.033059184002580226,0.0,0.0,0.0,2546,0.037706205813040065,101,0.0396700706991359,0.0,0.0,0.04950495049504951,0.011742651547599008,1.199971260513862,0.04950495049504951,0.4926829268292683,0.15654471835885636
PDK3,6201,0.0059667795516852125,40,0.006450572488308337,0.0,0.0,0.0,2546,0.007855459544383346,20,0.007855459544383346,0.0,0.0,0.05,0.0018886799926981336,1.2177926158680283,0.05,0.5,0.155253883479126
KRT19,6201,0.006450572488308337,44,0.007095629737139171,0.0,0.0,0.0,2546,0.009426551453260016,24,0.009426551453260016,0.0,0.0,0.0,0.002975978964951679,1.3285010354923945,0.0,0.5454545454545454,0.15505352654882895
CPT1A,6201,0.01435252378648605,95,0.015320109659732302,0.0,0.0,0.0,2546,0.018460329929300863,48,0.018853102906520033,0.0,0.0,0.041666666666666664,0.004107806142814812,1.2306114855087444,0.041666666666666664,0.5052631578947369,0.1549030488815319
CYP46A1,6201,0.009675858732462506,70,0.01128850185453959,0.0,0.0,0.0,2546,0.014925373134328358,38,0.014925373134328358,0.0,0.0,0.0,0.005249514401865852,1.322174840085288,0.0,0.5428571428571428,0.15460651147728202
CXCL9,6201,0.003386550556361877,22,0.0035478148685695854,0.0,0.0,0.0,2546,0.004713275726630008,12,0.004713275726630008,0.0,0.0,0.0,0.0013267251702681311,1.3285010354923945,0.0,0.5454545454545454,0.1534042727541454
BUB3,6201,0.0035478148685695854,22,0.0035478148685695854,0.0,0.0,0.0,2546,0.004713275726630008,12,0.004713275726630008,0.0,0.0,0.0,0.0011654608580604227,1.3285010354923945,0.0,0.5454545454545454,0.1532430084419377
SLC35D1,6201,0.004837929366231253,31,0.004999193678438961,0.0,0.0,0.0,2546,0.00589159465828751,15,0.00589159465828751,0.0,0.0,0.06666666666666667,0.0010536652920562564,1.178508983098092,0.06666666666666667,0.4838709677419355,0.15321384149012127
HTR1D,6201,0.0077406869859700045,53,0.008547008547008548,0.0,0.0,0.0,2546,0.01021209740769835,27,0.010604870384917517,0.0,0.0,0.037037037037037035,0.002471410421728346,1.2407698350353493,0.037037037037037035,0.5094339622641509,0.15318075007764423
GLRX,6201,0.0016126431220770843,11,0.0017739074342847927,0.0,0.0,0.0,2546,0.002356637863315004,6,0.002356637863315004,0.0,0.0,0.0,0.0007439947412379198,1.3285010354923945,0.0,0.5454545454545454,0.1528215423251152
HPRT1,6201,0.0016126431220770843,11,0.0017739074342847927,0.0,0.0,0.0,2546,0.002356637863315004,6,0.002356637863315004,0.0,0.0,0.0,0.0007439947412379198,1.3285010354923945,0.0,0.5454545454545454,0.1528215423251152
SLC31A1,6201,0.0016126431220770843,11,0.0017739074342847927,0.0,0.0,0.0,2546,0.002356637863315004,6,0.002356637863315004,0.0,0.0,0.0,0.0007439947412379198,1.3285010354923945,0.0,0.5454545454545454,0.1528215423251152
IFITM1,6201,0.0016126431220770843,11,0.0017739074342847927,0.0,0.0,0.0,2546,0.0019638648860958365,6,0.002356637863315004,0.0,0.0,0.0,0.0003512217640187522,1.3285010354923945,0.0,0.5454545454545454,0.152428769347896
KIF5B,6201,0.010804708917916465,79,0.012739880664408966,0.0,0.0,0.0,2546,0.014139827179890024,37,0.014532600157109192,0.0,0.0,0.08108108108108109,0.003335118261973559,1.1407171338510647,0.08108108108108109,0.46835443037974683,0.1524099009564953
DCN,6201,0.010643444605708756,73,0.011772294791162716,0.0,0.0,0.0,2546,0.010997643362136685,38,0.014925373134328358,0.0,0.0,0.02631578947368421,0.000354198756427929,1.2678388877530158,0.02631578947368421,0.5205479452054794,0.15235015386647832
FABP5,6201,0.001451378809869376,9,0.001451378809869376,0.0,0.0,0.1111111111111111,2546,0.0015710919088766694,4,0.0015710919088766694,0.0,0.0,0.0,0.00011971309900729349,1.0824823252160252,-0.1111111111111111,0.4444444444444444,0.15164425138179213
NAP1L2,6201,0.011611030478955007,87,0.014029995162070633,0.0,0.0,0.0,2546,0.015318146111547526,39,0.015318146111547526,0.0,0.0,0.10256410256410256,0.0037071156325925187,1.091814069398922,0.10256410256410256,0.4482758620689655,0.15115570292927286
COPB1,6201,0.011772294791162716,83,0.0133849379132398,0.0,0.0,0.0,2546,0.016496465043205028,43,0.016889238020424194,0.0,0.0,0.023255813953488372,0.004724170252042312,1.2618092164415715,0.023255813953488372,0.5180722891566265,0.15099783491842797
GLIPR1,6201,0.005805515239477504,37,0.0059667795516852125,0.0,0.0,0.0,2546,0.00432050274941084,11,0.00432050274941084,0.0,0.0,0.0,-0.0014850124900666634,0.7240929067323411,0.0,0.2972972972972973,0.14993113204456104
SLC25A20,6201,0.003709079180777294,24,0.0038703434929850023,0.0,0.0,0.0,2546,0.005106048703849175,13,0.005106048703849175,0.0,0.0,0.0,0.0013969695230718815,1.3192753338570307,0.0,0.5416666666666666,0.1495045697519115
HBD,6201,0.005644250927269795,37,0.0059667795516852125,0.0,0.0,0.0,2546,0.007855459544383346,20,0.007855459544383346,0.0,0.0,0.0,0.0022112086171135513,1.3165325576951656,0.0,0.5405405405405406,0.14913550852546342
C3,6201,0.03209159812933398,275,0.04434768585711982,0.0,0.0,0.0,2546,0.05341712490180676,138,0.05420267085624509,0.0,1.0,0.021739130434782608,0.021325526772472778,1.222220952653003,0.021739130434782608,0.5018181818181818,0.1484246015587699
FRK,6201,0.009675858732462506,74,0.011933559103370425,0.0,0.0,0.0,2546,0.013747054202670856,36,0.014139827179890024,0.0,0.0,0.05555555555555555,0.004071195470208349,1.1848793019256492,0.05555555555555555,0.4864864864864865,0.14804015809432505
TRIM21,6201,0.007418158361554588,52,0.008385744234800839,0.0,0.0,0.0,2546,0.010604870384917517,28,0.010997643362136685,0.0,0.0,0.0,0.003186712023362929,1.3114689709347995,0.0,0.5384615384615384,0.14792277204044288
MMP13,6201,0.010482180293501049,76,0.01225608772778584,0.0,0.0,0.0,2546,0.014925373134328358,39,0.015318146111547526,0.0,0.0,0.02564102564102564,0.004443192840827309,1.2498397899698186,0.02564102564102564,0.5131578947368421,0.1477960471452202
MTHFD2,6201,0.0038703434929850023,26,0.0041928721174004195,0.0,0.0,0.0,2546,0.0054988216810683424,14,0.0054988216810683424,0.0,0.0,0.0,0.0016284781880833402,1.3114689709347995,0.0,0.5384615384615384,0.1463645382051633
SERPINA5,6201,0.009353330108047089,73,0.011772294791162716,0.0,0.0,0.0,2546,0.015318146111547526,39,0.015318146111547526,0.0,0.0,0.0,0.005964816003500437,1.301203069009674,0.0,0.5342465753424658,0.14624969510587874
RHOB,6201,0.004031607805192711,26,0.0041928721174004195,0.0,0.0,0.0,2546,0.0054988216810683424,14,0.0054988216810683424,0.0,0.0,0.0,0.0014672138758756318,1.3114689709347995,0.0,0.5384615384615384,0.1462032738929556
ACVRL1,6201,0.009192065795839382,63,0.010159651669085631,0.0,0.0,0.0,2546,0.01178318931657502,32,0.012568735271013355,0.0,0.0,0.03125,0.0025911235207356376,1.2371226573897431,0.03125,0.5079365079365079,0.145884455163526
PGK1,6201,0.005644250927269795,37,0.0059667795516852125,0.0,0.0,0.0,2546,0.007069913589945012,18,0.007069913589945012,0.0,0.0,0.05555555555555555,0.001425662662675217,1.1848793019256492,0.05555555555555555,0.4864864864864865,0.14539462528679192
CSRNP2,6201,0.005644250927269795,37,0.0059667795516852125,0.0,0.0,0.0,2546,0.007069913589945012,18,0.007069913589945012,0.0,0.0,0.05555555555555555,0.001425662662675217,1.1848793019256492,0.05555555555555555,0.4864864864864865,0.14539462528679192
ID1,6201,0.0020964360587002098,13,0.0020964360587002098,0.0,0.0,0.0,2546,0.0027494108405341712,7,0.0027494108405341712,0.0,0.0,0.0,0.0006529747818339615,1.3114689709347995,0.0,0.5384615384615384,0.1453890347989139
SELE,6201,0.014191259474278342,112,0.018061602967263345,0.0,0.0,0.0,2546,0.0204241948153967,54,0.021209740769835034,0.0,0.0,0.05555555555555555,0.0062329353411183595,1.17430002244417,0.05555555555555555,0.48214285714285715,0.14534809431808535
NDUFB3,6201,0.0016126431220770843,10,0.0016126431220770843,0.0,0.0,0.0,2546,0.001178318931657502,3,0.001178318931657502,0.0,0.0,0.0,-0.00043432419041958227,0.730675569520817,0.0,0.3,0.14506966985379002
ZBTB16,6201,0.014997581035316884,112,0.018061602967263345,0.0,0.0,0.0,2546,0.018067556952081697,60,0.02356637863315004,0.0,0.0,0.0,0.0030699759167648125,1.3047778027157444,0.0,0.5357142857142857,0.14490706920472604
IL5,6201,0.001128850185453959,10,0.0016126431220770843,0.0,0.0,0.0,2546,0.001178318931657502,3,0.001178318931657502,0.0,0.0,0.0,4.946874620354296e-05,0.730675569520817,0.0,0.3,0.14468481440957398
HEBP1,6201,0.0027414933075310434,17,0.0027414933075310434,0.0,0.0,0.0,2546,0.0027494108405341712,7,0.0027494108405341712,0.0,0.0,0.14285714285714285,7.917533003127825e-06,1.0028880365971997,0.14285714285714285,0.4117647058823529,0.1443080370969204
GJA5,6201,0.009514594420254797,67,0.010804708917916465,0.0,0.0,0.0,2546,0.012568735271013355,32,0.012568735271013355,0.0,0.0,0.0625,0.0030541408507585577,1.163264588291848,0.0625,0.47761194029850745,0.1440254244648455
CST8,6201,0.004031607805192711,28,0.004515400741815836,0.0,0.0,0.0,2546,0.00589159465828751,15,0.00589159465828751,0.0,0.0,0.0,0.001859986853094799,1.3047778027157444,0.0,0.5357142857142857,0.14369708014105603
ELOA,6201,0.0,0,0.0,0.0,0.0,0.0,2546,0.022780832678711706,58,0.022780832678711706,0.0,0.0,0.1206896551724138,0.022780832678711706,,0.1206896551724138,,0.1434704878511255
HSPA9,6201,0.008547008547008548,54,0.008708272859216255,0.0,0.0,0.018518518518518517,2546,0.010604870384917517,28,0.010997643362136685,0.0,0.0,0.03571428571428571,0.002057861837908969,1.2628960460853627,0.017195767195767195,0.5185185185185185,0.14275187774009318
U2AF1,6201,0.005321722302854378,33,0.005321722302854378,0.0,0.0,0.0,2546,0.003927729772191673,10,0.003927729772191673,0.0,0.0,0.0,-0.001393992530662705,0.738056130829108,0.0,0.30303030303030304,0.1417738505496397
CDCP1,6201,0.014029995162070633,104,0.016771488469601678,0.0,0.0,0.0,2546,0.021209740769835034,55,0.021602513747054203,0.0,0.0,0.0,0.007179745607764401,1.2880498821681068,0.0,0.5288461538461539,0.14173243997461799
PLCB4,6201,0.028382518948556684,241,0.03886469924205773,0.0,0.0,0.0,2546,0.03456402199528672,122,0.047918303220738416,0.0,0.0,0.02459016393442623,0.006181503046730038,1.2329518600489582,0.02459016393442623,0.5062240663900415,0.1409489006272122
TGIF2,6201,0.0043541364296081275,30,0.004837929366231253,0.0,0.0,0.0,2546,0.00589159465828751,16,0.006284367635506678,0.0,0.0,0.0,0.001537458228679382,1.2989787902592302,0.0,0.5333333333333333,0.1408552977696537
PLVAP,6201,0.011449766166747298,87,0.014029995162070633,0.0,0.0,0.0,2546,0.01767478397486253,46,0.018067556952081697,0.0,0.0,0.0,0.006225017808115232,1.287780697239754,0.0,0.5287356321839081,0.140660057063403
GABRA3,6201,0.012901144976616674,92,0.014836316723109175,0.0,0.0,0.0,2546,0.016496465043205028,43,0.016889238020424194,0.0,0.0,0.06976744186046512,0.0035953200665883537,1.1383713583114177,0.06976744186046512,0.4673913043478261,0.14026007313916167
PANX1,6201,0.006289308176100629,45,0.00725689404934688,0.0,0.0,0.022222222222222223,2546,0.009033778476040848,23,0.009033778476040848,0.0,0.0,0.043478260869565216,0.002744470299940219,1.244854673998429,0.021256038647342993,0.5111111111111111,0.13949411430071745
SH3GL2,6201,0.00725689404934688,49,0.007901951298177712,0.0,0.0,0.0,2546,0.01021209740769835,26,0.01021209740769835,0.0,0.0,0.0,0.002955203358351471,1.2923513474517854,0.0,0.5306122448979592,0.1393861028572661
FBN1,6201,0.03999354942751169,353,0.05692630220932108,0.0,0.0,0.0,2546,0.06323644933228594,175,0.06873527101335428,0.0,1.0,0.017142857142857144,0.023242899904774246,1.2074431035518693,0.017142857142857144,0.49575070821529743,0.13907345549606634
STC1,6201,0.0075794226737622965,49,0.007901951298177712,0.0,0.0,0.0,2546,0.01021209740769835,26,0.01021209740769835,0.0,0.0,0.0,0.002632674733936054,1.2923513474517854,0.0,0.5306122448979592,0.13906357423285068
DSC1,6201,0.018706660216094177,152,0.02451217545557168,0.0,0.0,0.0,2546,0.02670856245090338,70,0.02749410840534171,0.0,0.0,0.07142857142857142,0.008001902234809202,1.1216510935626576,0.07142857142857142,0.4605263157894737,0.13847789638444585
ABCB11,6201,0.01951298177713272,172,0.02773746169972585,0.0,0.0,0.0,2546,0.031421838177533384,82,0.03220738413197172,0.0,0.0,0.04878048780487805,0.011908856400400663,1.1611510988509106,0.04878048780487805,0.47674418604651164,0.13818315952671378
REG1A,6201,0.009030801483631673,64,0.01032091598129334,0.0,0.0,0.03125,2546,0.008248232521602514,21,0.008248232521602514,0.0,0.0,0.0,-0.0007825689620291586,0.7991764041633935,-0.03125,0.328125,0.13785074257184077
PCLO,6201,0.0956297371391711,1111,0.17916465086276406,0.0,1.0,0.0,2546,0.13786331500392773,416,0.1633935585231736,0.0,1.0,0.05048076923076923,0.042233577864756636,0.9119743081927989,0.05048076923076923,0.37443744374437443,0.1377251502541982
METAP1,6201,0.004676665054023544,34,0.005482986615062087,0.0,0.0,0.0,2546,0.007069913589945012,18,0.007069913589945012,0.0,0.0,0.0,0.0023932485359214675,1.289427475624971,0.0,0.5294117647058824,0.13754784364013592
MPO,6201,0.015803902596355425,110,0.017739074342847928,0.0,0.0,0.0,2546,0.02199528672427337,56,0.02199528672427337,0.0,0.0,0.017857142857142856,0.006191384127917945,1.2399342997929015,0.017857142857142856,0.509090909090909,0.13734788141232038
RGS1,6201,0.005321722302854378,39,0.006289308176100629,0.0,0.0,0.0,2546,0.0054988216810683424,14,0.0054988216810683424,0.0,0.0,0.07142857142857142,0.0001770993782139645,0.8743126472898664,0.07142857142857142,0.358974358974359,0.13651084726627583
SIT1,6201,0.002580228995323335,17,0.0027414933075310434,0.0,0.0,0.0,2546,0.003534956794972506,9,0.003534956794972506,0.0,0.0,0.0,0.0009547277996491709,1.289427475624971,0.0,0.5294117647058824,0.13610932290386363
PLAC8,6201,0.002580228995323335,17,0.0027414933075310434,0.0,0.0,0.0,2546,0.003534956794972506,9,0.003534956794972506,0.0,0.0,0.0,0.0009547277996491709,1.289427475624971,0.0,0.5294117647058824,0.13610932290386363
SAMD9,6201,0.02967263344621835,255,0.04112239961296565,0.0,0.0,0.0,2546,0.04320502749410841,116,0.04556166535742341,0.0,0.0,0.06896551724137931,0.013532394047890056,1.1079524975740493,0.06896551724137931,0.4549019607843137,0.13506782679687596
NEUROD1,6201,0.01225608772778584,80,0.012901144976616674,0.0,0.0,0.0,2546,0.016496465043205028,42,0.016496465043205028,0.0,0.0,0.0,0.004240377315419187,1.2786822466614298,0.0,0.525,0.13469051064680895
SERPINA10,6201,0.012094823415578132,84,0.013546202225447508,0.0,0.0,0.0,2546,0.01728201099764336,44,0.01728201099764336,0.0,0.0,0.0,0.005187187582065229,1.2757827404331723,0.0,0.5238095238095238,0.134364061978237
MYH3,6201,0.02902757619738752,243,0.03918722786647315,0.0,0.0,0.0,2546,0.04556166535742341,121,0.04752553024351924,0.0,0.0,0.01652892561983471,0.016534089160035893,1.2127811236216577,0.01652892561983471,0.49794238683127573,0.1341659855721542
SPOP,6201,0.011127237542331882,74,0.011933559103370425,0.0,0.0,0.0,2546,0.014139827179890024,37,0.014532600157109192,0.0,0.0,0.02702702702702703,0.0030125896375581412,1.2177926158680283,0.02702702702702703,0.5,0.13340482015101301
ACTN3,6201,0.0,0,0.0,0.0,0.0,0.0,2546,0.02199528672427337,108,0.04241948153967007,0.0,0.0,0.1111111111111111,0.02199528672427337,,0.1111111111111111,,0.13310639783538447
SFMBT1,6201,0.009353330108047089,65,0.010482180293501049,0.0,0.0,0.0,2546,0.012568735271013355,34,0.01335428122545169,0.0,0.0,0.0,0.0032154051629662665,1.273998428908091,0.0,0.5230769230769231,0.131607929037587
ATP5F1B,6201,0.0,0,0.0,0.0,0.0,0.0,2546,0.006284367635506678,16,0.006284367635506678,0.0,0.0,0.125,0.006284367635506678,,0.125,,0.1312843676355067
DIO2,6201,0.007095629737139171,45,0.00725689404934688,0.0,0.0,0.0,2546,0.005106048703849175,14,0.0054988216810683424,0.0,0.0,0.0,-0.0019895810332899956,0.7577376276512175,0.0,0.3111111111111111,0.13110921826289185
ALB,6201,0.015320109659732302,113,0.018222867279471054,0.0,0.0,0.008849557522123894,2546,0.020816967792615867,54,0.021209740769835034,0.0,0.0,0.05555555555555555,0.0054968581328835656,1.163907986847319,0.04670599803343166,0.4778761061946903,0.13097151574544172
CH25H,6201,0.002902757619738752,21,0.003386550556361877,0.0,0.0,0.0,2546,0.00432050274941084,11,0.00432050274941084,0.0,0.0,0.0,0.0014177451296720884,1.2757827404331723,0.0,0.5238095238095238,0.13059461952584384
PA2G4,6201,0.006289308176100629,46,0.007418158361554588,0.0,0.0,0.0,2546,0.009426551453260016,24,0.009426551453260016,0.0,0.0,0.0,0.003137243277159387,1.2707401209057687,0.0,0.5217391304347826,0.13009588552146414
NF1,6201,0.05079825834542816,403,0.0649895178197065,0.0,1.0,0.0,2546,0.05341712490180676,191,0.07501963864886096,0.0,1.0,0.05235602094240838,0.0026188665563786004,1.1543344398550544,0.05235602094240838,0.4739454094292804,0.12930953817740876
SAMD9L,6201,0.028059990324141266,256,0.04128366392517336,0.0,0.0,0.00390625,2546,0.04673998428908091,121,0.04752553024351924,0.0,0.0,0.04132231404958678,0.018679993964939644,1.1511945821877454,0.03741606404958678,0.47265625,0.1289721849169293
ATP5PF,6201,0.0,0,0.0,0.0,0.0,0.0,2546,0.003142183817753339,16,0.006284367635506678,0.0,0.0,0.125,0.003142183817753339,,0.125,,0.12814218381775333
H2AJ,6201,0.0,0,0.0,0.0,0.0,0.0,2546,0.003142183817753339,8,0.003142183817753339,0.0,0.0,0.125,0.003142183817753339,,0.125,,0.12814218381775333
FOSL2,6201,0.00725689404934688,50,0.008063215610385421,0.0,0.0,0.0,2546,0.01021209740769835,26,0.01021209740769835,0.0,0.0,0.0,0.002955203358351471,1.2665043205027495,0.0,0.52,0.1280467204396754
SIK1,6201,0.008385744234800839,54,0.008708272859216255,0.0,0.0,0.0,2546,0.00589159465828751,17,0.006677140612725845,0.0,0.0,0.0,-0.0024941495765133295,0.7667583136946845,0.0,0.3148148148148148,0.12649492391575207
PENK,6201,0.01128850185453959,85,0.013707466537655217,0.0,0.0,0.011764705882352941,2546,0.01610369206598586,43,0.016889238020424194,0.0,0.0,0.023255813953488372,0.004815190211446269,1.2321195878194169,0.01149110807113543,0.5058823529411764,0.12611073957854993
MYH7,6201,0.03854217061764231,321,0.05176584421867441,0.0,0.0,0.006230529595015576,2546,0.056559308719560095,156,0.061272584446190104,0.0,1.0,0.02564102564102564,0.018017138101917782,1.1836488976661208,0.019410496046010063,0.48598130841121495,0.1252777374052976
LEPR,6201,0.02144815352362522,157,0.025318497016610222,0.0,0.0,0.0,2546,0.02788688138256088,77,0.030243519245875882,0.0,0.0,0.025974025974025976,0.0064387278589356604,1.194522693271824,0.025974025974025976,0.49044585987261147,0.1252301443416968
VWF,6201,0.04112239961296565,334,0.053862280277374615,0.0,0.0,0.0,2546,0.06087981146897094,162,0.0636292223095051,0.0,1.0,0.018518518518518517,0.01975741185600529,1.1813317591055124,0.018518518518518517,0.48502994011976047,0.12506433876519607
PGLYRP1,6201,0.003386550556361877,21,0.003386550556361877,0.0,0.0,0.047619047619047616,2546,0.003927729772191673,10,0.003927729772191673,0.0,0.0,0.0,0.000541179215829796,1.1598024913028842,-0.047619047619047616,0.47619047619047616,0.1250298245785585
PGK2,6201,0.016932752781809387,136,0.021931946460248347,0.0,0.0,0.0,2546,0.016889238020424194,45,0.01767478397486253,0.0,0.0,0.022222222222222223,-4.3514761385192446e-05,0.8058921722656069,0.022222222222222223,0.33088235294117646,0.12435816961047759
G3BP1,6201,0.008385744234800839,56,0.009030801483631673,0.0,0.0,0.017857142857142856,2546,0.010997643362136685,28,0.010997643362136685,0.0,0.0,0.03571428571428571,0.002611899127335846,1.2177926158680281,0.017857142857142856,0.5,0.12383424547090645
MARCHF2,6201,0.0,0,0.0,0.0,0.0,0.0,2546,0.007462686567164179,26,0.01021209740769835,0.0,0.0,0.11538461538461539,0.007462686567164179,,0.11538461538461539,,0.12284730195177956
RNASEH2A,6201,0.00516045799064667,33,0.005321722302854378,0.0,0.0,0.0,2546,0.006677140612725845,17,0.006677140612725845,0.0,0.0,0.0,0.0015166826220791747,1.2546954224094837,0.0,0.5151515151515151,0.12138439822668202
BDKRB2,6201,0.009514594420254797,69,0.011127237542331882,0.0,0.0,0.0,2546,0.009426551453260016,24,0.009426551453260016,0.0,0.0,0.041666666666666664,-8.80429669947811e-05,0.8471600806038457,0.041666666666666664,0.34782608695652173,0.12125252212912684
KNTC1,6201,0.022093210772456056,163,0.026286082889856476,0.0,0.0,0.0,2546,0.030636292223095052,81,0.03181461115475255,0.0,0.0,0.012345679012345678,0.008543081450638996,1.2103214955252795,0.012345679012345678,0.49693251533742333,0.12087955794087897
F11,6201,0.009998387356877922,76,0.01225608772778584,0.0,0.0,0.0,2546,0.014532600157109192,37,0.014532600157109192,0.0,0.0,0.02702702702702703,0.004534212800231269,1.185745441766238,0.02702702702702703,0.4868421052631579,0.1203709929116505
HMOX1,6201,0.005644250927269795,35,0.005644250927269795,0.0,0.0,0.0,2546,0.007069913589945012,18,0.007069913589945012,0.0,0.0,0.0,0.001425662662675217,1.2525866906071148,0.0,0.5142857142857142,0.12035767825855895
KLF9,6201,0.0035478148685695854,22,0.0035478148685695854,0.0,0.0,0.0,2546,0.0027494108405341712,7,0.0027494108405341712,0.0,0.0,0.0,-0.0007984040280354142,0.7749589373705634,0.0,0.3181818181818182,0.1201682958039327
HRAS,6201,0.011772294791162716,75,0.012094823415578132,0.0,0.0,0.0,2546,0.00864100549882168,24,0.009426551453260016,0.0,0.0,0.0,-0.0031312892923410357,0.7793872741555382,0.0,0.32,0.12000939281085772
NUP58,6201,0.0,0,0.0,0.0,0.0,0.0,2546,0.012175962293794187,56,0.02199528672427337,0.0,0.0,0.10714285714285714,0.012175962293794187,,0.10714285714285714,,0.11931881943665132
FGA,6201,0.02144815352362522,169,0.027253668763102725,0.0,0.0,0.0,2546,0.029065200314218383,78,0.030636292223095052,0.0,0.0,0.05128205128205128,0.007617046790593163,1.124116260801257,0.05128205128205128,0.46153846153846156,0.11910775611814735
DDB1,6201,0.015481373971940009,108,0.01741654571843251,0.0,0.0,0.0,2546,0.0204241948153967,55,0.021602513747054203,0.0,0.0,0.0,0.004942820843456692,1.2403443309766955,0.0,0.5092592592592593,0.11842521352290118
CXCL16,6201,0.0,0,0.0,0.0,0.0,0.0,2546,0.007069913589945012,18,0.007069913589945012,0.0,0.0,0.1111111111111111,0.007069913589945012,,0.1111111111111111,,0.11818102470105611
LYPD3,6201,0.004999193678438961,33,0.005321722302854378,0.0,0.0,0.030303030303030304,2546,0.006284367635506678,16,0.006284367635506678,0.0,0.0,0.0,0.0012851739570677164,1.180889809326573,-0.030303030303030304,0.48484848484848486,0.11817398663853386
ACSM1,6201,0.014675052410901468,110,0.017739074342847928,0.0,0.0,0.00909090909090909,2546,0.020816967792615867,53,0.020816967792615867,0.0,0.0,0.03773584905660377,0.006141915381714399,1.1735092480182818,0.02864493996569468,0.4818181818181818,0.11798270112196149
LY86,6201,0.003709079180777294,25,0.004031607805192711,0.0,0.0,0.0,2546,0.003142183817753339,8,0.003142183817753339,0.0,0.0,0.0,-0.0005668953630239551,0.7793872741555382,0.0,0.32,0.11744499888154064
EEF1B2,6201,0.004676665054023544,39,0.006289308176100629,0.0,0.0,0.0,2546,0.006284367635506678,18,0.007069913589945012,0.0,0.0,0.05555555555555555,0.0016077025814831333,1.124116260801257,0.05555555555555555,0.46153846153846156,0.11737191618254159
ENPEP,6201,0.023544589582325432,189,0.030478955007256895,0.0,0.0,0.0,2546,0.028672427336999214,94,0.036920659858601726,0.0,0.0,0.010638297872340425,0.0051278377546737815,1.2113492686941232,0.010638297872340425,0.4973544973544973,0.11622181312070254
ATP1B1,6201,0.0043541364296081275,28,0.004515400741815836,0.0,0.0,0.0,2546,0.003534956794972506,9,0.003534956794972506,0.0,0.0,0.0,-0.0008191796346356216,0.7828666816294467,0.0,0.32142857142857145,0.1157437960499984
KNL1,6201,0.0,0,0.0,0.0,0.0,0.0,2546,0.02749410840534171,136,0.05341712490180676,0.0,0.0,0.08823529411764706,0.02749410840534171,,0.08823529411764706,,0.11572940252298877
PLCB1,6201,0.02902757619738752,214,0.0345105628124496,0.0,0.0,0.004672897196261682,2546,0.036920659858601726,103,0.040455616653574236,0.0,0.0,0.02912621359223301,0.007893083661214207,1.1722676582654854,0.024453316395971328,0.48130841121495327,0.11497084522220252
PIKFYVE,6201,0.026124818577648767,206,0.03322044831478794,0.0,0.0,0.0,2546,0.03377847604084839,96,0.037706205813040065,0.0,0.0,0.041666666666666664,0.007653657463199622,1.1350300109061235,0.041666666666666664,0.46601941747572817,0.11465384678221821
SULT1B1,6201,0.0077406869859700045,51,0.00822447992259313,0.0,0.0,0.0,2546,0.009426551453260016,24,0.009426551453260016,0.0,0.0,0.041666666666666664,0.0016858644672900118,1.1461577561110856,0.041666666666666664,0.47058823529411764,0.11388450378201001
GUCY1B1,6201,0.0,0,0.0,0.0,0.0,0.0,2546,0.024351924587588374,258,0.10133542812254517,0.0,0.0,0.08914728682170543,0.024351924587588374,,0.08914728682170543,,0.11349921140929381
RPS6KA3,6201,0.009030801483631673,63,0.010159651669085631,0.0,0.0,0.0,2546,0.010604870384917517,28,0.010997643362136685,0.0,0.0,0.07142857142857142,0.0015740689012858442,1.0824823252160252,0.07142857142857142,0.4444444444444444,0.113416067501531
AOX1,6201,0.02144815352362522,165,0.026608611514271893,0.0,0.0,0.0,2546,0.029065200314218383,75,0.02945797329143755,0.0,0.0,0.05333333333333334,0.007617046790593163,1.107084196243662,0.05333333333333334,0.45454545454545453,0.11310829383617815
GBP4,6201,0.010482180293501049,81,0.013062409288824383,0.0,0.0,0.0,2546,0.014532600157109192,37,0.014532600157109192,0.0,0.0,0.05405405405405406,0.004050419863608143,1.1125512786942482,0.05405405405405406,0.4567901234567901,0.11285364725040718
SLC6A14,6201,0.010965973230124174,77,0.01241735203999355,0.0,0.0,0.0,2546,0.014532600157109192,37,0.014532600157109192,0.0,0.0,0.02702702702702703,0.003566626926985018,1.1703461503147286,0.02702702702702703,0.4805194805194805,0.11233314449913535
PLAU,6201,0.0,0,0.0,0.0,0.0,0.0,2546,0.01335428122545169,94,0.036920659858601726,0.0,0.0,0.09574468085106383,0.01335428122545169,,0.09574468085106383,,0.10909896207651552
GAD2,6201,0.015320109659732302,104,0.016771488469601678,0.0,0.0,0.0,2546,0.0204241948153967,52,0.0204241948153967,0.0,0.0,0.0,0.005104085155664399,1.2177926158680283,0.0,0.5,0.10846928864209227
P3H1,6201,0.0,0,0.0,0.0,0.0,0.0,2546,0.01728201099764336,44,0.01728201099764336,0.0,0.0,0.09090909090909091,0.01728201099764336,,0.09090909090909091,,0.10819110190673427
MYO1E,6201,0.012094823415578132,86,0.013868730849862926,0.0,0.0,0.0,2546,0.01610369206598586,43,0.016889238020424194,0.0,0.0,0.0,0.0040088686504077264,1.2177926158680281,0.0,0.5,0.10737407213683547
FKBP5,6201,0.007418158361554588,58,0.009353330108047089,0.0,0.0,0.0,2546,0.011390416339355853,29,0.011390416339355853,0.0,0.0,0.0,0.003972257977801265,1.2177926158680283,0.0,0.5,0.10733746146422912
TOGARAM1,6201,0.0,0,0.0,0.0,0.0,0.0,2546,0.024351924587588374,85,0.03338570306362922,0.0,0.0,0.08235294117647059,0.024351924587588374,,0.08235294117647059,,0.10670486576405896
TNFRSF11B,6201,0.010482180293501049,70,0.01128850185453959,0.0,0.0,0.0,2546,0.01335428122545169,35,0.013747054202670856,0.0,0.0,0.0,0.0028721009319506406,1.2177926158680283,0.0,0.5,0.1062373044183785
ABCC3,6201,0.02048056765037897,158,0.02547976132881793,0.0,0.0,0.0,2546,0.030243519245875882,78,0.030636292223095052,0.0,0.0,0.0,0.009762951595496911,1.2023775194646356,0.0,0.4936708860759494,0.10615323853977711
SERPINB2,6201,0.010159651669085631,74,0.011933559103370425,0.0,0.0,0.0,2546,0.012961508248232521,33,0.012961508248232521,0.0,0.0,0.06060606060606061,0.0028018565791468903,1.0861393600985116,0.06060606060606061,0.44594594594594594,0.10557589830623054
CLDN16,6201,0.007095629737139171,44,0.007095629737139171,0.0,0.0,0.0,2546,0.00864100549882168,22,0.00864100549882168,0.0,0.0,0.0,0.0015453757616825095,1.2177926158680281,0.0,0.5,0.10491057924811026
RB1,6201,0.026447347202064184,194,0.03128527656829544,0.0,0.0,0.0,2546,0.02749410840534171,74,0.029065200314218383,0.0,0.0,0.06756756756756757,0.001046761203277527,0.9290376657137535,0.06756756756756757,0.38144329896907214,0.10474024956685239
CD8B,6201,0.006934365424931463,44,0.007095629737139171,0.0,0.0,0.0,2546,0.008248232521602514,22,0.00864100549882168,0.0,0.0,0.0,0.0013138670966710512,1.2177926158680281,0.0,0.5,0.1046790705830988
METTL7B,6201,0.0043541364296081275,28,0.004515400741815836,0.0,0.0,0.0,2546,0.0054988216810683424,14,0.0054988216810683424,0.0,0.0,0.0,0.001144685251460215,1.2177926158680281,0.0,0.5,0.10450988873788797
F8,6201,0.034671827124657315,290,0.04676665054023545,0.0,0.0,0.0,2546,0.04831107619795758,132,0.051846032992930086,0.0,0.0,0.03787878787878788,0.013639249073300268,1.1086112089281361,0.03787878787878788,0.45517241379310347,0.10440039235402357
CALCB,6201,0.002580228995323335,18,0.002902757619738752,0.0,0.0,0.0,2546,0.003534956794972506,9,0.003534956794972506,0.0,0.0,0.0,0.0009547277996491709,1.2177926158680283,0.0,0.5,0.10431993128607703
TTR,6201,0.0027414933075310434,18,0.002902757619738752,0.0,0.0,0.0,2546,0.003534956794972506,9,0.003534956794972506,0.0,0.0,0.0,0.0007934634874414625,1.2177926158680283,0.0,0.5,0.10415866697386932
SERTAD3,6201,0.0035478148685695854,22,0.0035478148685695854,0.0,0.0,0.0,2546,0.00432050274941084,11,0.00432050274941084,0.0,0.0,0.0,0.0007726878808412547,1.2177926158680281,0.0,0.5,0.104137891367269
CSRP2,6201,0.0024189646831156266,16,0.002580228995323335,0.0,0.0,0.0,2546,0.003142183817753339,8,0.003142183817753339,0.0,0.0,0.0,0.0007232191346377122,1.2177926158680283,0.0,0.5,0.10408842262106557
PLAC1,6201,0.0032252862441541686,20,0.0032252862441541686,0.0,0.0,0.0,2546,0.003927729772191673,10,0.003927729772191673,0.0,0.0,0.0,0.0007024435280375044,1.2177926158680283,0.0,0.5,0.10406764701446536
CD59,6201,0.0017739074342847927,12,0.0019351717464925011,0.0,0.0,0.0,2546,0.002356637863315004,6,0.002356637863315004,0.0,0.0,0.0,0.0005827304290302114,1.2177926158680283,0.0,0.5,0.10394793391545808
STBD1,6201,0.0,0,0.0,0.0,0.0,0.0,2546,0.003927729772191673,10,0.003927729772191673,0.0,0.0,0.1,0.003927729772191673,,0.1,,0.10392772977219168
NECTIN2,6201,0.0,0,0.0,0.0,0.0,0.0,2546,0.012961508248232521,33,0.012961508248232521,0.0,0.0,0.09090909090909091,0.012961508248232521,,0.09090909090909091,,0.10387059915732344
TFF1,6201,0.002257700370907918,14,0.002257700370907918,0.0,0.0,0.0,2546,0.0027494108405341712,7,0.0027494108405341712,0.0,0.0,0.0,0.000491710469626253,1.2177926158680281,0.0,0.5,0.103856913956054
APOC3,6201,0.002257700370907918,14,0.002257700370907918,0.0,0.0,0.0,2546,0.0027494108405341712,7,0.0027494108405341712,0.0,0.0,0.0,0.000491710469626253,1.2177926158680281,0.0,0.5,0.103856913956054
CD151,6201,0.002257700370907918,14,0.002257700370907918,0.0,0.0,0.0,2546,0.0027494108405341712,7,0.0027494108405341712,0.0,0.0,0.0,0.000491710469626253,1.2177926158680281,0.0,0.5,0.103856913956054
GADD45G,6201,0.0019351717464925011,12,0.0019351717464925011,0.0,0.0,0.0,2546,0.002356637863315004,6,0.002356637863315004,0.0,0.0,0.0,0.00042146611682250296,1.2177926158680283,0.0,0.5,0.10378666960325036
DCTPP1,6201,0.0016126431220770843,10,0.0016126431220770843,0.0,0.0,0.0,2546,0.0019638648860958365,5,0.0019638648860958365,0.0,0.0,0.0,0.0003512217640187522,1.2177926158680283,0.0,0.5,0.10371642525044661
RPL39L,6201,0.0009675858732462506,6,0.0009675858732462506,0.0,0.0,0.0,2546,0.001178318931657502,3,0.001178318931657502,0.0,0.0,0.0,0.00021073305841125148,1.2177926158680283,0.0,0.5,0.10357593654483911
PTS,6201,0.0009675858732462506,6,0.0009675858732462506,0.0,0.0,0.0,2546,0.001178318931657502,3,0.001178318931657502,0.0,0.0,0.0,0.00021073305841125148,1.2177926158680283,0.0,0.5,0.10357593654483911
CCL17,6201,0.0006450572488308337,4,0.0006450572488308337,0.0,0.0,0.0,2546,0.0007855459544383347,2,0.0007855459544383347,0.0,0.0,0.0,0.00014048870560750095,1.2177926158680283,0.0,0.5,0.10350569219203536
CLPS,6201,0.0024189646831156266,16,0.002580228995323335,0.0,0.0,0.0,2546,0.002356637863315004,8,0.003142183817753339,0.0,0.0,0.0,-6.232681980062249e-05,1.2177926158680283,0.0,0.5,0.10342753030622848
ADGRE1,6201,0.0,0,0.0,0.0,0.0,0.0,2546,0.023173605655930872,215,0.08444619010212097,0.0,0.0,0.07906976744186046,0.023173605655930872,,0.07906976744186046,,0.10224337309779133
LAMB3,6201,0.02048056765037897,172,0.02773746169972585,0.0,0.0,0.0,2546,0.03181461115475255,82,0.03220738413197172,0.0,0.0,0.012195121951219513,0.01133404350437358,1.1611510988509106,0.012195121951219513,0.47674418604651164,0.10102298077702816
RPLP0,6201,0.005321722302854378,34,0.005482986615062087,0.0,0.0,0.029411764705882353,2546,0.006284367635506678,16,0.006284367635506678,0.0,0.0,0.0,0.0009626453326522996,1.1461577561110856,-0.029411764705882353,0.47058823529411764,0.10090638268658798
SPON1,6201,0.0,0,0.0,0.0,0.0,0.0,2546,0.0192458758837392,49,0.0192458758837392,0.0,0.0,0.08163265306122448,0.0192458758837392,,0.08163265306122448,,0.10087852894496369
BTG2,6201,0.004676665054023544,33,0.005321722302854378,0.0,0.0,0.0,2546,0.0027494108405341712,11,0.00432050274941084,0.0,0.0,0.0,-0.001927254213489373,0.8118617439120188,0.0,0.3333333333333333,0.10071953033296598
GZMK,6201,0.00725689404934688,48,0.0077406869859700045,0.0,0.0,0.0,2546,0.007069913589945012,18,0.007069913589945012,0.0,0.0,0.05555555555555555,-0.0001869804594018679,0.9133444619010213,0.05555555555555555,0.375,0.10003697860387654
MYH9,6201,0.030962747943880018,223,0.03596194162231898,0.0,0.0,0.004484304932735426,2546,0.04006284367635507,108,0.04241948153967007,0.0,0.0,0.009259259259259259,0.009100095732475052,1.1795659418273279,0.004774954326523833,0.484304932735426,0.09985361722165295
TARS1,6201,0.0,0,0.0,0.0,0.0,0.0,2546,0.020816967792615867,102,0.04006284367635507,0.0,0.0,0.0784313725490196,0.020816967792615867,,0.0784313725490196,,0.09924834034163547
PKIA,6201,0.002257700370907918,15,0.0024189646831156266,0.0,0.0,0.0,2546,0.0019638648860958365,5,0.0019638648860958365,0.0,0.0,0.0,-0.00029383548481208164,0.8118617439120188,0.0,0.3333333333333333,0.09908611160428869
SOCS5,6201,0.008385744234800839,65,0.010482180293501049,0.0,0.0,0.0,2546,0.012568735271013355,32,0.012568735271013355,0.0,0.0,0.0,0.004182991036212516,1.199057344854674,0.0,0.49230769230769234,0.0990645994054062
TIMM9,6201,0.0009675858732462506,6,0.0009675858732462506,0.0,0.0,0.0,2546,0.0007855459544383347,2,0.0007855459544383347,0.0,0.0,0.0,-0.00018203991880791587,0.8118617439120189,0.0,0.3333333333333333,0.09897431603828441
CXCR6,6201,0.0035478148685695854,24,0.0038703434929850023,0.0,0.0,0.041666666666666664,2546,0.00432050274941084,11,0.00432050274941084,0.0,0.0,0.0,0.0007726878808412547,1.1163098978790258,-0.041666666666666664,0.4583333333333333,0.09896613183440017
LSM2,6201,0.0004837929366231253,3,0.0004837929366231253,0.0,0.0,0.0,2546,0.00039277297721916735,1,0.00039277297721916735,0.0,0.0,0.0,-9.101995940395793e-05,0.8118617439120189,0.0,0.3333333333333333,0.09888329607888045
TIMM10,6201,0.0008063215610385422,6,0.0009675858732462506,0.0,0.0,0.0,2546,0.0007855459544383347,2,0.0007855459544383347,0.0,0.0,0.0,-2.077560660020746e-05,0.8118617439120189,0.0,0.3333333333333333,0.0988130517260767
TOMM70,6201,0.0,0,0.0,0.0,0.0,0.0,2546,0.014139827179890024,36,0.014139827179890024,0.0,0.0,0.08333333333333333,0.014139827179890024,,0.08333333333333333,,0.09747316051322336
AKAP4,6201,0.018061602967263345,134,0.02160941783583293,0.0,0.0,0.0,2546,0.014925373134328358,62,0.024351924587588374,0.0,0.0,0.03225806451612903,-0.0031362298329349874,1.1269125699077278,0.03225806451612903,0.4626865671641791,0.09691854427650734
NOTCH2,6201,0.03563941299790356,270,0.04354136429608128,0.0,0.0,0.007407407407407408,2546,0.04556166535742341,123,0.04831107619795758,0.0,0.0,0.04065040650406504,0.00992225235951985,1.1095443833464258,0.033242999096657636,0.45555555555555555,0.0964900630042174
ELOVL6,6201,0.004676665054023544,30,0.004837929366231253,0.0,0.0,0.0,2546,0.004713275726630008,12,0.004713275726630008,0.0,0.0,0.08333333333333333,3.661067260646387e-05,0.9742340926944226,0.08333333333333333,0.4,0.09633660259449962
CLVS1,6201,0.013223673601032092,98,0.015803902596355425,0.0,0.0,0.0,2546,0.01728201099764336,44,0.01728201099764336,0.0,0.0,0.045454545454545456,0.0040583373966112685,1.0935280632284337,0.045454545454545456,0.4489795918367347,0.09521641361199938
CENPF,6201,0.032252862441541685,279,0.04499274310595065,0.0,0.0,0.0,2546,0.044383346425765906,118,0.046347211311861744,0.0,0.0,0.06779661016949153,0.01213048398422422,1.0301041481894433,0.06779661016949153,0.4229390681003584,0.09486700985825353
ADGRL4,6201,0.0,0,0.0,0.0,0.0,0.0,2546,0.021602513747054203,55,0.021602513747054203,0.0,0.0,0.07272727272727272,0.021602513747054203,,0.07272727272727272,,0.09432978647432692
THBS1,6201,0.019351717464925013,153,0.02467343976777939,0.0,0.0,0.0,2546,0.028279654359780047,74,0.029065200314218383,0.0,0.0,0.0,0.008927936894855035,1.1779954715586156,0.0,0.48366013071895425,0.0941857016693277
CLDN18,6201,0.007095629737139171,49,0.007901951298177712,0.0,0.0,0.0,2546,0.009033778476040848,24,0.009426551453260016,0.0,0.0,0.0,0.0019381487389016775,1.1929397053401096,0.0,0.4897959183673469,0.09403394309177975
GUCY1A1,6201,0.0,0,0.0,0.0,0.0,0.0,2546,0.0192458758837392,107,0.0420267085624509,0.0,0.0,0.07476635514018691,0.0192458758837392,,0.07476635514018691,,0.09401223102392611
RYR2,6201,0.10369295274955652,1045,0.1685212062570553,0.0,1.0,0.004784688995215311,2546,0.1417910447761194,409,0.16064414768263943,0.0,1.0,0.03667481662591687,0.03809809202656288,0.9532577605550691,0.031890127630701565,0.39138755980861245,0.09363677518047221
XDH,6201,0.025157232704402517,214,0.0345105628124496,0.0,0.0,0.0,2546,0.036920659858601726,99,0.038884524744697564,0.0,0.0,0.020202020202020204,0.011763427154199209,1.126742700662942,0.020202020202020204,0.46261682242990654,0.09340982750857717
RELN,6201,0.06079664570230608,547,0.08821157877761651,0.0,1.0,0.003656307129798903,2546,0.08641005498821681,240,0.09426551453260015,0.0,1.0,0.0375,0.025613409285910736,1.0686297177635349,0.03384369287020109,0.43875685557586835,0.09319633757826468
NPY1R,6201,0.012578616352201259,89,0.01435252378648605,0.0,0.0,0.0,2546,0.014139827179890024,36,0.014139827179890024,0.0,0.0,0.08333333333333333,0.0015612108276887651,0.9851805431741353,0.08333333333333333,0.4044943820224719,0.09233186097773577
CDH6,6201,0.024028382518948555,186,0.02999516207063377,0.0,0.0,0.0,2546,0.031029065200314218,82,0.03220738413197172,0.0,0.0,0.04878048780487805,0.007000682681365663,1.073752629044928,0.04878048780487805,0.44086021505376344,0.09199382022133469
PIK3CA,6201,0.11062731817448798,801,0.12917271407837447,0.0,1.0,0.0012484394506866417,2546,0.1347211311861744,372,0.14611154752553024,0.0,1.0,0.005376344086021506,0.02409381301168642,1.13113321623697,0.0041279046353348645,0.46441947565543074,0.0917284017348737
CCR8,6201,0.0077406869859700045,50,0.008063215610385421,0.0,0.0,0.0,2546,0.006677140612725845,17,0.006677140612725845,0.0,0.0,0.0,-0.0010635463732441598,0.8280989787902593,0.0,0.34,0.09093410942053873
DHRS2,6201,0.005805515239477504,39,0.006289308176100629,0.0,0.0,0.0,2546,0.007462686567164179,19,0.007462686567164179,0.0,0.0,0.0,0.0016571713276866754,1.1865671641791045,0.0,0.48717948717948717,0.09084279983389726
SELENOS,6201,0.0,0,0.0,0.0,0.0,0.0,2546,0.004713275726630008,12,0.004713275726630008,0.0,0.0,0.08333333333333333,0.004713275726630008,,0.08333333333333333,,0.08804660905996334
ABCD2,6201,0.013223673601032092,89,0.01435252378648605,0.0,0.0,0.0,2546,0.016496465043205028,43,0.016889238020424194,0.0,0.0,0.0,0.003272791442172936,1.176743426569106,0.0,0.48314606741573035,0.0879555297669323
SLC66A3,6201,0.0,0,0.0,0.0,0.0,0.0,2546,0.003927729772191673,12,0.004713275726630008,0.0,0.0,0.08333333333333333,0.003927729772191673,,0.08333333333333333,,0.087261063105525
ADGRL2,6201,0.0,0,0.0,0.0,0.0,0.0,2546,0.02670856245090338,184,0.07227022780832679,0.0,0.0,0.059782608695652176,0.02670856245090338,,0.059782608695652176,,0.08649117114655555
MYH1,6201,0.04321883567166586,398,0.06418319625866796,0.0,0.0,0.0,2546,0.05420267085624509,154,0.060487038491751764,0.0,1.0,0.045454545454545456,0.010983835184579231,0.9424123760988761,0.045454545454545456,0.3869346733668342,0.08565486778624579
DARS1,6201,0.0,0,0.0,0.0,0.0,0.0,2546,0.008248232521602514,39,0.015318146111547526,0.0,0.0,0.07692307692307693,0.008248232521602514,,0.07692307692307693,,0.08517130944467945
F13B,6201,0.01983551040154814,145,0.023383325270117723,0.0,0.0,0.0,2546,0.022780832678711706,58,0.022780832678711706,0.0,0.0,0.06896551724137931,0.0029453222771635666,0.9742340926944226,0.06896551724137931,0.4,0.08487749810710271
PKHD1,6201,0.05805515239477504,515,0.08305112078696984,0.0,1.0,0.001941747572815534,2546,0.0840534171249018,226,0.08876669285153181,0.0,1.0,0.02654867256637168,0.025998264730126765,1.0688199269365997,0.024606924993556146,0.4388349514563107,0.08443637027606468
HMGB2,6201,0.004676665054023544,29,0.004676665054023544,0.0,0.0,0.0,2546,0.003927729772191673,10,0.003927729772191673,0.0,0.0,0.0,-0.0007489352818318713,0.8398569764607092,0.0,0.3448275862068966,0.08420827742642736
FCMR,6201,0.0,0,0.0,0.0,0.0,0.0,2546,0.009426551453260016,41,0.01610369206598586,0.0,0.0,0.07317073170731707,0.009426551453260016,,0.07317073170731707,,0.08259728316057709
CDSN,6201,0.0,0,0.0,0.0,0.0,0.0,2546,0.018460329929300863,47,0.018460329929300863,0.0,0.0,0.06382978723404255,0.018460329929300863,,0.06382978723404255,,0.08229011716334342
NSD2,6201,0.0,0,0.0,0.0,0.0,0.0,2546,0.031029065200314218,79,0.031029065200314218,0.0,0.0,0.05063291139240506,0.031029065200314218,,0.05063291139240506,,0.08166197659271929
ATRX,6201,0.06369940332204484,479,0.07724560554749234,0.0,1.0,0.0,2546,0.05852317360565593,216,0.08483896307934014,0.0,1.0,0.027777777777777776,-0.005176229716388904,1.0983014823694952,0.027777777777777776,0.4509394572025052,0.08093502647461784
ASF1B,6201,0.0032252862441541686,23,0.003709079180777294,0.0,0.0,0.0,2546,0.00432050274941084,11,0.00432050274941084,0.0,0.0,0.0,0.0010952165052566716,1.164845110830288,0.0,0.4782608695652174,0.08029685249882078
PTGDS,6201,0.002580228995323335,23,0.003709079180777294,0.0,0.0,0.0,2546,0.003142183817753339,8,0.003142183817753339,0.0,0.0,0.0,0.0005619548224300038,0.8471600806038458,0.0,0.34782608695652173,0.08005976731789528
SPAG5,6201,0.01241735203999355,86,0.013868730849862926,0.0,0.0,0.0,2546,0.015318146111547526,39,0.015318146111547526,0.0,0.0,0.02564102564102564,0.0029007940715539762,1.104509581833793,0.02564102564102564,0.45348837209302323,0.07947710139227969
DOP1A,6201,0.0,0,0.0,0.0,0.0,0.0,2546,0.02788688138256088,138,0.05420267085624509,0.0,0.0,0.050724637681159424,0.02788688138256088,,0.050724637681159424,,0.0786115190637203
MACROH2A2,6201,0.0,0,0.0,0.0,0.0,0.0,2546,0.01178318931657502,30,0.01178318931657502,0.0,0.0,0.06666666666666667,0.01178318931657502,,0.06666666666666667,,0.07844985598324168
ADH1C,6201,0.0,0,0.0,0.0,0.0,0.0,2546,0.01178318931657502,30,0.01178318931657502,0.0,0.0,0.06666666666666667,0.01178318931657502,,0.06666666666666667,,0.07844985598324168
BATF,6201,0.002902757619738752,21,0.003386550556361877,0.0,0.0,0.0,2546,0.003927729772191673,10,0.003927729772191673,0.0,0.0,0.0,0.0010249721524529212,1.1598024913028842,0.0,0.47619047619047616,0.077894569896134
MTNR1A,6201,0.009353330108047089,61,0.009837123044670215,0.0,0.0,0.0,2546,0.010997643362136685,29,0.011390416339355853,0.0,0.0,0.0,0.0016443132540895963,1.157901175743371,0.0,0.47540983606557374,0.07763320410863422
XCL1,6201,0.0032252862441541686,21,0.003386550556361877,0.0,0.0,0.0,2546,0.003927729772191673,10,0.003927729772191673,0.0,0.0,0.0,0.0007024435280375044,1.1598024913028842,0.0,0.47619047619047616,0.07757204127171857
GATA1,6201,0.008547008547008548,59,0.009514594420254797,0.0,0.0,0.0,2546,0.010997643362136685,28,0.010997643362136685,0.0,0.0,0.0,0.002450634815128137,1.1558709574340607,0.0,0.4745762711864407,0.07749825274355199
ACP5,6201,0.005644250927269795,40,0.006450572488308337,0.0,0.0,0.0,2546,0.007462686567164179,19,0.007462686567164179,0.0,0.0,0.0,0.0018184356398943842,1.1569029850746269,0.0,0.475,0.07734464469042314
NEGR1,6201,0.010965973230124174,69,0.011127237542331882,0.0,0.0,0.0,2546,0.010997643362136685,28,0.010997643362136685,0.0,0.0,0.07142857142857142,3.16701320125113e-05,0.9883534273711533,0.07142857142857142,0.4057971014492754,0.07730054931942042
ATP5F1C,6201,0.0,0,0.0,0.0,0.0,0.0,2546,0.006677140612725845,29,0.011390416339355853,0.0,0.0,0.06896551724137931,0.006677140612725845,,0.06896551724137931,,0.07564265785410515
GLA,6201,0.0059667795516852125,40,0.006450572488308337,0.0,0.0,0.0,2546,0.00589159465828751,16,0.006284367635506678,0.0,0.0,0.0625,-7.518489339770288e-05,0.9742340926944227,0.0625,0.4,0.07554184348195754
H1-2,6201,0.0,0,0.0,0.0,0.0,0.0,2546,0.012568735271013355,32,0.012568735271013355,0.0,0.0,0.0625,0.012568735271013355,,0.0625,,0.07506873527101335
SRPRA,6201,0.0,0,0.0,0.0,0.0,0.0,2546,0.023173605655930872,116,0.04556166535742341,0.0,0.0,0.05172413793103448,0.023173605655930872,,0.05172413793103448,,0.07489774358696535
VPS50,6201,0.0,0,0.0,0.0,0.0,0.0,2546,0.024351924587588374,119,0.04673998428908091,0.0,0.0,0.05042016806722689,0.024351924587588374,,0.05042016806722689,,0.07477209265481527
GJA1,6201,0.01032091598129334,74,0.011933559103370425,0.0,0.0,0.0,2546,0.012568735271013355,33,0.012961508248232521,0.0,0.0,0.030303030303030304,0.002247819289720015,1.0861393600985116,0.030303030303030304,0.44594594594594594,0.07471883071377336
MINDY1,6201,0.0,0,0.0,0.0,0.0,0.0,2546,0.006677140612725845,89,0.034956794972505895,0.0,0.0,0.06741573033707865,0.006677140612725845,,0.06741573033707865,,0.07409287094980449
IL18RAP,6201,0.012901144976616674,109,0.01757781003064022,0.0,0.0,0.0,2546,0.0192458758837392,49,0.0192458758837392,0.0,0.0,0.02040816326530612,0.0063447309071225245,1.0948961133492365,0.02040816326530612,0.44954128440366975,0.07310967785693812
SQOR,6201,0.0,0,0.0,0.0,0.0,0.0,2546,0.00589159465828751,15,0.00589159465828751,0.0,0.0,0.06666666666666667,0.00589159465828751,,0.06666666666666667,,0.07255826132495417
MYH2,6201,0.0477342364134817,411,0.06627963231736816,0.0,0.0,0.004866180048661801,2546,0.06402199528672427,176,0.06912804399057344,0.0,1.0,0.03977272727272727,0.016287758873242568,1.0429756710110607,0.03490654722406547,0.4282238442822384,0.07245453283941608
PIGR,6201,0.014836316723109175,111,0.017900338655055636,0.0,0.0,0.0,2546,0.019638648860958365,50,0.019638648860958365,0.0,0.0,0.02,0.00480233213784919,1.0971104647459713,0.02,0.45045045045045046,0.07221557962385247
NECTIN4,6201,0.0,0,0.0,0.0,0.0,0.0,2546,0.01335428122545169,34,0.01335428122545169,0.0,0.0,0.058823529411764705,0.01335428122545169,,0.058823529411764705,,0.0721778106372164
ALDOB,6201,0.009353330108047089,66,0.010643444605708756,0.0,0.0,0.0,2546,0.01178318931657502,31,0.012175962293794187,0.0,0.0,0.0,0.0024298592085279305,1.1439870027851176,0.0,0.4696969696969697,0.07194985970495629
CTSO,6201,0.004999193678438961,34,0.005482986615062087,0.0,0.0,0.0,2546,0.006284367635506678,16,0.006284367635506678,0.0,0.0,0.0,0.0012851739570677164,1.1461577561110856,0.0,0.47058823529411764,0.07181714660512105
TRAIP,6201,0.006289308176100629,48,0.0077406869859700045,0.0,0.0,0.0,2546,0.006677140612725845,17,0.006677140612725845,0.0,0.0,0.0,0.00038783243662521543,0.8626031029065201,0.0,0.3541666666666667,0.07155998599190416
RETREG1,6201,0.0,0,0.0,0.0,0.0,0.0,2546,0.01335428122545169,52,0.0204241948153967,0.0,0.0,0.057692307692307696,0.01335428122545169,,0.057692307692307696,,0.07104658891775939
MRPL23,6201,0.0027414933075310434,17,0.0027414933075310434,0.0,0.0,0.0,2546,0.003142183817753339,8,0.003142183817753339,0.0,0.0,0.0,0.0004006905102222954,1.1461577561110856,0.0,0.47058823529411764,0.07093266315827562
MARCHF1,6201,0.0,0,0.0,0.0,0.0,0.0,2546,0.011390416339355853,51,0.020031421838177535,0.0,0.0,0.058823529411764705,0.011390416339355853,,0.058823529411764705,,0.07021394575112055
CCR1,6201,0.008385744234800839,62,0.009998387356877922,0.0,0.0,0.0,2546,0.010604870384917517,27,0.010604870384917517,0.0,0.0,0.037037037037037035,0.002219126150116678,1.0606580847882827,0.037037037037037035,0.43548387096774194,0.06913437304774181
SERPINA3,6201,0.013062409288824383,90,0.01451378809869376,0.0,0.0,0.0,2546,0.01610369206598586,42,0.016496465043205028,0.0,0.0,0.0,0.003041282777161475,1.1366064414768264,0.0,0.4666666666666667,0.06911289756813194
DMAC2L,6201,0.0,0,0.0,0.0,0.0,0.0,2546,0.006284367635506678,16,0.006284367635506678,0.0,0.0,0.0625,0.006284367635506678,,0.0625,,0.06878436763550667
CRISP2,6201,0.00612804386389292,45,0.00725689404934688,0.0,0.0,0.0,2546,0.007462686567164179,19,0.007462686567164179,0.0,0.0,0.05263157894736842,0.0013346427032712585,1.028358208955224,0.05263157894736842,0.4222222222222222,0.0680457428568264
NDP,6201,0.002257700370907918,14,0.002257700370907918,0.0,0.0,0.0,2546,0.0019638648860958365,5,0.0019638648860958365,0.0,0.0,0.0,-0.00029383548481208164,0.869851868477163,0.0,0.35714285714285715,0.06758180303400828
ARL3,6201,0.002257700370907918,14,0.002257700370907918,0.0,0.0,0.0,2546,0.0019638648860958365,5,0.0019638648860958365,0.0,0.0,0.0,-0.00029383548481208164,0.869851868477163,0.0,0.35714285714285715,0.06758180303400828
ANG,6201,0.002257700370907918,14,0.002257700370907918,0.0,0.0,0.0,2546,0.0019638648860958365,5,0.0019638648860958365,0.0,0.0,0.0,-0.00029383548481208164,0.869851868477163,0.0,0.35714285714285715,0.06758180303400828
PRF1,6201,0.01128850185453959,84,0.013546202225447508,0.0,0.0,0.0,2546,0.015318146111547526,39,0.015318146111547526,0.0,0.0,0.0,0.004029644257007936,1.130807429020312,0.0,0.4642857142857143,0.06738344624517414
TACR3,6201,0.017094017094017096,123,0.01983551040154814,0.0,0.0,0.0,2546,0.02199528672427337,57,0.022388059701492536,0.0,0.0,0.0,0.004901269630256274,1.1286858390971968,0.0,0.4634146341463415,0.0672589014333711
ADGRG1,6201,0.0,0,0.0,0.0,0.0,0.0,2546,0.01021209740769835,142,0.05577376276512176,0.0,0.0,0.056338028169014086,0.01021209740769835,,0.056338028169014086,,0.06655012557671244
UBE2I,6201,0.0024189646831156266,15,0.0024189646831156266,0.0,0.0,0.0,2546,0.0027494108405341712,7,0.0027494108405341712,0.0,0.0,0.0,0.00033044615741854464,1.1366064414768264,0.0,0.4666666666666667,0.066402060948389
PCDHB1,6201,0.023222060957910014,187,0.030156426382841477,0.0,0.0,0.0,2546,0.031421838177533384,82,0.03220738413197172,0.0,0.0,0.024390243902439025,0.00819977721962337,1.0680106363762385,0.024390243902439025,0.4385026737967914,0.0660299405104688
RPL6,6201,0.004031607805192711,25,0.004031607805192711,0.0,0.0,0.0,2546,0.002356637863315004,9,0.003534956794972506,0.0,0.0,0.0,-0.0016749699418777066,0.8768106834249804,0.0,0.36,0.06524825923896177
FGG,6201,0.009353330108047089,69,0.011127237542331882,0.0,0.0,0.0,2546,0.01178318931657502,30,0.01178318931657502,0.0,0.0,0.03333333333333333,0.0024298592085279305,1.058950100754807,0.03333333333333333,0.43478260869565216,0.06481220503492661
WARS1,6201,0.0,0,0.0,0.0,0.0,0.0,2546,0.007462686567164179,35,0.013747054202670856,0.0,0.0,0.05714285714285714,0.007462686567164179,,0.05714285714285714,,0.06460554371002132
KCNK5,6201,0.010804708917916465,80,0.012901144976616674,0.0,0.0,0.0,2546,0.013747054202670856,37,0.014532600157109192,0.0,0.0,0.0,0.002942345284754391,1.1264581696779263,0.0,0.4625,0.06425292927082975
TAT,6201,0.010159651669085631,76,0.01225608772778584,0.0,0.0,0.02631578947368421,2546,0.011390416339355853,29,0.011390416339355853,0.0,0.0,0.0,0.0012307646702702218,0.9293680489519164,-0.02631578947368421,0.3815789473684211,0.06350122118211318
RRP9,6201,0.008063215610385421,54,0.008708272859216255,0.0,0.0,0.0,2546,0.009033778476040848,23,0.009033778476040848,0.0,0.0,0.043478260869565216,0.000970562865655427,1.0373788949986908,0.043478260869565216,0.42592592592592593,0.06296576950419354
DENND2B,6201,0.0,0,0.0,0.0,0.0,0.0,2546,0.027101335428122545,227,0.08915946582875098,0.0,0.0,0.03524229074889868,0.027101335428122545,,0.03524229074889868,,0.06234362617702123
KARS1,6201,0.0,0,0.0,0.0,0.0,0.0,2546,0.01335428122545169,82,0.03220738413197172,0.0,0.0,0.04878048780487805,0.01335428122545169,,0.04878048780487805,,0.06213476903032974
IARS1,6201,0.0,0,0.0,0.0,0.0,0.0,2546,0.01767478397486253,204,0.08012568735271014,0.0,0.0,0.04411764705882353,0.01767478397486253,,0.04411764705882353,,0.06179243103368606
CLU,6201,0.009353330108047089,69,0.011127237542331882,0.0,0.0,0.0,2546,0.009819324430479183,25,0.009819324430479183,0.0,0.0,0.0,0.000465994322432094,0.8824584172956725,0.0,0.36231884057971014,0.061034583520397354
GINS4,6201,0.004031607805192711,26,0.0041928721174004195,0.0,0.0,0.0,2546,0.004713275726630008,12,0.004713275726630008,0.0,0.0,0.0,0.0006816679214372975,1.124116260801257,0.0,0.46153846153846156,0.060890325966940204
TLR7,6201,0.015803902596355425,111,0.017900338655055636,0.0,0.0,0.0,2546,0.018853102906520033,49,0.0192458758837392,0.0,0.0,0.02040816326530612,0.0030492003101646077,1.075168255451052,0.02040816326530612,0.44144144144144143,0.06035242037517923
ATP5PB,6201,0.0,0,0.0,0.0,0.0,0.0,2546,0.007462686567164179,19,0.007462686567164179,0.0,0.0,0.05263157894736842,0.007462686567164179,,0.05263157894736842,,0.0600942655145326
MAP3K20,6201,0.0,0,0.0,0.0,0.0,0.0,2546,0.0192458758837392,49,0.0192458758837392,0.0,0.0,0.04081632653061224,0.0192458758837392,,0.04081632653061224,,0.06006220241435144
EPRS1,6201,0.0,0,0.0,0.0,0.0,0.0,2546,0.019638648860958365,50,0.019638648860958365,0.0,0.0,0.04,0.019638648860958365,,0.04,,0.05963864886095836
CEBPG,6201,0.0017739074342847927,11,0.0017739074342847927,0.0,0.0,0.0,2546,0.0015710919088766694,4,0.0015710919088766694,0.0,0.0,0.0,-0.00020281552540812333,0.8856673569949297,0.0,0.36363636363636365,0.0590682023000969
HUWE1,6201,0.047089179164650864,402,0.0648282535074988,0.0,0.0,0.0,2546,0.06166535742340927,170,0.06677140612725845,0.0,1.0,0.029411764705882353,0.014576178258758406,1.0299738542167403,0.029411764705882353,0.4228855721393035,0.058863675679260374
HRH1,6201,0.009353330108047089,74,0.011933559103370425,0.0,0.0,0.0,2546,0.01021209740769835,27,0.010604870384917517,0.0,0.0,0.0,0.000858767299651262,0.8886594764442367,0.0,0.36486486486486486,0.058138642162860105
TG,6201,0.046605386228027734,411,0.06627963231736816,0.0,0.0,0.0,2546,0.06637863315003928,176,0.06912804399057344,0.0,1.0,0.017045454545454544,0.019773246922011545,1.0429756710110607,0.017045454545454544,0.4282238442822384,0.058078928209574124
CRYBG1,6201,0.0,0,0.0,0.0,0.0,0.0,2546,0.02788688138256088,133,0.05223880597014925,0.0,0.0,0.03007518796992481,0.02788688138256088,,0.03007518796992481,,0.05796206935248569
CAVIN3,6201,0.0,0,0.0,0.0,0.0,0.0,2546,0.007855459544383346,20,0.007855459544383346,0.0,0.0,0.05,0.007855459544383346,,0.05,,0.05785545954438335
NIBAN1,6201,0.0,0,0.0,0.0,0.0,0.0,2546,0.022388059701492536,57,0.022388059701492536,0.0,0.0,0.03508771929824561,0.022388059701492536,,0.03508771929824561,,0.057475778999738145
SEPTIN4,6201,0.0,0,0.0,0.0,0.0,0.0,2546,0.020031421838177535,161,0.06323644933228594,0.0,0.0,0.037267080745341616,0.020031421838177535,,0.037267080745341616,,0.05729850258351915
TARBP2,6201,0.0,0,0.0,0.0,0.0,0.0,2546,0.008248232521602514,41,0.01610369206598586,0.0,0.0,0.04878048780487805,0.008248232521602514,,0.04878048780487805,,0.05702872032648056
DCC,6201,0.042735042735042736,354,0.057087566521528785,0.0,0.0,0.0,2546,0.05223880597014925,144,0.056559308719560095,0.0,1.0,0.041666666666666664,0.009503763235106516,0.9907465349434806,0.041666666666666664,0.4067796610169492,0.05580789888625099
HCCS,6201,0.004837929366231253,30,0.004837929366231253,0.0,0.0,0.0,2546,0.00432050274941084,11,0.00432050274941084,0.0,0.0,0.0,-0.000517426616820413,0.8930479183032206,0.0,0.36666666666666664,0.05547642185040247
TNNC2,6201,0.002902757619738752,19,0.00306402193194646,0.0,0.0,0.0,2546,0.0027494108405341712,7,0.0027494108405341712,0.0,0.0,0.0,-0.00015334677920458058,0.8973208748501261,0.0,0.3684210526315789,0.05285770211351375
MARCO,6201,0.019996774713755845,151,0.024350911143363973,0.0,0.0,0.0,2546,0.02513747054202671,68,0.02670856245090338,0.0,0.0,0.0,0.005140695828270866,1.096819839457297,0.0,0.4503311258278146,0.05241535002918868
PRSS2,6201,0.0,0,0.0,0.0,0.0,0.0,2546,0.011390416339355853,49,0.0192458758837392,0.0,0.0,0.04081632653061224,0.011390416339355853,,0.04081632653061224,,0.0522067428699681
TEX15,6201,0.0345105628124496,339,0.05466860183841316,0.0,0.0,0.0,2546,0.05145326001571092,143,0.05616653574234093,0.0,1.0,0.02097902097902098,0.016942697203261317,1.0274002599948557,0.02097902097902098,0.4218289085545723,0.051528849829023615
SPTA1,6201,0.07434284792775359,671,0.10820835349137235,0.0,1.0,0.0029806259314456036,2546,0.09426551453260015,269,0.105655930871956,0.0,1.0,0.022304832713754646,0.019922666604846567,0.9764119632444102,0.01932420678230904,0.4008941877794337,0.051110992927789096
GSDME,6201,0.0,0,0.0,0.0,0.0,0.0,2546,0.012568735271013355,52,0.0204241948153967,0.0,0.0,0.038461538461538464,0.012568735271013355,,0.038461538461538464,,0.05103027373255182
DSC2,6201,0.01644895984518626,139,0.022415739396871474,0.0,0.0,0.014388489208633094,2546,0.022388059701492536,60,0.02356637863315004,0.0,0.0,0.03333333333333333,0.005939099856306276,1.0513317547062113,0.01894484412470024,0.4316546762589928,0.050225982091022525
ELP1,6201,0.0,0,0.0,0.0,0.0,0.0,2546,0.022780832678711706,146,0.05734485467399843,0.0,0.0,0.0273972602739726,0.022780832678711706,,0.0273972602739726,,0.05017809295268431
UQCRFS1,6201,0.006773101112723754,51,0.00822447992259313,0.0,0.0,0.0,2546,0.00864100549882168,23,0.009033778476040848,0.0,0.0,0.0,0.0018679043860979263,1.0984011829397902,0.0,0.45098039215686275,0.049896437130694325
PEX12,6201,0.004676665054023544,31,0.004999193678438961,0.0,0.0,0.0,2546,0.0054988216810683424,14,0.0054988216810683424,0.0,0.0,0.0,0.0008221566270447981,1.0999417175582191,0.0,0.45161290322580644,0.04958456686763493
CLN8,6201,0.005482986615062087,35,0.005644250927269795,0.0,0.0,0.0,2546,0.005106048703849175,13,0.005106048703849175,0.0,0.0,0.0,-0.0003769379112129115,0.9046459432162497,0.0,0.37142857142857144,0.049227983745364697
MIGA2,6201,0.0,0,0.0,0.0,0.0,0.0,2546,0.012175962293794187,61,0.023959151610369208,0.0,0.0,0.03278688524590164,0.012175962293794187,,0.03278688524590164,,0.04496284753969583
PDZK1IP1,6201,0.0019351717464925011,16,0.002580228995323335,0.0,0.0,0.0,2546,0.002356637863315004,6,0.002356637863315004,0.0,0.0,0.0,0.00042146611682250296,0.9133444619010213,0.0,0.375,0.04471590870574163
NPY5R,6201,0.01435252378648605,96,0.015481373971940009,0.0,0.0,0.0,2546,0.014532600157109192,38,0.014925373134328358,0.0,0.0,0.02631578947368421,0.00018007637062314105,0.9640858208955224,0.02631578947368421,0.3958333333333333,0.04461614043301748
CCN5,6201,0.0,0,0.0,0.0,0.0,0.0,2546,0.009819324430479183,29,0.011390416339355853,0.0,0.0,0.034482758620689655,0.009819324430479183,,0.034482758620689655,,0.04430208305116884
ADGRA2,6201,0.0,0,0.0,0.0,0.0,0.0,2546,0.03181461115475255,81,0.03181461115475255,0.0,0.0,0.012345679012345678,0.03181461115475255,,0.012345679012345678,,0.04416029016709823
STRN,6201,0.010965973230124174,74,0.011933559103370425,0.0,0.0,0.0,2546,0.012175962293794187,31,0.012175962293794187,0.0,0.0,0.03225806451612903,0.0012099890636700136,1.0203127322137533,0.03225806451612903,0.4189189189189189,0.04357319037750924
AMIGO2,6201,0.0,0,0.0,0.0,0.0,0.0,2546,0.012961508248232521,33,0.012961508248232521,0.0,0.0,0.030303030303030304,0.012961508248232521,,0.030303030303030304,,0.043264538551262825
KMT5A,6201,0.0,0,0.0,0.0,0.0,0.0,2546,0.014925373134328358,143,0.05616653574234093,0.0,0.0,0.027972027972027972,0.014925373134328358,,0.027972027972027972,,0.04289740110635633
MARCHF6,6201,0.0,0,0.0,0.0,0.0,0.0,2546,0.0192458758837392,127,0.04988216810683425,0.0,0.0,0.023622047244094488,0.0192458758837392,,0.023622047244094488,,0.04286792312783369
RBSN,6201,0.0,0,0.0,0.0,0.0,0.0,2546,0.01335428122545169,34,0.01335428122545169,0.0,0.0,0.029411764705882353,0.01335428122545169,,0.029411764705882353,,0.04276604593133404
MST1,6201,0.0,0,0.0,0.0,0.0,0.0,2546,0.02749410840534171,70,0.02749410840534171,0.0,0.0,0.014285714285714285,0.02749410840534171,,0.014285714285714285,,0.041779822691056
GHITM,6201,0.005482986615062087,36,0.005805515239477504,0.0,0.0,0.0,2546,0.006284367635506678,16,0.006284367635506678,0.0,0.0,0.0,0.0008013810204445908,1.0824823252160252,0.0,0.4444444444444444,0.04121480819211833
AARS1,6201,0.0,0,0.0,0.0,0.0,0.0,2546,0.015710919088766692,40,0.015710919088766692,0.0,0.0,0.025,0.015710919088766692,,0.025,,0.040710919088766694
SEC22B,6201,0.0,0,0.0,0.0,0.0,0.0,2546,0.015710919088766692,40,0.015710919088766692,0.0,0.0,0.025,0.015710919088766692,,0.025,,0.040710919088766694
BTG1,6201,0.004031607805192711,27,0.0043541364296081275,0.0,0.0,0.0,2546,0.00432050274941084,12,0.004713275726630008,0.0,0.0,0.0,0.0002888949442181295,1.0824823252160252,0.0,0.4444444444444444,0.040702322115891865
LPAR1,6201,0.009675858732462506,70,0.01128850185453959,0.0,0.0,0.0,2546,0.01178318931657502,31,0.012175962293794187,0.0,0.0,0.0,0.002107330584112513,1.0786163169116822,0.0,0.44285714285714284,0.04066259011824071
BLCAP,6201,0.001451378809869376,9,0.001451378809869376,0.0,0.0,0.0,2546,0.0015710919088766694,4,0.0015710919088766694,0.0,0.0,0.0,0.00011971309900729349,1.0824823252160252,0.0,0.4444444444444444,0.04053314027068103
PRKN,6201,0.0,0,0.0,0.0,0.0,0.0,2546,0.019638648860958365,96,0.037706205813040065,0.0,0.0,0.020833333333333332,0.019638648860958365,,0.020833333333333332,,0.0404719821942917
FSTL1,6201,0.0059667795516852125,37,0.0059667795516852125,0.0,0.0,0.0,2546,0.0054988216810683424,14,0.0054988216810683424,0.0,0.0,0.0,-0.00046795787061687,0.9215727903866159,0.0,0.3783783783783784,0.04047112606097485
GPAT4,6201,0.0,0,0.0,0.0,0.0,0.0,2546,0.007855459544383346,31,0.012175962293794187,0.0,0.0,0.03225806451612903,0.007855459544383346,,0.03225806451612903,,0.04011352406051238
GRK2,6201,0.0,0,0.0,0.0,0.0,0.0,2546,0.020031421838177535,51,0.020031421838177535,0.0,0.0,0.0196078431372549,0.020031421838177535,,0.0196078431372549,,0.03963926497543244
HSD3B1,6201,0.010804708917916465,70,0.01128850185453959,0.0,0.0,0.0,2546,0.01178318931657502,31,0.012175962293794187,0.0,0.0,0.0,0.0009784803986585544,1.0786163169116822,0.0,0.44285714285714284,0.03953373993278675
MPZL2,6201,0.004031607805192711,29,0.004676665054023544,0.0,0.0,0.0,2546,0.00432050274941084,11,0.00432050274941084,0.0,0.0,0.0,0.0002888949442181295,0.92384267410678,0.0,0.3793103448275862,0.03911149681878623
F3,6201,0.004515400741815836,29,0.004676665054023544,0.0,0.0,0.0,2546,0.00432050274941084,11,0.00432050274941084,0.0,0.0,0.0,-0.00019489799240499615,0.92384267410678,0.0,0.3793103448275862,0.039017499866973095
CRP,6201,0.00822447992259313,61,0.009837123044670215,0.0,0.0,0.0,2546,0.008248232521602514,27,0.010604870384917517,0.0,0.0,0.0,2.375259900938391e-05,1.0780459222438281,0.0,0.4426229508196721,0.03830456372303531
MRE11,6201,0.0,0,0.0,0.0,0.0,0.0,2546,0.014532600157109192,43,0.016889238020424194,0.0,0.0,0.023255813953488372,0.014532600157109192,,0.023255813953488372,,0.037788414110597565
FYB1,6201,0.0,0,0.0,0.0,0.0,0.0,2546,0.02199528672427337,127,0.04988216810683425,0.0,0.0,0.015748031496062992,0.02199528672427337,,0.015748031496062992,,0.03774331822033636
TNNC1,6201,0.00306402193194646,21,0.003386550556361877,0.0,0.0,0.0,2546,0.0027494108405341712,8,0.003142183817753339,0.0,0.0,0.0,-0.000314611091412289,0.9278419930423073,0.0,0.38095238095238093,0.03706055263763186
NECTIN3,6201,0.0,0,0.0,0.0,0.0,0.0,2546,0.01767478397486253,53,0.020816967792615867,0.0,0.0,0.018867924528301886,0.01767478397486253,,0.018867924528301886,,0.03654270850316442
CFHR2,6201,0.01128850185453959,77,0.01241735203999355,0.0,0.0,0.025974025974025976,2546,0.010604870384917517,31,0.012175962293794187,0.0,0.0,0.0,-0.0006836314696220726,0.9805602881015293,-0.025974025974025976,0.4025974025974026,0.03642505953802948
TENT4A,6201,0.0,0,0.0,0.0,0.0,0.0,2546,0.01767478397486253,54,0.021209740769835034,0.0,0.0,0.018518518518518517,0.01767478397486253,,0.018518518518518517,,0.03619330249338105
EIF1AX,6201,0.004031607805192711,25,0.004031607805192711,0.0,0.0,0.0,2546,0.00432050274941084,11,0.00432050274941084,0.0,0.0,0.0,0.0002888949442181295,1.0716575019638648,0.0,0.44,0.03549072683825505
MYH8,6201,0.04176745686179648,335,0.05402354458958233,0.0,0.0,0.0,2546,0.04713275726630008,132,0.051846032992930086,0.0,0.0,0.007575757575757576,0.005365300404503594,0.9596932853407745,0.007575757575757576,0.3940298507462687,0.03330026461419326
CASP8AP2,6201,0.0,0,0.0,0.0,0.0,0.0,2546,0.03260015710919089,83,0.03260015710919089,0.0,0.0,0.0,0.03260015710919089,,0.0,,0.03260015710919089
MYL12A,6201,0.001451378809869376,13,0.0020964360587002098,0.0,0.0,0.0,2546,0.001178318931657502,5,0.0019638648860958365,0.0,0.0,0.0,-0.00027305987821187386,0.936763550667714,0.0,0.38461538461538464,0.03240193333138293
SAT1,6201,0.0041928721174004195,26,0.0041928721174004195,0.0,0.0,0.0,2546,0.003927729772191673,10,0.003927729772191673,0.0,0.0,0.0,-0.00026514234520874647,0.936763550667714,0.0,0.38461538461538464,0.032394015798379805
FBP1,6201,0.0041928721174004195,26,0.0041928721174004195,0.0,0.0,0.0,2546,0.003927729772191673,10,0.003927729772191673,0.0,0.0,0.0,-0.00026514234520874647,0.936763550667714,0.0,0.38461538461538464,0.032394015798379805
BCL2L2,6201,0.0020964360587002098,13,0.0020964360587002098,0.0,0.0,0.0,2546,0.0019638648860958365,5,0.0019638648860958365,0.0,0.0,0.0,-0.00013257117260437323,0.936763550667714,0.0,0.38461538461538464,0.03226144462577543
IRAG2,6201,0.0,0,0.0,0.0,0.0,0.0,2546,0.010997643362136685,50,0.019638648860958365,0.0,0.0,0.02,0.010997643362136685,,0.02,,0.030997643362136687
TMED10,6201,0.0032252862441541686,23,0.003709079180777294,0.0,0.0,0.0,2546,0.003927729772191673,10,0.003927729772191673,0.0,0.0,0.0,0.0007024435280375044,1.0589501007548072,0.0,0.43478260869565216,0.029751456021102966
TARP,6201,0.0,0,0.0,0.0,0.0,0.0,2546,0.028672427336999214,73,0.028672427336999214,0.0,0.0,0.0,0.028672427336999214,,0.0,,0.028672427336999214
SEMA3B,6201,0.0,0,0.0,0.0,0.0,0.0,2546,0.019638648860958365,152,0.05970149253731343,0.0,0.0,0.006578947368421052,0.019638648860958365,,0.006578947368421052,,0.026217596229379417
KCNJ8,6201,0.009514594420254797,69,0.011127237542331882,0.0,0.0,0.0,2546,0.010604870384917517,27,0.010604870384917517,0.0,0.0,0.0,0.0010902759646627194,0.9530550906793264,0.0,0.391304347826087,0.024842596794768863
PRDX2,6201,0.0027414933075310434,21,0.003386550556361877,0.0,0.0,0.0,2546,0.003534956794972506,9,0.003534956794972506,0.0,0.0,0.0,0.0007934634874414625,1.0438222421725958,0.0,0.42857142857142855,0.022467985818236717
CDC42,6201,0.0032252862441541686,21,0.003386550556361877,0.0,0.0,0.0,2546,0.003534956794972506,9,0.003534956794972506,0.0,0.0,0.0,0.0003096705508183373,1.0438222421725958,0.0,0.42857142857142855,0.02198419288161359
CD7,6201,0.004515400741815836,33,0.005321722302854378,0.0,0.0,0.0,2546,0.005106048703849175,13,0.005106048703849175,0.0,0.0,0.0,0.000590647962033339,0.9594729700778406,0.0,0.3939393939393939,0.021062284255136562
RHOH,6201,0.004837929366231253,33,0.005321722302854378,0.0,0.0,0.0,2546,0.005106048703849175,13,0.005106048703849175,0.0,0.0,0.0,0.00026811933761792216,0.9594729700778406,0.0,0.3939393939393939,0.020739755630721148
FGR,6201,0.008385744234800839,66,0.010643444605708756,0.0,0.0,0.0,2546,0.010997643362136685,28,0.010997643362136685,0.0,0.0,0.0,0.002611899127335846,1.0332785831607514,0.0,0.42424242424242425,0.019114274401642158
COQ8A,6201,0.0,0,0.0,0.0,0.0,0.0,2546,0.018853102906520033,48,0.018853102906520033,0.0,0.0,0.0,0.018853102906520033,,0.0,,0.018853102906520033
PRKAB1,6201,0.004837929366231253,33,0.005321722302854378,0.0,0.0,0.0,2546,0.0054988216810683424,14,0.0054988216810683424,0.0,0.0,0.0,0.0006608923148370893,1.0332785831607514,0.0,0.42424242424242425,0.017163267589143404
TKFC,6201,0.0,0,0.0,0.0,0.0,0.0,2546,0.015710919088766692,70,0.02749410840534171,0.0,0.0,0.0,0.015710919088766692,,0.0,,0.015710919088766692
LARGE1,6201,0.0,0,0.0,0.0,0.0,0.0,2546,0.015318146111547526,109,0.04281225451688924,0.0,0.0,0.0,0.015318146111547526,,0.0,,0.015318146111547526
PECAM1,6201,0.0,0,0.0,0.0,0.0,0.0,2546,0.014925373134328358,38,0.014925373134328358,0.0,0.0,0.0,0.014925373134328358,,0.0,,0.014925373134328358
SEPTIN9,6201,0.0,0,0.0,0.0,0.0,0.0,2546,0.014925373134328358,214,0.0840534171249018,0.0,0.0,0.0,0.014925373134328358,,0.0,,0.014925373134328358
MTREX,6201,0.0,0,0.0,0.0,0.0,0.0,2546,0.014532600157109192,37,0.014532600157109192,0.0,0.0,0.0,0.014532600157109192,,0.0,,0.014532600157109192
MMP12,6201,0.0,0,0.0,0.0,0.0,0.0,2546,0.014532600157109192,37,0.014532600157109192,0.0,0.0,0.0,0.014532600157109192,,0.0,,0.014532600157109192
ERO1A,6201,0.0,0,0.0,0.0,0.0,0.0,2546,0.008248232521602514,185,0.07266300078554595,0.0,0.0,0.005405405405405406,0.008248232521602514,,0.005405405405405406,,0.01365363792700792
CAVIN2,6201,0.0,0,0.0,0.0,0.0,0.0,2546,0.01335428122545169,34,0.01335428122545169,0.0,0.0,0.0,0.01335428122545169,,0.0,,0.01335428122545169
RARS1,6201,0.0,0,0.0,0.0,0.0,0.0,2546,0.01335428122545169,34,0.01335428122545169,0.0,0.0,0.0,0.01335428122545169,,0.0,,0.01335428122545169
THEM4,6201,0.004515400741815836,30,0.004837929366231253,0.0,0.0,0.0,2546,0.004713275726630008,12,0.004713275726630008,0.0,0.0,0.0,0.00019787498481417184,0.9742340926944226,0.0,0.4,0.013164533573374004
CETN2,6201,0.0027414933075310434,19,0.00306402193194646,0.0,0.0,0.0,2546,0.003142183817753339,8,0.003142183817753339,0.0,0.0,0.0,0.0004006905102222954,1.025509571257287,0.0,0.42105263157894735,0.013074818979768593
APOD,6201,0.0032252862441541686,20,0.0032252862441541686,0.0,0.0,0.0,2546,0.003142183817753339,8,0.003142183817753339,0.0,0.0,0.0,-8.310242640082984e-05,0.9742340926944227,0.0,0.4,0.013049761014960661
SNRPA1,6201,0.0024189646831156266,15,0.0024189646831156266,0.0,0.0,0.0,2546,0.002356637863315004,6,0.002356637863315004,0.0,0.0,0.0,-6.232681980062249e-05,0.9742340926944226,0.0,0.4,0.013028985408360455
MARCHF8,6201,0.0,0,0.0,0.0,0.0,0.0,2546,0.01178318931657502,39,0.015318146111547526,0.0,0.0,0.0,0.01178318931657502,,0.0,,0.01178318931657502
SLC38A3,6201,0.0,0,0.0,0.0,0.0,0.0,2546,0.01021209740769835,26,0.01021209740769835,0.0,0.0,0.0,0.01021209740769835,,0.0,,0.01021209740769835
BRS3,6201,0.008385744234800839,55,0.008869537171423964,0.0,0.0,0.0,2546,0.009033778476040848,23,0.009033778476040848,0.0,0.0,0.0,0.0006480342412400093,1.0185174605441691,0.0,0.41818181818181815,0.009864165211945292
TENT5C,6201,0.0,0,0.0,0.0,0.0,0.0,2546,0.009819324430479183,25,0.009819324430479183,0.0,0.0,0.0,0.009819324430479183,,0.0,,0.009819324430479183
MTARC2,6201,0.0,0,0.0,0.0,0.0,0.0,2546,0.009426551453260016,24,0.009426551453260016,0.0,0.0,0.0,0.009426551453260016,,0.0,,0.009426551453260016
GYPA,6201,0.0,0,0.0,0.0,0.0,0.0,2546,0.009033778476040848,38,0.014925373134328358,0.0,0.0,0.0,0.009033778476040848,,0.0,,0.009033778476040848
NOCT,6201,0.0,0,0.0,0.0,0.0,0.0,2546,0.00864100549882168,22,0.00864100549882168,0.0,0.0,0.0,0.00864100549882168,,0.0,,0.00864100549882168
H1-6,6201,0.0,0,0.0,0.0,0.0,0.0,2546,0.00864100549882168,22,0.00864100549882168,0.0,0.0,0.0,0.00864100549882168,,0.0,,0.00864100549882168
PLPP3,6201,0.0,0,0.0,0.0,0.0,0.0,2546,0.008248232521602514,21,0.008248232521602514,0.0,0.0,0.0,0.008248232521602514,,0.0,,0.008248232521602514
SAC3D1,6201,0.0,0,0.0,0.0,0.0,0.0,2546,0.007855459544383346,21,0.008248232521602514,0.0,0.0,0.0,0.007855459544383346,,0.0,,0.007855459544383346
TWSG1,6201,0.003709079180777294,24,0.0038703434929850023,0.0,0.0,0.0,2546,0.003927729772191673,10,0.003927729772191673,0.0,0.0,0.0,0.0002186505914143792,1.0148271798900235,0.0,0.4166666666666667,0.007604894947974147
SLC66A2,6201,0.0,0,0.0,0.0,0.0,0.0,2546,0.007462686567164179,27,0.010604870384917517,0.0,0.0,0.0,0.007462686567164179,,0.0,,0.007462686567164179
GFUS,6201,0.0,0,0.0,0.0,0.0,0.0,2546,0.007462686567164179,34,0.01335428122545169,0.0,0.0,0.0,0.007462686567164179,,0.0,,0.007462686567164179
PHF5A,6201,0.0019351717464925011,12,0.0019351717464925011,0.0,0.0,0.0,2546,0.0019638648860958365,5,0.0019638648860958365,0.0,0.0,0.0,2.8693139603335393e-05,1.0148271798900235,0.0,0.4166666666666667,0.007414937496163104
CDKN2D,6201,0.0019351717464925011,12,0.0019351717464925011,0.0,0.0,0.0,2546,0.0019638648860958365,5,0.0019638648860958365,0.0,0.0,0.0,2.8693139603335393e-05,1.0148271798900235,0.0,0.4166666666666667,0.007414937496163104
TOMM22,6201,0.0019351717464925011,12,0.0019351717464925011,0.0,0.0,0.0,2546,0.0019638648860958365,5,0.0019638648860958365,0.0,0.0,0.0,2.8693139603335393e-05,1.0148271798900235,0.0,0.4166666666666667,0.007414937496163104
CNOT9,6201,0.0,0,0.0,0.0,0.0,0.0,2546,0.007069913589945012,25,0.009819324430479183,0.0,0.0,0.0,0.007069913589945012,,0.0,,0.007069913589945012
PTPA,6201,0.0,0,0.0,0.0,0.0,0.0,2546,0.007069913589945012,60,0.02356637863315004,0.0,0.0,0.0,0.007069913589945012,,0.0,,0.007069913589945012
ATP5F1A,6201,0.0,0,0.0,0.0,0.0,0.0,2546,0.007069913589945012,52,0.0204241948153967,0.0,0.0,0.0,0.007069913589945012,,0.0,,0.007069913589945012
HBB,6201,0.00516045799064667,37,0.0059667795516852125,0.0,0.0,0.0,2546,0.00589159465828751,15,0.00589159465828751,0.0,0.0,0.0,0.0007311366676408396,0.9873994182713742,0.0,0.40540540540540543,0.0070513581208786905
CAVIN1,6201,0.0,0,0.0,0.0,0.0,0.0,2546,0.006677140612725845,17,0.006677140612725845,0.0,0.0,0.0,0.006677140612725845,,0.0,,0.006677140612725845
CCN1,6201,0.0,0,0.0,0.0,0.0,0.0,2546,0.006677140612725845,17,0.006677140612725845,0.0,0.0,0.0,0.006677140612725845,,0.0,,0.006677140612725845
CCN2,6201,0.0,0,0.0,0.0,0.0,0.0,2546,0.006284367635506678,16,0.006284367635506678,0.0,0.0,0.0,0.006284367635506678,,0.0,,0.006284367635506678
SCGN,6201,0.0077406869859700045,53,0.008547008547008548,0.0,0.0,0.0,2546,0.008248232521602514,22,0.00864100549882168,0.0,0.0,0.0,0.0005075455356325096,1.0109976433621366,0.0,0.41509433962264153,0.0059913038918888726
ATP5MC2,6201,0.0,0,0.0,0.0,0.0,0.0,2546,0.0054988216810683424,29,0.011390416339355853,0.0,0.0,0.0,0.0054988216810683424,,0.0,,0.0054988216810683424
ETFBKMT,6201,0.0,0,0.0,0.0,0.0,0.0,2546,0.0054988216810683424,14,0.0054988216810683424,0.0,0.0,0.0,0.0054988216810683424,,0.0,,0.0054988216810683424
H4C3,6201,0.0,0,0.0,0.0,0.0,0.0,2546,0.00432050274941084,11,0.00432050274941084,0.0,0.0,0.0,0.00432050274941084,,0.0,,0.00432050274941084
H1-0,6201,0.0,0,0.0,0.0,0.0,0.0,2546,0.00432050274941084,11,0.00432050274941084,0.0,0.0,0.0,0.00432050274941084,,0.0,,0.00432050274941084
ACTB,6201,0.008063215610385421,54,0.008708272859216255,0.0,0.0,0.0,2546,0.008248232521602514,22,0.00864100549882168,0.0,0.0,0.0,0.00018501691121709275,0.9922754647813563,0.0,0.4074074074074074,0.004054762336509374
PLAAT3,6201,0.0,0,0.0,0.0,0.0,0.0,2546,0.003927729772191673,10,0.003927729772191673,0.0,0.0,0.0,0.003927729772191673,,0.0,,0.003927729772191673
H2AZ2,6201,0.0,0,0.0,0.0,0.0,0.0,2546,0.003534956794972506,17,0.006677140612725845,0.0,0.0,0.0,0.003534956794972506,,0.0,,0.003534956794972506
H2BC12,6201,0.0,0,0.0,0.0,0.0,0.0,2546,0.003534956794972506,9,0.003534956794972506,0.0,0.0,0.0,0.003534956794972506,,0.0,,0.003534956794972506
ATP5F1D,6201,0.0,0,0.0,0.0,0.0,0.0,2546,0.003534956794972506,9,0.003534956794972506,0.0,0.0,0.0,0.003534956794972506,,0.0,,0.003534956794972506
ATP5PO,6201,0.0,0,0.0,0.0,0.0,0.0,2546,0.003142183817753339,8,0.003142183817753339,0.0,0.0,0.0,0.003142183817753339,,0.0,,0.003142183817753339
EEF1AKMT1,6201,0.0,0,0.0,0.0,0.0,0.0,2546,0.003142183817753339,8,0.003142183817753339,0.0,0.0,0.0,0.003142183817753339,,0.0,,0.003142183817753339
POLR1H,6201,0.0,0,0.0,0.0,0.0,0.0,2546,0.0027494108405341712,7,0.0027494108405341712,0.0,0.0,0.0,0.0027494108405341712,,0.0,,0.0027494108405341712
H2BC3,6201,0.0,0,0.0,0.0,0.0,0.0,2546,0.0027494108405341712,7,0.0027494108405341712,0.0,0.0,0.0,0.0027494108405341712,,0.0,,0.0027494108405341712
H2AZ1,6201,0.0,0,0.0,0.0,0.0,0.0,2546,0.002356637863315004,6,0.002356637863315004,0.0,0.0,0.0,0.002356637863315004,,0.0,,0.002356637863315004
ATP5MC3,6201,0.0,0,0.0,0.0,0.0,0.0,2546,0.002356637863315004,6,0.002356637863315004,0.0,0.0,0.0,0.002356637863315004,,0.0,,0.002356637863315004
ATP5MF,6201,0.0,0,0.0,0.0,0.0,0.0,2546,0.0019638648860958365,12,0.004713275726630008,0.0,0.0,0.0,0.0019638648860958365,,0.0,,0.0019638648860958365
ATP5MG,6201,0.0,0,0.0,0.0,0.0,0.0,2546,0.0019638648860958365,5,0.0019638648860958365,0.0,0.0,0.0,0.0019638648860958365,,0.0,,0.0019638648860958365
GSTM2,6201,0.0024189646831156266,17,0.0027414933075310434,0.0,0.0,0.0,2546,0.0027494108405341712,7,0.0027494108405341712,0.0,0.0,0.0,0.00033044615741854464,1.0028880365971997,0.0,0.4117647058823529,0.0017734228641929461
ATP5PD,6201,0.0,0,0.0,0.0,0.0,0.0,2546,0.0015710919088766694,5,0.0019638648860958365,0.0,0.0,0.0,0.0015710919088766694,,0.0,,0.0015710919088766694
JPT1,6201,0.0,0,0.0,0.0,0.0,0.0,2546,0.0015710919088766694,6,0.002356637863315004,0.0,0.0,0.0,0.0015710919088766694,,0.0,,0.0015710919088766694
ATP5MC1,6201,0.0,0,0.0,0.0,0.0,0.0,2546,0.0015710919088766694,4,0.0015710919088766694,0.0,0.0,0.0,0.0015710919088766694,,0.0,,0.0015710919088766694
ATP5F1E,6201,0.0,0,0.0,0.0,0.0,0.0,2546,0.001178318931657502,3,0.001178318931657502,0.0,0.0,0.0,0.001178318931657502,,0.0,,0.001178318931657502
MYL11,6201,0.0,0,0.0,0.0,0.0,0.0,2546,0.0,0,0.0,0.0,0.0,0.0,0.0,,0.0,,0.0
SELENOW,6201,0.0,0,0.0,0.0,0.0,0.0,2546,0.0,0,0.0,0.0,0.0,0.0,0.0,,0.0,,0.0
HYCC2,6201,0.0,0,0.0,0.0,0.0,0.0,2546,0.0,0,0.0,0.0,0.0,0.0,0.0,,0.0,,0.0
PVT1,6201,0.0,0,0.0,0.0,0.0,0.0,2546,0.0,0,0.0,0.0,0.0,0.0,0.0,,0.0,,0.0
MIX23,6201,0.0,0,0.0,0.0,0.0,0.0,2546,0.0,0,0.0,0.0,0.0,0.0,0.0,,0.0,,0.0
PTTG3P,6201,0.0,0,0.0,0.0,0.0,0.0,2546,0.0,0,0.0,0.0,0.0,0.0,0.0,,0.0,,0.0
CROCCP2,6201,0.0,0,0.0,0.0,0.0,0.0,2546,0.0,0,0.0,0.0,0.0,0.0,0.0,,0.0,,0.0
HBBP1,6201,0.0,0,0.0,0.0,0.0,0.0,2546,0.0,0,0.0,0.0,0.0,0.0,0.0,,0.0,,0.0
PALS1,6201,0.0,0,0.0,0.0,0.0,0.0,2546,0.0,0,0.0,0.0,0.0,0.0,0.0,,0.0,,0.0
G6PC1,6201,0.0,0,0.0,0.0,0.0,0.0,2546,0.0,0,0.0,0.0,0.0,0.0,0.0,,0.0,,0.0
SKIC3,6201,0.0,0,0.0,0.0,0.0,0.0,2546,0.0,0,0.0,0.0,0.0,0.0,0.0,,0.0,,0.0
RIGI,6201,0.0,0,0.0,0.0,0.0,0.0,2546,0.0,0,0.0,0.0,0.0,0.0,0.0,,0.0,,0.0
SELENOP,6201,0.0,0,0.0,0.0,0.0,0.0,2546,0.0,0,0.0,0.0,0.0,0.0,0.0,,0.0,,0.0
H2AC25,6201,0.0,0,0.0,0.0,0.0,0.0,2546,0.0,0,0.0,0.0,0.0,0.0,0.0,,0.0,,0.0
GPX4,6201,0.0,0,0.0,0.0,0.0,0.0,2546,0.0,0,0.0,0.0,0.0,0.0,0.0,,0.0,,0.0
EEIG1,6201,0.0,0,0.0,0.0,0.0,0.0,2546,0.0,0,0.0,0.0,0.0,0.0,0.0,,0.0,,0.0
PHB1,6201,0.0,0,0.0,0.0,0.0,0.0,2546,0.0,0,0.0,0.0,0.0,0.0,0.0,,0.0,,0.0
NHERF1,6201,0.0,0,0.0,0.0,0.0,0.0,2546,0.0,0,0.0,0.0,0.0,0.0,0.0,,0.0,,0.0
XIST,6201,0.0,0,0.0,0.0,0.0,0.0,2546,0.0,0,0.0,0.0,0.0,0.0,0.0,,0.0,,0.0
BOLA2,6201,0.0,0,0.0,0.0,0.0,0.0,2546,0.0,0,0.0,0.0,0.0,0.0,0.0,,0.0,,0.0
NHERF4,6201,0.0,0,0.0,0.0,0.0,0.0,2546,0.0,0,0.0,0.0,0.0,0.0,0.0,,0.0,,0.0
