token,key,train_document_frequency,test_document_frequency
gene=TP53|family=substitution:missense,family,1299,748
gene=TP53|subfamily=missense,subfamily,1299,748
gene=TP53|position_bin=201-300,position_bin,988,559
gene=TP53|position_bin=101-200,position_bin,657,786
gene=PIK3CA|family=substitution:missense,family,665,332
gene=PIK3CA|subfamily=missense,subfamily,665,332
gene=TCHH|family=substitution:missense,family,165,518
gene=TCHH|subfamily=missense,subfamily,165,518
gene=TP53|position_bin=1-100,position_bin,87,507
gene=RYR2|family=substitution:missense,family,504,250
gene=RYR2|subfamily=missense,subfamily,504,250
gene=SYNE1|family=substitution:missense,family,467,309
gene=SYNE1|subfamily=missense,subfamily,467,309
gene=PCLO|family=substitution:missense,family,454,226
gene=PCLO|subfamily=missense,subfamily,454,226
gene=APC|position_bin=1301-1400,position_bin,62,440
gene=APC|position_bin=1201-1300,position_bin,33,436
gene=IDH1|family=substitution:missense,family,434,113
gene=IDH1|subfamily=missense,subfamily,434,113
gene=IDH1|position_bin=101-200,position_bin,421,105
gene=BRAF|family=substitution:missense,family,417,187
gene=BRAF|subfamily=missense,subfamily,417,187
gene=AHNAK|family=substitution:missense,family,245,415
gene=AHNAK|subfamily=missense,subfamily,245,415
gene=CACNA1A|family=substitution:missense,family,144,373
gene=CACNA1A|subfamily=missense,subfamily,144,373
gene=SPTA1|family=substitution:missense,family,357,161
gene=SPTA1|subfamily=missense,subfamily,357,161
gene=BRAF|position_bin=501-600,position_bin,356,154
gene=AHNAK|family=substitution:no_change,family,114,349
gene=AHNAK|subfamily=no_change,subfamily,114,349
gene=IDH1|aa_transition=R>H,aa_transition,346,75
gene=APC|position_bin=1101-1200,position_bin,24,344
gene=APC|family=substitution:nonsense,family,159,336
gene=APC|subfamily=nonsense,subfamily,159,336
gene=RYR1|family=substitution:missense,family,324,209
gene=RYR1|subfamily=missense,subfamily,324,209
gene=BRAF|aa_transition=V>E,aa_transition,321,118
gene=DMD|family=substitution:missense,family,308,161
gene=DMD|subfamily=missense,subfamily,308,161
gene=CPEB2|family=substitution:missense,family,26,307
gene=CPEB2|subfamily=missense,subfamily,26,307
gene=DST|family=substitution:missense,family,300,161
gene=DST|subfamily=missense,subfamily,300,161
gene=PIK3CA|position_bin=501-600,position_bin,284,147
gene=APC|family=frameshift,family,70,281
gene=APC|parse_status=partial,parse_status,70,281
gene=UBC|family=substitution:no_change,family,35,275
gene=UBC|subfamily=no_change,subfamily,35,275
gene=MAGEE1|family=substitution:missense,family,74,274
gene=MAGEE1|subfamily=missense,subfamily,74,274
gene=TP53|family=substitution:nonsense,family,268,163
gene=TP53|subfamily=nonsense,subfamily,268,163
gene=RELN|family=substitution:missense,family,264,151
gene=RELN|subfamily=missense,subfamily,264,151
gene=PIK3CA|aa_transition=E>K,aa_transition,260,136
gene=PKHD1|family=substitution:missense,family,254,141
gene=PKHD1|subfamily=missense,subfamily,254,141
gene=APC|frameshift_grammar=ref_position_alt,frameshift_grammar,0,254
gene=APC|subfamily=ref_position_alt,subfamily,0,254
gene=TP53|family=frameshift,family,252,124
gene=TP53|parse_status=partial,parse_status,252,124
gene=APC|position_bin=1001-1100,position_bin,13,252
gene=KMT2D|family=substitution:missense,family,240,246
gene=KMT2D|subfamily=missense,subfamily,240,246
gene=MXRA5|family=substitution:missense,family,244,149
gene=MXRA5|subfamily=missense,subfamily,244,149
gene=APC|position_bin=1401-1500,position_bin,57,241
gene=COL6A3|family=substitution:missense,family,237,163
gene=COL6A3|subfamily=missense,subfamily,237,163
gene=HUWE1|family=substitution:missense,family,232,102
gene=HUWE1|subfamily=missense,subfamily,232,102
gene=CACNA1A|position_bin=2201-2300,position_bin,7,230
gene=PIK3CA|position_bin=1001-1100,position_bin,228,99
gene=FBN2|family=substitution:missense,family,227,114
gene=FBN2|subfamily=missense,subfamily,227,114
gene=PEG3|family=substitution:missense,family,223,109
gene=PEG3|subfamily=missense,subfamily,223,109
gene=HLA-A|family=substitution:missense,family,46,222
gene=HLA-A|subfamily=missense,subfamily,46,222
gene=CPEB2|position_bin=501-600,position_bin,7,215
gene=VCAN|family=substitution:missense,family,214,146
gene=VCAN|subfamily=missense,subfamily,214,146
gene=VHL|position_bin=101-200,position_bin,214,36
gene=COL11A1|family=substitution:missense,family,211,123
gene=COL11A1|subfamily=missense,subfamily,211,123
gene=PTPRD|family=substitution:missense,family,211,84
gene=PTPRD|subfamily=missense,subfamily,211,84
gene=TP53|frameshift_grammar=short_ref_position,frameshift_grammar,211,46
gene=TP53|subfamily=short_ref_position,subfamily,211,46
gene=SYNE1|family=substitution:no_change,family,210,107
gene=SYNE1|subfamily=no_change,subfamily,210,107
gene=MYH2|family=substitution:missense,family,207,111
gene=MYH2|subfamily=missense,subfamily,207,111
gene=TG|family=substitution:missense,family,206,116
gene=TG|subfamily=missense,subfamily,206,116
gene=LAMA2|family=substitution:missense,family,205,118
gene=LAMA2|subfamily=missense,subfamily,205,118
gene=LRP1|family=substitution:missense,family,202,118
gene=LRP1|subfamily=missense,subfamily,202,118
gene=PLEC|family=substitution:missense,family,202,191
gene=PLEC|subfamily=missense,subfamily,202,191
gene=LAMA1|family=substitution:missense,family,201,124
gene=LAMA1|subfamily=missense,subfamily,201,124
gene=RYR2|family=substitution:no_change,family,201,90
gene=RYR2|subfamily=no_change,subfamily,201,90
gene=MUC1|position_bin=101-200,position_bin,8,201
gene=KALRN|family=substitution:missense,family,196,110
gene=KALRN|subfamily=missense,subfamily,196,110
gene=KMT2D|family=substitution:no_change,family,107,194
gene=KMT2D|subfamily=no_change,subfamily,107,194
gene=MYH4|family=substitution:missense,family,193,79
gene=MYH4|subfamily=missense,subfamily,193,79
gene=COL12A1|family=substitution:missense,family,192,114
gene=COL12A1|subfamily=missense,subfamily,192,114
gene=PCLO|family=substitution:no_change,family,192,92
gene=PCLO|subfamily=no_change,subfamily,192,92
gene=PDE4DIP|family=substitution:missense,family,191,78
gene=PDE4DIP|subfamily=missense,subfamily,191,78
gene=PTEN|family=substitution:missense,family,191,74
gene=PTEN|subfamily=missense,subfamily,191,74
gene=SCN10A|family=substitution:missense,family,191,113
gene=SCN10A|subfamily=missense,subfamily,191,113
gene=MYH1|family=substitution:missense,family,190,96
gene=MYH1|subfamily=missense,subfamily,190,96
gene=EGFR|family=substitution:missense,family,189,118
gene=EGFR|subfamily=missense,subfamily,189,118
gene=KDM6B|family=substitution:missense,family,67,189
gene=KDM6B|subfamily=missense,subfamily,67,189
gene=DCC|family=substitution:missense,family,188,84
gene=DCC|subfamily=missense,subfamily,188,84
gene=TUBGCP6|family=substitution:missense,family,75,187
gene=TUBGCP6|subfamily=missense,subfamily,75,187
gene=MAGEE1|position_bin=201-300,position_bin,15,186
gene=ALMS1|family=substitution:missense,family,181,155
gene=ALMS1|subfamily=missense,subfamily,181,155
gene=DOCK2|family=substitution:missense,family,181,96
gene=DOCK2|subfamily=missense,subfamily,181,96
gene=FBN1|family=substitution:missense,family,181,114
gene=FBN1|subfamily=missense,subfamily,181,114
gene=TENM2|family=substitution:missense,family,180,106
gene=TENM2|subfamily=missense,subfamily,180,106
gene=RYR1|family=substitution:no_change,family,179,104
gene=RYR1|subfamily=no_change,subfamily,179,104
gene=MYH8|family=substitution:missense,family,178,89
gene=MYH8|subfamily=missense,subfamily,178,89
gene=RNF213|family=substitution:missense,family,178,127
gene=RNF213|subfamily=missense,subfamily,178,127
gene=FLNC|family=substitution:missense,family,177,115
gene=FLNC|subfamily=missense,subfamily,177,115
gene=TCHH|position_bin=501-600,position_bin,18,177
gene=CTNNB1|family=substitution:missense,family,176,104
gene=CTNNB1|subfamily=missense,subfamily,176,104
gene=ATRX|family=substitution:missense,family,175,75
gene=ATRX|subfamily=missense,subfamily,175,75
gene=LAMA3|family=substitution:missense,family,175,98
gene=LAMA3|subfamily=missense,subfamily,175,98
gene=PABPC1|family=substitution:missense,family,59,175
gene=PABPC1|subfamily=missense,subfamily,59,175
gene=NLGN2|family=substitution:missense,family,47,174
gene=NLGN2|subfamily=missense,subfamily,47,174
gene=MTCH2|position_bin=201-300,position_bin,7,174
gene=MKI67|family=substitution:missense,family,171,128
gene=MKI67|subfamily=missense,subfamily,171,128
gene=MTOR|family=substitution:missense,family,170,113
gene=MTOR|subfamily=missense,subfamily,170,113
gene=VWF|family=substitution:missense,family,170,93
gene=VWF|subfamily=missense,subfamily,170,93
gene=RUNX1|family=substitution:missense,family,31,170
gene=RUNX1|subfamily=missense,subfamily,31,170
gene=MYO15A|family=substitution:missense,family,168,134
gene=MYO15A|subfamily=missense,subfamily,168,134
gene=PLEC|subfamily=no_change,subfamily,168,86
gene=PTEN|position_bin=101-200,position_bin,168,71
gene=MFHAS1|family=substitution:missense,family,41,167
gene=MFHAS1|subfamily=missense,subfamily,41,167
gene=TUBGCP6|position_bin=1101-1200,position_bin,10,167
gene=DYNC1H1|family=substitution:missense,family,166,101
gene=DYNC1H1|subfamily=missense,subfamily,166,101
gene=F5|family=substitution:missense,family,166,128
gene=F5|subfamily=missense,subfamily,166,128
gene=PLEC|family=substitution:no_change,family,166,86
gene=SCN9A|family=substitution:missense,family,165,103
gene=SCN9A|subfamily=missense,subfamily,165,103
gene=CREBBP|family=substitution:missense,family,164,120
gene=CREBBP|subfamily=missense,subfamily,164,120
gene=PRKDC|family=substitution:missense,family,163,102
gene=PRKDC|subfamily=missense,subfamily,163,102
gene=MYH7|family=substitution:missense,family,162,99
gene=MYH7|subfamily=missense,subfamily,162,99
gene=ROS1|family=substitution:missense,family,162,84
gene=ROS1|subfamily=missense,subfamily,162,84
gene=TCHH|family=substitution:no_change,family,50,162
gene=TCHH|subfamily=no_change,subfamily,50,162
gene=COL7A1|family=substitution:missense,family,161,99
gene=COL7A1|subfamily=missense,subfamily,161,99
gene=SLIT2|family=substitution:missense,family,161,85
gene=SLIT2|subfamily=missense,subfamily,161,85
gene=CACNA1B|family=substitution:missense,family,132,161
gene=CACNA1B|subfamily=missense,subfamily,132,161
gene=COL5A1|family=substitution:missense,family,160,100
gene=COL5A1|subfamily=missense,subfamily,160,100
gene=LCT|family=substitution:missense,family,160,91
gene=LCT|subfamily=missense,subfamily,160,91
gene=PCNT|family=substitution:missense,family,160,105
gene=PCNT|subfamily=missense,subfamily,160,105
gene=PKD1|family=substitution:missense,family,127,160
gene=PKD1|subfamily=missense,subfamily,127,160
gene=SPEG|family=substitution:missense,family,143,159
gene=SPEG|subfamily=missense,subfamily,143,159
gene=APC|family=substitution:missense,family,158,70
gene=APC|subfamily=missense,subfamily,158,70
gene=F8|family=substitution:missense,family,157,80
gene=F8|subfamily=missense,subfamily,157,80
gene=MUC1|position_bin=901-1000,position_bin,0,157
gene=ANK1|family=substitution:missense,family,155,88
gene=ANK1|subfamily=missense,subfamily,155,88
gene=TEX15|family=substitution:missense,family,154,93
gene=TEX15|subfamily=missense,subfamily,154,93
gene=TUBGCP6|family=substitution:no_change,family,42,154
gene=TUBGCP6|subfamily=no_change,subfamily,42,154
gene=VHL|family=substitution:missense,family,152,41
gene=VHL|subfamily=missense,subfamily,152,41
gene=ABCB1|family=substitution:missense,family,151,59
gene=ABCB1|subfamily=missense,subfamily,151,59
gene=ITPR2|family=substitution:missense,family,151,77
gene=ITPR2|subfamily=missense,subfamily,151,77
gene=RXRA|position_bin=1-100,position_bin,5,150
gene=NOS1|family=substitution:missense,family,149,84
gene=NOS1|subfamily=missense,subfamily,149,84
gene=PIK3CA|aa_transition=H>R,aa_transition,148,57
gene=FBXW7|family=substitution:missense,family,142,146
gene=FBXW7|subfamily=missense,subfamily,142,146
gene=RUNX1|position_bin=301-400,position_bin,6,146
gene=COL1A2|family=substitution:missense,family,145,75
gene=COL1A2|subfamily=missense,subfamily,145,75
gene=GNAS|family=substitution:missense,family,143,145
gene=GNAS|subfamily=missense,subfamily,143,145
gene=FN1|family=substitution:missense,family,144,97
gene=FN1|subfamily=missense,subfamily,144,97
gene=NRXN2|family=substitution:missense,family,92,144
gene=NRXN2|subfamily=missense,subfamily,92,144
gene=TP53|aa_transition=R>H,aa_transition,142,135
gene=GRID2|family=substitution:missense,family,141,68
gene=GRID2|subfamily=missense,subfamily,141,68
gene=ZFPM2|family=substitution:missense,family,141,100
gene=ZFPM2|subfamily=missense,subfamily,141,100
gene=RUNX1|position_bin=401-500,position_bin,0,141
gene=CENPF|family=substitution:missense,family,139,76
gene=CENPF|subfamily=missense,subfamily,139,76
gene=CFH|family=substitution:missense,family,139,81
gene=CFH|subfamily=missense,subfamily,139,81
gene=MYH11|family=substitution:missense,family,139,85
gene=MYH11|subfamily=missense,subfamily,139,85
gene=NF1|family=substitution:missense,family,139,66
gene=NF1|subfamily=missense,subfamily,139,66
gene=NOTCH1|family=substitution:missense,family,139,95
gene=NOTCH1|subfamily=missense,subfamily,139,95
gene=CDH8|family=substitution:missense,family,138,88
gene=CDH8|subfamily=missense,subfamily,138,88
gene=CELSR1|family=substitution:missense,family,138,120
gene=CELSR1|subfamily=missense,subfamily,138,120
gene=MAP4K1|family=substitution:missense,family,32,138
gene=MAP4K1|subfamily=missense,subfamily,32,138
gene=POLQ|family=substitution:missense,family,137,87
gene=POLQ|subfamily=missense,subfamily,137,87
gene=MUC1|family=substitution:no_change,family,8,137
gene=MUC1|subfamily=no_change,subfamily,8,137
gene=CACNA1A|aa_transition=H>P,aa_transition,0,137
gene=MYOM2|family=substitution:missense,family,136,82
gene=MYOM2|subfamily=missense,subfamily,136,82
gene=SAMD9|family=substitution:missense,family,136,67
gene=SAMD9|subfamily=missense,subfamily,136,67
gene=C3|family=substitution:missense,family,135,84
gene=C3|subfamily=missense,subfamily,135,84
gene=CELSR2|family=substitution:missense,family,135,90
gene=CELSR2|subfamily=missense,subfamily,135,90
gene=HLA-B|family=substitution:missense,family,34,135
gene=HLA-B|subfamily=missense,subfamily,34,135
gene=EPHA5|family=substitution:missense,family,134,69
gene=EPHA5|subfamily=missense,subfamily,134,69
gene=MYLK|family=substitution:missense,family,134,90
gene=MYLK|subfamily=missense,subfamily,134,90
gene=HLA-A|position_bin=101-200,position_bin,24,134
gene=LTBP1|family=substitution:missense,family,133,63
gene=LTBP1|subfamily=missense,subfamily,133,63
gene=SPTB|family=substitution:missense,family,133,96
gene=SPTB|subfamily=missense,subfamily,133,96
gene=AKAP13|family=substitution:missense,family,132,76
gene=AKAP13|subfamily=missense,subfamily,132,76
gene=COL3A1|family=substitution:missense,family,132,74
gene=COL3A1|subfamily=missense,subfamily,132,74
gene=CR1|family=substitution:missense,family,132,82
gene=CR1|subfamily=missense,subfamily,132,82
gene=TNC|family=substitution:missense,family,132,95
gene=TNC|subfamily=missense,subfamily,132,95
gene=KDM6B|subfamily=no_change,subfamily,19,132
gene=KDM6B|family=substitution:no_change,family,18,132
gene=BRCA2|family=substitution:missense,family,131,86
gene=BRCA2|subfamily=missense,subfamily,131,86
gene=NOTCH4|family=substitution:missense,family,131,78
gene=NOTCH4|subfamily=missense,subfamily,131,78
gene=PLCB1|family=substitution:missense,family,131,57
gene=PLCB1|subfamily=missense,subfamily,131,57
gene=TP53|position_bin=301-400,position_bin,131,84
gene=COL6A3|family=substitution:no_change,family,130,82
gene=COL6A3|subfamily=no_change,subfamily,130,82
gene=NLRP3|family=substitution:missense,family,130,70
gene=NLRP3|subfamily=missense,subfamily,130,70
gene=NOTCH2|family=substitution:missense,family,130,58
gene=NOTCH2|subfamily=missense,subfamily,130,58
gene=POLE|family=substitution:missense,family,130,90
gene=POLE|subfamily=missense,subfamily,130,90
gene=TRIO|family=substitution:missense,family,130,99
gene=TRIO|subfamily=missense,subfamily,130,99
gene=PLCB4|family=substitution:missense,family,129,58
gene=PLCB4|subfamily=missense,subfamily,129,58
gene=SLIT3|family=substitution:missense,family,129,72
gene=SLIT3|subfamily=missense,subfamily,129,72
gene=RXRA|family=substitution:missense,family,31,129
gene=RXRA|subfamily=missense,subfamily,31,129
gene=ATRX|family=frameshift,family,128,42
gene=ATRX|parse_status=partial,parse_status,128,42
gene=DOCK10|family=substitution:missense,family,128,81
gene=DOCK10|subfamily=missense,subfamily,128,81
gene=ABCA4|family=substitution:missense,family,127,106
gene=ABCA4|subfamily=missense,subfamily,127,106
gene=CDKN2A|position_bin=1-100,position_bin,127,52
gene=FLNB|family=substitution:missense,family,127,63
gene=FLNB|subfamily=missense,subfamily,127,63
gene=MAGI2|family=substitution:missense,family,127,93
gene=MAGI2|subfamily=missense,subfamily,127,93
gene=CES1|position_bin=1-100,position_bin,20,127
gene=COL5A2|family=substitution:missense,family,126,82
gene=COL5A2|subfamily=missense,subfamily,126,82
gene=FLNA|family=substitution:missense,family,125,80
gene=FLNA|subfamily=missense,subfamily,125,80
gene=GRM8|family=substitution:missense,family,125,76
gene=GRM8|subfamily=missense,subfamily,125,76
gene=NAV2|family=substitution:missense,family,125,77
gene=NAV2|subfamily=missense,subfamily,125,77
gene=SPTA1|family=substitution:no_change,family,125,68
gene=SPTA1|subfamily=no_change,subfamily,125,68
gene=TIAM1|family=substitution:missense,family,125,102
gene=TIAM1|subfamily=missense,subfamily,125,102
gene=TP53|aa_transition=R>STOP,aa_transition,125,80
gene=COL4A1|family=substitution:missense,family,124,68
gene=COL4A1|subfamily=missense,subfamily,124,68
gene=CTNNB1|position_bin=1-100,position_bin,124,65
gene=MAP1B|family=substitution:missense,family,124,92
gene=MAP1B|subfamily=missense,subfamily,124,92
gene=MAST4|family=substitution:missense,family,100,124
gene=MAST4|subfamily=missense,subfamily,100,124
gene=MTCH2|position_bin=1-100,position_bin,10,124
gene=DLC1|family=substitution:missense,family,123,97
gene=DLC1|subfamily=missense,subfamily,123,97
gene=IGSF1|family=substitution:missense,family,123,67
gene=IGSF1|subfamily=missense,subfamily,123,67
gene=RELN|family=substitution:no_change,family,123,63
gene=RELN|subfamily=no_change,subfamily,123,63
gene=SAMD9L|family=substitution:missense,family,123,76
gene=SAMD9L|subfamily=missense,subfamily,123,76
gene=CENPE|family=substitution:missense,family,122,70
gene=CENPE|subfamily=missense,subfamily,122,70
gene=COL5A3|family=substitution:missense,family,122,81
gene=COL5A3|subfamily=missense,subfamily,122,81
gene=DPYD|family=substitution:missense,family,122,63
gene=DPYD|subfamily=missense,subfamily,122,63
gene=EPB41L3|family=substitution:missense,family,122,75
gene=EPB41L3|subfamily=missense,subfamily,122,75
gene=MYH9|family=substitution:missense,family,122,59
gene=MYH9|subfamily=missense,subfamily,122,59
gene=HLA-B|position_bin=1-100,position_bin,22,122
gene=ESRRA|position_bin=301-400,position_bin,7,122
gene=ADCY2|family=substitution:missense,family,121,70
gene=ADCY2|subfamily=missense,subfamily,121,70
gene=NOTCH3|family=substitution:missense,family,121,108
gene=NOTCH3|subfamily=missense,subfamily,121,108
gene=MFHAS1|position_bin=101-200,position_bin,8,121
gene=GREB1|family=substitution:missense,family,120,95
gene=GREB1|subfamily=missense,subfamily,120,95
gene=NIPBL|family=substitution:missense,family,120,78
gene=NIPBL|subfamily=missense,subfamily,120,78
gene=PIK3CG|family=substitution:missense,family,120,63
gene=PIK3CG|subfamily=missense,subfamily,120,63
gene=PTEN|family=frameshift,family,120,58
gene=PTEN|parse_status=partial,parse_status,120,58
gene=CACNA1H|family=substitution:missense,family,115,120
gene=CACNA1H|subfamily=missense,subfamily,115,120
gene=TCF7L2|position_bin=401-500,position_bin,23,120
gene=KMT2D|position_bin=601-700,position_bin,17,120
gene=CDH4|family=substitution:missense,family,119,73
gene=CDH4|subfamily=missense,subfamily,119,73
gene=PIKFYVE|family=substitution:missense,family,119,61
gene=PIKFYVE|subfamily=missense,subfamily,119,61
gene=PTPRC|family=substitution:missense,family,119,68
gene=PTPRC|subfamily=missense,subfamily,119,68
gene=SVIL|family=substitution:missense,family,111,119
gene=SVIL|subfamily=missense,subfamily,111,119
gene=PREX1|family=substitution:missense,family,118,94
gene=PREX1|subfamily=missense,subfamily,118,94
gene=NCOR2|family=substitution:missense,family,106,118
gene=NCOR2|subfamily=missense,subfamily,106,118
gene=CPEB2|aa_transition=Q>P,aa_transition,0,118
gene=SIPA1L1|family=substitution:missense,family,117,70
gene=SIPA1L1|subfamily=missense,subfamily,117,70
gene=TNS1|family=substitution:missense,family,117,87
gene=TNS1|subfamily=missense,subfamily,117,87
gene=ZNF292|family=substitution:missense,family,117,72
gene=ZNF292|subfamily=missense,subfamily,117,72
gene=ABCA1|family=substitution:missense,family,116,71
gene=ABCA1|subfamily=missense,subfamily,116,71
gene=CFTR|family=substitution:missense,family,116,82
gene=CFTR|subfamily=missense,subfamily,116,82
gene=ERBB3|family=substitution:missense,family,116,69
gene=ERBB3|subfamily=missense,subfamily,116,69
gene=IGF2R|family=substitution:missense,family,116,63
gene=IGF2R|subfamily=missense,subfamily,116,63
gene=PKHD1|family=substitution:no_change,family,116,57
gene=PKHD1|subfamily=no_change,subfamily,116,57
gene=CACNA1F|family=substitution:missense,family,115,70
gene=CACNA1F|subfamily=missense,subfamily,115,70
gene=DOCK4|family=substitution:missense,family,115,86
gene=DOCK4|subfamily=missense,subfamily,115,86
gene=HDAC9|family=substitution:missense,family,115,65
gene=HDAC9|subfamily=missense,subfamily,115,65
gene=STAB1|family=substitution:missense,family,114,115
gene=STAB1|subfamily=missense,subfamily,114,115
gene=FBXW7|position_bin=401-500,position_bin,60,115
gene=KIF1B|family=substitution:missense,family,114,65
gene=KIF1B|subfamily=missense,subfamily,114,65
gene=MTCH2|family=substitution:missense,family,18,114
gene=MTCH2|subfamily=missense,subfamily,18,114
gene=MAGEE1|position_bin=101-200,position_bin,10,114
gene=ACACA|family=substitution:missense,family,113,67
gene=ACACA|subfamily=missense,subfamily,113,67
gene=CAD|family=substitution:missense,family,113,72
gene=CAD|subfamily=missense,subfamily,113,72
gene=CNTN1|family=substitution:missense,family,113,71
gene=CNTN1|subfamily=missense,subfamily,113,71
gene=RNF213|family=substitution:no_change,family,113,62
gene=RNF213|subfamily=no_change,subfamily,113,62
gene=SPTAN1|family=substitution:missense,family,112,74
gene=SPTAN1|subfamily=missense,subfamily,112,74
gene=FGA|family=substitution:missense,family,111,56
gene=FGA|subfamily=missense,subfamily,111,56
gene=RAPGEFL1|position_bin=1-100,position_bin,6,111
gene=MYH3|family=substitution:missense,family,110,73
gene=MYH3|subfamily=missense,subfamily,110,73
gene=NFASC|family=substitution:missense,family,110,78
gene=NFASC|subfamily=missense,subfamily,110,78
gene=PLCL1|family=substitution:missense,family,110,66
gene=PLCL1|subfamily=missense,subfamily,110,66
gene=REV3L|family=substitution:missense,family,110,64
gene=REV3L|subfamily=missense,subfamily,110,64
gene=APC|aa_transition=R>STOP,aa_transition,79,110
gene=MAGEE1|family=substitution:no_change,family,28,110
gene=MAGEE1|subfamily=no_change,subfamily,28,110
gene=SCN10A|family=substitution:no_change,family,109,49
gene=SCN10A|subfamily=no_change,subfamily,109,49
gene=MAST2|family=substitution:missense,family,58,109
gene=MAST2|subfamily=missense,subfamily,58,109
gene=HLA-C|family=substitution:missense,family,41,108
gene=HLA-C|subfamily=missense,subfamily,41,108
gene=UTP20|family=substitution:missense,family,107,65
gene=UTP20|subfamily=missense,subfamily,107,65
gene=VHL|position_bin=1-100,position_bin,107,34
gene=HELZ2|family=substitution:missense,family,91,107
gene=HELZ2|subfamily=missense,subfamily,91,107
gene=GRINA|family=substitution:missense,family,13,107
gene=GRINA|subfamily=missense,subfamily,13,107
gene=CDH11|family=substitution:missense,family,106,72
gene=CDH11|subfamily=missense,subfamily,106,72
gene=CIT|family=substitution:missense,family,106,81
gene=CIT|subfamily=missense,subfamily,106,81
gene=LAMA1|family=substitution:no_change,family,106,70
gene=LAMA1|subfamily=no_change,subfamily,106,70
gene=MXRA5|family=substitution:no_change,family,106,76
gene=MXRA5|subfamily=no_change,subfamily,106,76
gene=MYH10|family=substitution:missense,family,106,87
gene=MYH10|subfamily=missense,subfamily,106,87
gene=MYH4|family=substitution:no_change,family,106,31
gene=MYH4|subfamily=no_change,subfamily,106,31
gene=PTPRM|family=substitution:missense,family,106,51
gene=PTPRM|subfamily=missense,subfamily,106,51
gene=CACNA1B|family=substitution:no_change,family,79,106
gene=CACNA1B|subfamily=no_change,subfamily,79,106
gene=APC|position_bin=1501-1600,position_bin,22,106
gene=ABCB4|family=substitution:missense,family,105,57
gene=ABCB4|subfamily=missense,subfamily,105,57
gene=PTEN|position_bin=201-300,position_bin,105,61
gene=SPTBN2|family=substitution:missense,family,105,95
gene=SPTBN2|subfamily=missense,subfamily,105,95
gene=VHL|family=frameshift,family,105,16
gene=VHL|parse_status=partial,parse_status,105,16
gene=XDH|family=substitution:missense,family,105,57
gene=XDH|subfamily=missense,subfamily,105,57
gene=IFITM3|position_bin=1-100,position_bin,19,105
gene=HLA-C|position_bin=201-300,position_bin,12,105
gene=ADCY1|family=substitution:missense,family,104,77
gene=ADCY1|subfamily=missense,subfamily,104,77
gene=ARPP21|family=substitution:missense,family,104,57
gene=ARPP21|subfamily=missense,subfamily,104,57
gene=KIT|family=substitution:missense,family,104,58
gene=KIT|subfamily=missense,subfamily,104,58
gene=LAMA4|family=substitution:missense,family,104,71
gene=LAMA4|subfamily=missense,subfamily,104,71
gene=MED13L|family=substitution:missense,family,104,78
gene=MED13L|subfamily=missense,subfamily,104,78
gene=TP53|aa_transition=R>C,aa_transition,104,49
gene=CES1|family=substitution:missense,family,53,104
gene=CES1|subfamily=missense,subfamily,53,104
gene=KRT15|position_bin=1-100,position_bin,9,104
gene=SFPQ|position_bin=1-100,position_bin,4,104
gene=ABCA8|family=substitution:missense,family,103,70
gene=ABCA8|subfamily=missense,subfamily,103,70
gene=AGRN|family=substitution:missense,family,58,103
gene=AGRN|subfamily=missense,subfamily,58,103
gene=RAPGEFL1|family=substitution:missense,family,20,103
gene=RAPGEFL1|subfamily=missense,subfamily,20,103
gene=ABCC8|family=substitution:missense,family,102,81
gene=ABCC8|subfamily=missense,subfamily,102,81
gene=COL15A1|family=substitution:missense,family,102,80
gene=COL15A1|subfamily=missense,subfamily,102,80
gene=CR2|family=substitution:missense,family,102,48
gene=CR2|subfamily=missense,subfamily,102,48
gene=CPEB2|aa_transition=H>P,aa_transition,0,102
gene=CDH6|family=substitution:missense,family,101,51
gene=CDH6|subfamily=missense,subfamily,101,51
gene=MYOM1|family=substitution:missense,family,101,53
gene=MYOM1|subfamily=missense,subfamily,101,53
gene=TP63|family=substitution:missense,family,101,52
gene=TP63|subfamily=missense,subfamily,101,52
gene=CROCC|family=substitution:missense,family,89,101
gene=CROCC|subfamily=missense,subfamily,89,101
gene=PABPC1|position_bin=301-400,position_bin,21,101
gene=MADCAM1|position_bin=201-300,position_bin,18,101
gene=KEL|family=substitution:missense,family,100,62
gene=KEL|subfamily=missense,subfamily,100,62
gene=LRP1|family=substitution:no_change,family,100,68
gene=LRP1|subfamily=no_change,subfamily,100,68
gene=NFE2L2|family=substitution:missense,family,100,44
gene=NFE2L2|subfamily=missense,subfamily,100,44
gene=NID2|family=substitution:missense,family,100,79
gene=NID2|subfamily=missense,subfamily,100,79
gene=PTCH1|family=substitution:missense,family,100,70
gene=PTCH1|subfamily=missense,subfamily,100,70
gene=FBXW7|position_bin=301-400,position_bin,22,100
gene=TCF7L2|position_bin=301-400,position_bin,18,100
gene=CDC42EP1|position_bin=201-300,position_bin,6,100
gene=A2M|family=substitution:missense,family,99,81
gene=A2M|subfamily=missense,subfamily,99,81
gene=ARFGEF2|family=substitution:missense,family,99,81
gene=ARFGEF2|subfamily=missense,subfamily,99,81
gene=COL4A2|family=substitution:missense,family,99,58
gene=COL4A2|subfamily=missense,subfamily,99,58
gene=DYNC1H1|family=substitution:no_change,family,99,63
gene=DYNC1H1|subfamily=no_change,subfamily,99,63
gene=ERBB2|family=substitution:missense,family,99,73
gene=ERBB2|subfamily=missense,subfamily,99,73
gene=KCNH1|family=substitution:missense,family,99,56
gene=KCNH1|subfamily=missense,subfamily,99,56
gene=NCOA6|family=substitution:missense,family,99,61
gene=NCOA6|subfamily=missense,subfamily,99,61
gene=NLRC5|family=substitution:missense,family,99,70
gene=NLRC5|subfamily=missense,subfamily,99,70
gene=NTRK3|family=substitution:missense,family,99,65
gene=NTRK3|subfamily=missense,subfamily,99,65
gene=SCN8A|family=substitution:missense,family,99,64
gene=SCN8A|subfamily=missense,subfamily,99,64
gene=LTBP2|family=substitution:missense,family,98,86
gene=LTBP2|subfamily=missense,subfamily,98,86
gene=MYH1|family=substitution:no_change,family,98,36
gene=MYH1|subfamily=no_change,subfamily,98,36
gene=NF1|family=substitution:nonsense,family,98,16
gene=NF1|subfamily=nonsense,subfamily,98,16
gene=ATXN1|position_bin=201-300,position_bin,20,98
gene=MYH2|family=substitution:no_change,family,97,40
gene=MYH2|subfamily=no_change,subfamily,97,40
gene=COL6A2|family=substitution:missense,family,83,97
gene=COL6A2|subfamily=missense,subfamily,83,97
gene=CEL|family=substitution:missense,family,44,97
gene=CEL|subfamily=missense,subfamily,44,97
gene=CDC27|family=substitution:missense,family,96,38
gene=CDC27|subfamily=missense,subfamily,96,38
gene=NCAN|family=substitution:missense,family,96,61
gene=NCAN|subfamily=missense,subfamily,96,61
gene=UNC13B|family=substitution:missense,family,89,96
gene=UNC13B|subfamily=missense,subfamily,89,96
gene=TCHH|position_bin=1001-1100,position_bin,18,96
gene=VEGFA|position_bin=101-200,position_bin,3,96
gene=LIFR|family=substitution:missense,family,95,62
gene=LIFR|subfamily=missense,subfamily,95,62
gene=NUP98|family=substitution:missense,family,95,57
gene=NUP98|subfamily=missense,subfamily,95,57
gene=ZNFX1|family=substitution:missense,family,95,49
gene=ZNFX1|subfamily=missense,subfamily,95,49
gene=ACVR2A|position_bin=301-400,position_bin,17,95
gene=AHNAK|position_bin=1901-2000,position_bin,14,95
gene=EFS|position_bin=201-300,position_bin,11,95
gene=CACNA1B|position_bin=801-900,position_bin,3,95
gene=CDK5RAP2|family=substitution:missense,family,94,73
gene=CDK5RAP2|subfamily=missense,subfamily,94,73
gene=EIF4G1|family=substitution:missense,family,94,54
gene=EIF4G1|subfamily=missense,subfamily,94,54
gene=ENPEP|family=substitution:missense,family,94,49
gene=ENPEP|subfamily=missense,subfamily,94,49
gene=ITIH5|family=substitution:missense,family,94,66
gene=ITIH5|subfamily=missense,subfamily,94,66
gene=MYOF|family=substitution:missense,family,94,62
gene=MYOF|subfamily=missense,subfamily,94,62
gene=PKD1|family=substitution:no_change,family,94,57
gene=PKD1|subfamily=no_change,subfamily,94,57
gene=PRDM2|family=substitution:missense,family,94,74
gene=PRDM2|subfamily=missense,subfamily,94,74
gene=PTEN|family=substitution:nonsense,family,94,34
gene=PTEN|subfamily=nonsense,subfamily,94,34
gene=SPTBN1|family=substitution:missense,family,94,79
gene=SPTBN1|subfamily=missense,subfamily,94,79
gene=KCNH2|family=substitution:missense,family,56,94
gene=KCNH2|subfamily=missense,subfamily,56,94
gene=ACVR2A|position_bin=401-500,position_bin,17,94
gene=ACTN2|family=substitution:missense,family,93,64
gene=ACTN2|subfamily=missense,subfamily,93,64
gene=ADAMTS5|family=substitution:missense,family,93,82
gene=ADAMTS5|subfamily=missense,subfamily,93,82
gene=ARFGEF1|family=substitution:missense,family,93,57
gene=ARFGEF1|subfamily=missense,subfamily,93,57
gene=BRCA1|family=substitution:missense,family,93,52
gene=BRCA1|subfamily=missense,subfamily,93,52
gene=COL2A1|family=substitution:missense,family,93,77
gene=COL2A1|subfamily=missense,subfamily,93,77
gene=F13B|family=substitution:missense,family,93,39
gene=F13B|subfamily=missense,subfamily,93,39
gene=MET|family=substitution:missense,family,93,59
gene=MET|subfamily=missense,subfamily,93,59
gene=PCDHB1|family=substitution:missense,family,93,47
gene=PCDHB1|subfamily=missense,subfamily,93,47
gene=TJP1|family=substitution:missense,family,93,58
gene=TJP1|subfamily=missense,subfamily,93,58
gene=ZEB1|family=substitution:missense,family,93,48
gene=ZEB1|subfamily=missense,subfamily,93,48
gene=ABCA2|family=substitution:missense,family,72,93
gene=ABCA2|subfamily=missense,subfamily,72,93
gene=AOX1|family=substitution:missense,family,92,54
gene=AOX1|subfamily=missense,subfamily,92,54
gene=KNTC1|family=substitution:missense,family,92,42
gene=KNTC1|subfamily=missense,subfamily,92,42
gene=LEPR|family=substitution:missense,family,92,53
gene=LEPR|subfamily=missense,subfamily,92,53
gene=MARCO|family=substitution:missense,family,92,50
gene=MARCO|subfamily=missense,subfamily,92,50
gene=NRAP|family=substitution:missense,family,92,72
gene=NRAP|subfamily=missense,subfamily,92,72
gene=IL32|position_bin=101-200,position_bin,8,92
gene=CAMKK2|position_bin=501-600,position_bin,6,92
gene=KDM6B|aa_transition=P>P,aa_transition,5,92
gene=ADCY9|family=substitution:missense,family,91,53
gene=ADCY9|subfamily=missense,subfamily,91,53
gene=CDH2|family=substitution:missense,family,91,76
gene=CDH2|subfamily=missense,subfamily,91,76
gene=CEP192|family=substitution:missense,family,91,64
gene=CEP192|subfamily=missense,subfamily,91,64
gene=CNTRL|family=substitution:missense,family,91,56
gene=CNTRL|subfamily=missense,subfamily,91,56
gene=COL1A1|family=substitution:missense,family,91,54
gene=COL1A1|subfamily=missense,subfamily,91,54
gene=DMD|family=substitution:no_change,family,91,43
gene=DMD|subfamily=no_change,subfamily,91,43
gene=DNMT1|family=substitution:missense,family,91,60
gene=DNMT1|subfamily=missense,subfamily,91,60
gene=DSC1|family=substitution:missense,family,91,41
gene=DSC1|subfamily=missense,subfamily,91,41
gene=IRS4|family=substitution:missense,family,91,77
gene=IRS4|subfamily=missense,subfamily,91,77
gene=MYH8|family=substitution:no_change,family,91,31
gene=MYH8|subfamily=no_change,subfamily,91,31
gene=PCDH7|family=substitution:missense,family,91,69
gene=PCDH7|subfamily=missense,subfamily,91,69
gene=TUBA3C|family=substitution:missense,family,91,52
gene=TUBA3C|subfamily=missense,subfamily,91,52
gene=SIRPA|family=substitution:missense,family,29,91
gene=SIRPA|subfamily=missense,subfamily,29,91
gene=HLA-A|position_bin=201-300,position_bin,17,91
gene=MAP4K1|position_bin=801-900,position_bin,0,91
gene=ABCB11|family=substitution:missense,family,90,40
gene=ABCB11|subfamily=missense,subfamily,90,40
gene=CACNA1A|family=substitution:no_change,family,90,74
gene=CACNA1A|subfamily=no_change,subfamily,90,74
gene=COL9A1|family=substitution:missense,family,90,59
gene=COL9A1|subfamily=missense,subfamily,90,59
gene=FLT4|family=substitution:missense,family,90,86
gene=FLT4|subfamily=missense,subfamily,90,86
gene=ITGA4|family=substitution:missense,family,90,50
gene=ITGA4|subfamily=missense,subfamily,90,50
gene=RREB1|family=substitution:missense,family,90,85
gene=RREB1|subfamily=missense,subfamily,90,85
gene=TRO|family=substitution:missense,family,90,70
gene=TRO|subfamily=missense,subfamily,90,70
gene=WIZ|family=substitution:missense,family,58,90
gene=WIZ|subfamily=missense,subfamily,58,90
gene=ACVR2A|family=frameshift,family,13,90
gene=ACVR2A|parse_status=partial,parse_status,13,90
gene=MUC1|aa_transition=H>H,aa_transition,0,90
gene=ABCA6|family=substitution:missense,family,89,74
gene=ABCA6|subfamily=missense,subfamily,89,74
gene=GBF1|family=substitution:missense,family,89,68
gene=GBF1|subfamily=missense,subfamily,89,68
gene=NUP205|family=substitution:missense,family,89,60
gene=NUP205|subfamily=missense,subfamily,89,60
gene=SPEG|subfamily=no_change,subfamily,89,54
gene=PLXNB2|family=substitution:missense,family,87,89
gene=PLXNB2|subfamily=missense,subfamily,87,89
gene=CFTR|position_bin=401-500,position_bin,18,89
gene=EFS|position_bin=101-200,position_bin,8,89
gene=CEBPA|position_bin=1-100,position_bin,7,89
gene=ABCA9|family=substitution:missense,family,88,78
gene=ABCA9|subfamily=missense,subfamily,88,78
gene=ABCC3|family=substitution:missense,family,88,50
gene=ABCC3|subfamily=missense,subfamily,88,50
gene=ADAM2|family=substitution:missense,family,88,34
gene=ADAM2|subfamily=missense,subfamily,88,34
gene=AGL|family=substitution:missense,family,88,52
gene=AGL|subfamily=missense,subfamily,88,52
gene=ATRX|frameshift_grammar=short_ref_position,frameshift_grammar,88,33
gene=ATRX|subfamily=short_ref_position,subfamily,88,33
gene=CCDC88A|family=substitution:missense,family,88,54
gene=CCDC88A|subfamily=missense,subfamily,88,54
gene=CEP250|family=substitution:missense,family,88,72
gene=CEP250|subfamily=missense,subfamily,88,72
gene=DST|family=substitution:no_change,family,88,66
gene=DST|subfamily=no_change,subfamily,88,66
gene=KIF20B|family=substitution:missense,family,88,70
gene=KIF20B|subfamily=missense,subfamily,88,70
gene=L1CAM|family=substitution:missense,family,88,59
gene=L1CAM|subfamily=missense,subfamily,88,59
gene=NOS1|family=substitution:no_change,family,88,61
gene=NOS1|subfamily=no_change,subfamily,88,61
gene=PTEN|position_bin=1-100,position_bin,88,81
gene=SPEG|family=substitution:no_change,family,88,54
gene=THBS2|family=substitution:missense,family,88,56
gene=THBS2|subfamily=missense,subfamily,88,56
gene=TP53|aa_transition=R>W,aa_transition,88,68
gene=AUTS2|family=substitution:missense,family,73,88
gene=AUTS2|subfamily=missense,subfamily,73,88
gene=CASP5|position_bin=1-100,position_bin,31,88
gene=TNIP1|family=substitution:missense,family,28,88
gene=TNIP1|subfamily=missense,subfamily,28,88
gene=MTCH2|position_bin=101-200,position_bin,12,88
gene=ACE|family=substitution:missense,family,87,58
gene=ACE|subfamily=missense,subfamily,87,58
gene=C8B|family=substitution:missense,family,87,39
gene=C8B|subfamily=missense,subfamily,87,39
gene=COL5A1|family=substitution:no_change,family,87,75
gene=COL5A1|subfamily=no_change,subfamily,87,75
gene=MADD|family=substitution:missense,family,87,64
gene=MADD|subfamily=missense,subfamily,87,64
gene=MYO9B|family=substitution:missense,family,87,77
gene=MYO9B|subfamily=missense,subfamily,87,77
gene=NPHS1|family=substitution:missense,family,87,60
gene=NPHS1|subfamily=missense,subfamily,87,60
gene=PTEN|frameshift_grammar=short_ref_position,frameshift_grammar,87,43
gene=PTEN|subfamily=short_ref_position,subfamily,87,43
gene=PTPRJ|family=substitution:missense,family,87,56
gene=PTPRJ|subfamily=missense,subfamily,87,56
gene=UBC|position_bin=1-100,position_bin,11,87
gene=PAX6|position_bin=201-300,position_bin,9,87
gene=ACVR2A|frameshift_grammar=ref_position_alt,frameshift_grammar,0,87
gene=ACVR2A|subfamily=ref_position_alt,subfamily,0,87
gene=ANK1|family=substitution:no_change,family,86,63
gene=ANK1|subfamily=no_change,subfamily,86,63
gene=DLG5|family=substitution:missense,family,86,72
gene=DLG5|subfamily=missense,subfamily,86,72
gene=GOLGA4|family=substitution:missense,family,86,53
gene=GOLGA4|subfamily=missense,subfamily,86,53
gene=LAMC1|family=substitution:missense,family,86,74
gene=LAMC1|subfamily=missense,subfamily,86,74
gene=PLG|family=substitution:missense,family,86,52
gene=PLG|subfamily=missense,subfamily,86,52
gene=RET|family=substitution:missense,family,86,75
gene=RET|subfamily=missense,subfamily,86,75
gene=TENM2|family=substitution:no_change,family,86,58
gene=TENM2|subfamily=no_change,subfamily,86,58
gene=VHL|frameshift_grammar=short_ref_position,frameshift_grammar,86,11
gene=VHL|subfamily=short_ref_position,subfamily,86,11
gene=VWF|family=substitution:no_change,family,86,50
gene=VWF|subfamily=no_change,subfamily,86,50
gene=RPL22|position_bin=1-100,position_bin,49,86
gene=PAX6|position_bin=301-400,position_bin,20,86
gene=MTCH2|family=substitution:no_change,family,9,86
gene=MTCH2|subfamily=no_change,subfamily,9,86
gene=KDM6B|position_bin=701-800,position_bin,6,86
gene=CKAP5|family=substitution:missense,family,85,48
gene=CKAP5|subfamily=missense,subfamily,85,48
gene=ITGAL|family=substitution:missense,family,85,50
gene=ITGAL|subfamily=missense,subfamily,85,50
gene=LAMA2|family=substitution:no_change,family,85,55
gene=LAMA2|subfamily=no_change,subfamily,85,55
gene=NIN|family=substitution:missense,family,85,62
gene=NIN|subfamily=missense,subfamily,85,62
gene=PDE4DIP|family=substitution:no_change,family,85,60
gene=PDE4DIP|subfamily=no_change,subfamily,85,60
gene=PHF3|family=substitution:missense,family,85,69
gene=PHF3|subfamily=missense,subfamily,85,69
gene=PRKDC|subfamily=no_change,subfamily,85,37
gene=RASAL2|family=substitution:missense,family,85,41
gene=RASAL2|subfamily=missense,subfamily,85,41
gene=TG|family=substitution:no_change,family,85,41
gene=TG|subfamily=no_change,subfamily,85,41
gene=UNC5C|family=substitution:missense,family,85,55
gene=UNC5C|subfamily=missense,subfamily,85,55
gene=POM121|family=substitution:missense,family,53,85
gene=POM121|subfamily=missense,subfamily,53,85
gene=APC|aa_transition=E>STOP,aa_transition,31,85
gene=APC|position_bin=201-300,position_bin,23,85
gene=FBN2|family=substitution:no_change,family,84,71
gene=FBN2|subfamily=no_change,subfamily,84,71
gene=FLNC|family=substitution:no_change,family,84,67
gene=FLNC|subfamily=no_change,subfamily,84,67
gene=KCNMA1|family=substitution:missense,family,84,73
gene=KCNMA1|subfamily=missense,subfamily,84,73
gene=LRIG1|family=substitution:missense,family,84,55
gene=LRIG1|subfamily=missense,subfamily,84,55
gene=MYH7|family=substitution:no_change,family,84,39
gene=MYH7|subfamily=no_change,subfamily,84,39
gene=PDGFRB|family=substitution:missense,family,84,44
gene=PDGFRB|subfamily=missense,subfamily,84,44
gene=PRKDC|family=substitution:no_change,family,84,37
gene=SOS1|family=substitution:missense,family,84,45
gene=SOS1|subfamily=missense,subfamily,84,45
gene=WDR33|family=substitution:missense,family,84,39
gene=WDR33|subfamily=missense,subfamily,84,39
gene=HLA-B|family=substitution:no_change,family,14,84
gene=HLA-B|subfamily=no_change,subfamily,14,84
gene=CEBPA|position_bin=101-200,position_bin,2,84
gene=NLGN2|position_bin=801-900,position_bin,0,84
gene=ATP7A|family=substitution:missense,family,83,47
gene=ATP7A|subfamily=missense,subfamily,83,47
gene=DCC|family=substitution:no_change,family,83,42
gene=DCC|subfamily=no_change,subfamily,83,42
gene=DDX60|family=substitution:missense,family,83,54
gene=DDX60|subfamily=missense,subfamily,83,54
gene=KALRN|family=substitution:no_change,family,83,51
gene=KALRN|subfamily=no_change,subfamily,83,51
gene=MYO15A|family=substitution:no_change,family,83,66
gene=MYO15A|subfamily=no_change,subfamily,83,66
gene=ZMIZ1|family=substitution:missense,family,48,83
gene=ZMIZ1|subfamily=missense,subfamily,48,83
gene=ZBTB10|family=substitution:missense,family,28,83
gene=ZBTB10|subfamily=missense,subfamily,28,83
gene=SFPQ|family=substitution:no_change,family,8,83
gene=SFPQ|subfamily=no_change,subfamily,8,83
gene=KDM6B|position_bin=501-600,position_bin,1,83
gene=ARHGAP5|family=substitution:missense,family,82,46
gene=ARHGAP5|subfamily=missense,subfamily,82,46
gene=BCAN|family=substitution:missense,family,82,47
gene=BCAN|subfamily=missense,subfamily,82,47
gene=CBLB|family=substitution:missense,family,82,39
gene=CBLB|subfamily=missense,subfamily,82,39
gene=ESPL1|family=substitution:missense,family,82,61
gene=ESPL1|subfamily=missense,subfamily,82,61
gene=ITSN1|family=substitution:missense,family,82,61
gene=ITSN1|subfamily=missense,subfamily,82,61
gene=LAMB3|family=substitution:missense,family,82,41
gene=LAMB3|subfamily=missense,subfamily,82,41
gene=NFE2L2|position_bin=1-100,position_bin,82,29
gene=SELP|family=substitution:missense,family,82,56
gene=SELP|subfamily=missense,subfamily,82,56
gene=STAG1|family=substitution:missense,family,82,45
gene=STAG1|subfamily=missense,subfamily,82,45
gene=TCF7L2|family=substitution:missense,family,46,82
gene=TCF7L2|subfamily=missense,subfamily,46,82
gene=TPSAB1|position_bin=1-100,position_bin,18,82
gene=KLF2|family=substitution:missense,family,3,82
gene=KLF2|subfamily=missense,subfamily,3,82
gene=ABCA5|family=substitution:missense,family,81,52
gene=ABCA5|subfamily=missense,subfamily,81,52
gene=ABCC2|family=substitution:missense,family,81,58
gene=ABCC2|subfamily=missense,subfamily,81,58
gene=ATP1A3|family=substitution:missense,family,81,48
gene=ATP1A3|subfamily=missense,subfamily,81,48
gene=CELSR1|family=substitution:no_change,family,81,59
gene=CELSR1|subfamily=no_change,subfamily,81,59
gene=DNMBP|family=substitution:missense,family,81,61
gene=DNMBP|subfamily=missense,subfamily,81,61
gene=FASN|family=substitution:missense,family,81,71
gene=FASN|subfamily=missense,subfamily,81,71
gene=ITGB4|family=substitution:missense,family,81,68
gene=ITGB4|subfamily=missense,subfamily,81,68
gene=NAV2|family=substitution:no_change,family,81,42
gene=NAV2|subfamily=no_change,subfamily,81,42
gene=PLXNB1|family=substitution:missense,family,81,75
gene=PLXNB1|subfamily=missense,subfamily,81,75
gene=POLR2A|family=substitution:missense,family,81,77
gene=POLR2A|subfamily=missense,subfamily,81,77
gene=MAP3K1|family=substitution:missense,family,74,81
gene=MAP3K1|subfamily=missense,subfamily,74,81
gene=ATP4A|family=substitution:missense,family,73,81
gene=ATP4A|subfamily=missense,subfamily,73,81
gene=WNK4|family=substitution:missense,family,64,81
gene=WNK4|subfamily=missense,subfamily,64,81
gene=SOX9|family=frameshift,family,10,81
gene=SOX9|parse_status=partial,parse_status,10,81
gene=SIRPA|position_bin=101-200,position_bin,9,81
gene=ARHGEF11|family=substitution:missense,family,80,71
gene=ARHGEF11|subfamily=missense,subfamily,80,71
gene=KMT2D|family=frameshift,family,80,37
gene=KMT2D|parse_status=partial,parse_status,80,37
gene=MKI67|family=substitution:no_change,family,80,51
gene=MKI67|subfamily=no_change,subfamily,80,51
gene=PEG3|family=substitution:no_change,family,80,51
gene=PEG3|subfamily=no_change,subfamily,80,51
gene=PTPRG|family=substitution:missense,family,80,64
gene=PTPRG|subfamily=missense,subfamily,80,64
gene=SCAF4|family=substitution:missense,family,80,53
gene=SCAF4|subfamily=missense,subfamily,80,53
gene=TRIM58|family=substitution:missense,family,80,53
gene=TRIM58|subfamily=missense,subfamily,80,53
gene=CYFIP2|family=substitution:missense,family,79,46
gene=CYFIP2|subfamily=missense,subfamily,79,46
gene=DOCK9|family=substitution:missense,family,79,59
gene=DOCK9|subfamily=missense,subfamily,79,59
gene=IGSF3|family=substitution:missense,family,79,57
gene=IGSF3|subfamily=missense,subfamily,79,57
gene=NCOA3|family=substitution:missense,family,79,50
gene=NCOA3|subfamily=missense,subfamily,79,50
gene=PROS1|family=substitution:missense,family,79,40
gene=PROS1|subfamily=missense,subfamily,79,40
gene=PTPRD|family=substitution:no_change,family,79,47
gene=PTPRD|subfamily=no_change,subfamily,79,47
gene=SMC4|family=substitution:missense,family,79,41
gene=SMC4|subfamily=missense,subfamily,79,41
gene=SYNJ1|family=substitution:missense,family,79,56
gene=SYNJ1|subfamily=missense,subfamily,79,56
gene=TLR8|family=substitution:missense,family,79,42
gene=TLR8|subfamily=missense,subfamily,79,42
gene=TNRC6B|family=substitution:missense,family,79,44
gene=TNRC6B|subfamily=missense,subfamily,79,44
gene=VCAN|family=substitution:no_change,family,79,46
gene=VCAN|subfamily=no_change,subfamily,79,46
gene=PABPC1|position_bin=401-500,position_bin,21,79
gene=MALL|position_bin=1-100,position_bin,20,79
gene=AMPH|family=substitution:missense,family,78,59
gene=AMPH|subfamily=missense,subfamily,78,59
gene=ATAD2|family=substitution:missense,family,78,53
gene=ATAD2|subfamily=missense,subfamily,78,53
gene=ATXN1|family=substitution:missense,family,78,73
gene=ATXN1|subfamily=missense,subfamily,78,73
gene=CDK13|family=substitution:missense,family,78,56
gene=CDK13|subfamily=missense,subfamily,78,56
gene=COL17A1|family=substitution:missense,family,78,61
gene=COL17A1|subfamily=missense,subfamily,78,61
gene=CSF2RB|family=substitution:missense,family,78,46
gene=CSF2RB|subfamily=missense,subfamily,78,46
gene=HGF|family=substitution:missense,family,78,55
gene=HGF|subfamily=missense,subfamily,78,55
gene=IL16|family=substitution:missense,family,78,52
gene=IL16|subfamily=missense,subfamily,78,52
gene=IQGAP2|family=substitution:missense,family,78,64
gene=IQGAP2|subfamily=missense,subfamily,78,64
gene=MMP16|family=substitution:missense,family,78,54
gene=MMP16|subfamily=missense,subfamily,78,54
gene=NOD2|family=substitution:missense,family,78,47
gene=NOD2|subfamily=missense,subfamily,78,47
gene=NOS2|family=substitution:missense,family,78,49
gene=NOS2|subfamily=missense,subfamily,78,49
gene=PLPPR4|family=substitution:missense,family,78,50
gene=PLPPR4|subfamily=missense,subfamily,78,50
gene=ROCK1|family=substitution:missense,family,78,56
gene=ROCK1|subfamily=missense,subfamily,78,56
gene=TP53|aa_transition=Y>C,aa_transition,78,29
gene=TCHH|position_bin=401-500,position_bin,9,78
gene=VEGFA|family=substitution:no_change,family,5,78
gene=VEGFA|subfamily=no_change,subfamily,5,78
gene=UBC|aa_transition=D>D,aa_transition,2,78
gene=TCHH|aa_transition=L>R,aa_transition,1,78
gene=ALMS1|family=substitution:no_change,family,77,38
gene=ALMS1|subfamily=no_change,subfamily,77,38
gene=ANPEP|family=substitution:missense,family,77,54
gene=ANPEP|subfamily=missense,subfamily,77,54
gene=COL12A1|family=substitution:no_change,family,77,35
gene=COL12A1|subfamily=no_change,subfamily,77,35
gene=EPHB2|family=substitution:missense,family,77,44
gene=EPHB2|subfamily=missense,subfamily,77,44
gene=IL7R|family=substitution:missense,family,77,40
gene=IL7R|subfamily=missense,subfamily,77,40
gene=ITGAM|family=substitution:missense,family,77,58
gene=ITGAM|subfamily=missense,subfamily,77,58
gene=RAPGEF6|family=substitution:missense,family,77,41
gene=RAPGEF6|subfamily=missense,subfamily,77,41
gene=SHROOM2|family=substitution:missense,family,77,68
gene=SHROOM2|subfamily=missense,subfamily,77,68
gene=SPTB|family=substitution:no_change,family,77,58
gene=SPTB|subfamily=no_change,subfamily,77,58
gene=THBS1|family=substitution:missense,family,77,49
gene=THBS1|subfamily=missense,subfamily,77,49
gene=USH1C|family=substitution:missense,family,47,77
gene=USH1C|subfamily=missense,subfamily,47,77
gene=RPL22|family=frameshift,family,36,77
gene=RPL22|parse_status=partial,parse_status,36,77
gene=AHNAK|aa_transition=P>P,aa_transition,17,77
gene=MUC1|family=substitution:missense,family,16,77
gene=MUC1|subfamily=missense,subfamily,16,77
gene=MAPKAPK2|position_bin=1-100,position_bin,5,77
gene=TNIP1|position_bin=501-600,position_bin,1,77
gene=CNOT2|provenance=blank,provenance,0,77
gene=ABCA3|family=substitution:missense,family,76,74
gene=ABCA3|subfamily=missense,subfamily,76,74
gene=ABCA4|family=substitution:no_change,family,76,37
gene=ABCA4|subfamily=no_change,subfamily,76,37
gene=ABI3BP|family=substitution:missense,family,76,63
gene=ABI3BP|subfamily=missense,subfamily,76,63
gene=AKAP4|family=substitution:missense,family,76,21
gene=AKAP4|subfamily=missense,subfamily,76,21
gene=FGD6|family=substitution:missense,family,76,54
gene=FGD6|subfamily=missense,subfamily,76,54
gene=GLI1|family=substitution:missense,family,76,59
gene=GLI1|subfamily=missense,subfamily,76,59
gene=NDST3|family=substitution:missense,family,76,48
gene=NDST3|subfamily=missense,subfamily,76,48
gene=PARP14|family=substitution:missense,family,76,49
gene=PARP14|subfamily=missense,subfamily,76,49
gene=PPRC1|family=substitution:missense,family,76,62
gene=PPRC1|subfamily=missense,subfamily,76,62
gene=RICTOR|family=substitution:missense,family,76,73
gene=RICTOR|subfamily=missense,subfamily,76,73
gene=SCN9A|family=substitution:no_change,family,76,34
gene=SCN9A|subfamily=no_change,subfamily,76,34
gene=SLIT1|family=substitution:missense,family,76,48
gene=SLIT1|subfamily=missense,subfamily,76,48
gene=WRN|family=substitution:missense,family,76,51
gene=WRN|subfamily=missense,subfamily,76,51
gene=NUMA1|family=substitution:missense,family,71,76
gene=NUMA1|subfamily=missense,subfamily,71,76
gene=PGR|family=substitution:missense,family,68,76
gene=PGR|subfamily=missense,subfamily,68,76
gene=HIPK2|family=substitution:missense,family,59,76
gene=HIPK2|subfamily=missense,subfamily,59,76
gene=SHOX2|family=substitution:missense,family,22,76
gene=SHOX2|subfamily=missense,subfamily,22,76
gene=TCF7L2|family=frameshift,family,8,76
gene=TCF7L2|parse_status=partial,parse_status,8,76
gene=ACVR2A|frameshift_first_new_aa=R,frameshift_first_new_aa,0,76
gene=ARHGEF12|family=substitution:missense,family,75,51
gene=ARHGEF12|subfamily=missense,subfamily,75,51
gene=DOCK2|family=substitution:no_change,family,75,59
gene=DOCK2|subfamily=no_change,subfamily,75,59
gene=DSC2|family=substitution:missense,family,75,38
gene=DSC2|subfamily=missense,subfamily,75,38
gene=IGF1R|family=substitution:missense,family,75,59
gene=IGF1R|subfamily=missense,subfamily,75,59
gene=ITGA10|family=substitution:missense,family,75,48
gene=ITGA10|subfamily=missense,subfamily,75,48
gene=OSMR|family=substitution:missense,family,75,57
gene=OSMR|subfamily=missense,subfamily,75,57
gene=POSTN|family=substitution:missense,family,75,59
gene=POSTN|subfamily=missense,subfamily,75,59
gene=PRKCB|family=substitution:missense,family,75,42
gene=PRKCB|subfamily=missense,subfamily,75,42
gene=KCNQ2|family=substitution:missense,family,71,75
gene=KCNQ2|subfamily=missense,subfamily,71,75
gene=AEBP1|family=substitution:missense,family,64,75
gene=AEBP1|subfamily=missense,subfamily,64,75
gene=CD209|family=substitution:missense,family,43,75
gene=CD209|subfamily=missense,subfamily,43,75
gene=KRT15|family=substitution:missense,family,39,75
gene=KRT15|subfamily=missense,subfamily,39,75
gene=CACNA1A|position_bin=1101-1200,position_bin,12,75
gene=IFITM3|family=substitution:no_change,family,10,75
gene=IFITM3|subfamily=no_change,subfamily,10,75
gene=UBC|aa_transition=V>V,aa_transition,4,75
gene=UBC|position_bin=601-700,position_bin,0,75
gene=CDH1|family=substitution:missense,family,74,39
gene=CDH1|subfamily=missense,subfamily,74,39
gene=EIF4G3|family=substitution:missense,family,74,50
gene=EIF4G3|subfamily=missense,subfamily,74,50
gene=HDLBP|family=substitution:missense,family,74,60
gene=HDLBP|subfamily=missense,subfamily,74,60
gene=KMT2D|family=substitution:nonsense,family,74,22
gene=KMT2D|subfamily=nonsense,subfamily,74,22
gene=MAP1B|family=substitution:no_change,family,74,40
gene=MAP1B|subfamily=no_change,subfamily,74,40
gene=TSC2|family=substitution:missense,family,74,74
gene=TSC2|subfamily=missense,subfamily,74,74
gene=APC|aa_transition=Q>STOP,aa_transition,42,74
gene=F5|position_bin=1201-1300,position_bin,15,74
gene=NOP2|family=substitution:no_change,family,15,74
gene=NOP2|subfamily=no_change,subfamily,15,74
gene=SVIL|position_bin=901-1000,position_bin,8,74
gene=NLGN2|position_bin=1-100,position_bin,2,74
gene=SOX9|frameshift_grammar=ref_position_alt,frameshift_grammar,0,74
gene=SOX9|subfamily=ref_position_alt,subfamily,0,74
gene=ABCC8|family=substitution:no_change,family,73,52
gene=ABCC8|subfamily=no_change,subfamily,73,52
gene=ATRX|family=substitution:nonsense,family,73,21
gene=ATRX|subfamily=nonsense,subfamily,73,21
gene=BAZ2A|family=substitution:missense,family,73,51
gene=BAZ2A|subfamily=missense,subfamily,73,51
gene=C5|family=substitution:missense,family,73,50
gene=C5|subfamily=missense,subfamily,73,50
gene=CDC42BPA|family=substitution:missense,family,73,54
gene=CDC42BPA|subfamily=missense,subfamily,73,54
gene=CDKN2A|family=substitution:nonsense,family,73,17
gene=CDKN2A|subfamily=nonsense,subfamily,73,17
gene=DIAPH3|family=substitution:missense,family,73,67
gene=DIAPH3|subfamily=missense,subfamily,73,67
gene=F13A1|family=substitution:missense,family,73,64
gene=F13A1|subfamily=missense,subfamily,73,64
gene=FLNA|family=substitution:no_change,family,73,46
gene=FLNA|subfamily=no_change,subfamily,73,46
gene=NCOR2|family=substitution:no_change,family,73,70
gene=NCOR2|subfamily=no_change,subfamily,73,70
gene=PDHA2|family=substitution:missense,family,73,51
gene=PDHA2|subfamily=missense,subfamily,73,51
gene=RPTOR|family=substitution:missense,family,73,43
gene=RPTOR|subfamily=missense,subfamily,73,43
gene=SLIT2|family=substitution:no_change,family,73,50
gene=SLIT2|subfamily=no_change,subfamily,73,50
gene=TACR3|family=substitution:missense,family,73,36
gene=TACR3|subfamily=missense,subfamily,73,36
gene=TYR|family=substitution:missense,family,73,49
gene=TYR|subfamily=missense,subfamily,73,49
gene=AR|family=substitution:missense,family,70,73
gene=AR|subfamily=missense,subfamily,70,73
gene=ADAMTS1|family=substitution:missense,family,54,73
gene=ADAMTS1|subfamily=missense,subfamily,54,73
gene=FBXW7|position_bin=501-600,position_bin,51,73
gene=SBNO2|family=substitution:missense,family,36,73
gene=SBNO2|subfamily=missense,subfamily,36,73
gene=EGFR|position_bin=701-800,position_bin,24,73
gene=PABPC1|aa_transition=R>C,aa_transition,10,73
gene=WAS|position_bin=301-400,position_bin,6,73
gene=TARP|position_bin=1-100,position_bin,0,73
gene=TCF7L2|frameshift_grammar=ref_position_alt,frameshift_grammar,0,73
gene=TCF7L2|subfamily=ref_position_alt,subfamily,0,73
gene=AKAP12|family=substitution:missense,family,72,66
gene=AKAP12|subfamily=missense,subfamily,72,66
gene=ARID5B|family=substitution:missense,family,72,52
gene=ARID5B|subfamily=missense,subfamily,72,52
gene=AXL|family=substitution:missense,family,72,55
gene=AXL|subfamily=missense,subfamily,72,55
gene=CDH16|family=substitution:missense,family,72,33
gene=CDH16|subfamily=missense,subfamily,72,33
gene=CDKN2A|family=substitution:missense,family,72,26
gene=CDKN2A|subfamily=missense,subfamily,72,26
gene=DCTN1|family=substitution:missense,family,72,45
gene=DCTN1|subfamily=missense,subfamily,72,45
gene=HUWE1|family=substitution:no_change,family,72,44
gene=HUWE1|subfamily=no_change,subfamily,72,44
gene=KIF4A|family=substitution:missense,family,72,51
gene=KIF4A|subfamily=missense,subfamily,72,51
gene=MEFV|family=substitution:missense,family,72,72
gene=MEFV|subfamily=missense,subfamily,72,72
gene=NUP153|family=substitution:missense,family,72,52
gene=NUP153|subfamily=missense,subfamily,72,52
gene=PRKCG|family=substitution:missense,family,72,50
gene=PRKCG|subfamily=missense,subfamily,72,50
gene=SNAP91|family=substitution:missense,family,72,47
gene=SNAP91|subfamily=missense,subfamily,72,47
gene=TAOK2|family=substitution:missense,family,72,53
gene=TAOK2|subfamily=missense,subfamily,72,53
gene=CSF2RA|family=substitution:missense,family,59,72
gene=CSF2RA|subfamily=missense,subfamily,59,72
gene=MAML2|family=substitution:no_change,family,51,72
gene=MAML2|subfamily=no_change,subfamily,51,72
gene=MYL1|position_bin=1-100,position_bin,26,72
gene=SVIL|position_bin=801-900,position_bin,18,72
gene=HLA-C|family=substitution:no_change,family,14,72
gene=HLA-C|subfamily=no_change,subfamily,14,72
gene=WAS|family=substitution:no_change,family,12,72
gene=WAS|subfamily=no_change,subfamily,12,72
gene=AHNAK|position_bin=1301-1400,position_bin,8,72
gene=NOP2|position_bin=101-200,position_bin,8,72
gene=ATP2A1|family=substitution:missense,family,71,47
gene=ATP2A1|subfamily=missense,subfamily,71,47
gene=DSC3|family=substitution:missense,family,71,49
gene=DSC3|subfamily=missense,subfamily,71,49
gene=INHBA|family=substitution:missense,family,71,33
gene=INHBA|subfamily=missense,subfamily,71,33
gene=LPIN1|family=substitution:missense,family,71,45
gene=LPIN1|subfamily=missense,subfamily,71,45
gene=LY75|family=substitution:missense,family,71,21
gene=LY75|subfamily=missense,subfamily,71,21
gene=NF1|family=frameshift,family,71,30
gene=NF1|parse_status=partial,parse_status,71,30
gene=NRCAM|family=substitution:missense,family,71,50
gene=NRCAM|subfamily=missense,subfamily,71,50
gene=PCDH1|family=substitution:missense,family,71,55
gene=PCDH1|subfamily=missense,subfamily,71,55
gene=PPARGC1A|family=substitution:missense,family,71,48
gene=PPARGC1A|subfamily=missense,subfamily,71,48
gene=RTN1|family=substitution:missense,family,71,49
gene=RTN1|subfamily=missense,subfamily,71,49
gene=VCAM1|family=substitution:missense,family,71,34
gene=VCAM1|subfamily=missense,subfamily,71,34
gene=CACNA1H|family=substitution:no_change,family,56,71
gene=CACNA1H|subfamily=no_change,subfamily,56,71
gene=AR|position_bin=1-100,position_bin,24,71
gene=CD209|position_bin=101-200,position_bin,19,71
gene=TCHH|position_bin=1501-1600,position_bin,12,71
gene=ALMS1|position_bin=1-100,position_bin,4,71
gene=TP53|frameshift_grammar=ref_position_alt,frameshift_grammar,0,71
gene=TP53|subfamily=ref_position_alt,subfamily,0,71
gene=ARAP3|family=substitution:missense,family,70,65
gene=ARAP3|subfamily=missense,subfamily,70,65
gene=CLTC|family=substitution:missense,family,70,46
gene=CLTC|subfamily=missense,subfamily,70,46
gene=COL11A1|family=substitution:no_change,family,70,35
gene=COL11A1|subfamily=no_change,subfamily,70,35
gene=EGF|family=substitution:missense,family,70,45
gene=EGF|subfamily=missense,subfamily,70,45
gene=FBN1|family=substitution:no_change,family,70,44
gene=FBN1|subfamily=no_change,subfamily,70,44
gene=ITGA7|family=substitution:missense,family,70,57
gene=ITGA7|subfamily=missense,subfamily,70,57
gene=KMT2D|frameshift_grammar=short_ref_position,frameshift_grammar,70,15
gene=KMT2D|subfamily=short_ref_position,subfamily,70,15
gene=MYH3|family=substitution:no_change,family,70,38
gene=MYH3|subfamily=no_change,subfamily,70,38
gene=CEBPA|family=substitution:missense,family,7,70
gene=CEBPA|subfamily=missense,subfamily,7,70
gene=INHBB|position_bin=1-100,position_bin,1,70
gene=CIITA|family=substitution:missense,family,69,63
gene=CIITA|subfamily=missense,subfamily,69,63
gene=DTNA|family=substitution:missense,family,69,32
gene=DTNA|subfamily=missense,subfamily,69,32
gene=ENPP2|family=substitution:missense,family,69,46
gene=ENPP2|subfamily=missense,subfamily,69,46
gene=EPHA2|family=substitution:missense,family,69,49
gene=EPHA2|subfamily=missense,subfamily,69,49
gene=FBLN2|family=substitution:missense,family,69,54
gene=FBLN2|subfamily=missense,subfamily,69,54
gene=HRAS|family=substitution:missense,family,69,19
gene=HRAS|subfamily=missense,subfamily,69,19
gene=MYH11|family=substitution:no_change,family,69,52
gene=MYH11|subfamily=no_change,subfamily,69,52
gene=NLRP3|family=substitution:no_change,family,69,37
gene=NLRP3|subfamily=no_change,subfamily,69,37
gene=PCNT|family=substitution:no_change,family,69,51
gene=PCNT|subfamily=no_change,subfamily,69,51
gene=PLXNB2|family=substitution:no_change,family,69,44
gene=PLXNB2|subfamily=no_change,subfamily,69,44
gene=PRKG2|family=substitution:missense,family,69,29
gene=PRKG2|subfamily=missense,subfamily,69,29
gene=PTPN14|family=substitution:missense,family,69,51
gene=PTPN14|subfamily=missense,subfamily,69,51
gene=SORBS1|family=substitution:missense,family,69,62
gene=SORBS1|subfamily=missense,subfamily,69,62
gene=SORBS2|family=substitution:missense,family,69,59
gene=SORBS2|subfamily=missense,subfamily,69,59
gene=SSH2|family=substitution:missense,family,69,47
gene=SSH2|subfamily=missense,subfamily,69,47
gene=THSD4|family=substitution:missense,family,69,59
gene=THSD4|subfamily=missense,subfamily,69,59
gene=TCOF1|family=substitution:missense,family,55,69
gene=TCOF1|subfamily=missense,subfamily,55,69
gene=COL8A2|family=substitution:missense,family,32,69
gene=COL8A2|subfamily=missense,subfamily,32,69
gene=CDC42EP1|family=substitution:missense,family,20,69
gene=CDC42EP1|subfamily=missense,subfamily,20,69
gene=MAPKAPK2|family=substitution:missense,family,14,69
gene=MAPKAPK2|subfamily=missense,subfamily,14,69
gene=AHNAK|position_bin=801-900,position_bin,4,69
gene=AHNAK|aa_transition=T>A,aa_transition,3,69
gene=IFITM3|aa_transition=P>P,aa_transition,3,69
gene=ABCC1|family=substitution:missense,family,68,52
gene=ABCC1|subfamily=missense,subfamily,68,52
gene=COPA|family=substitution:missense,family,68,37
gene=COPA|subfamily=missense,subfamily,68,37
gene=EXOC4|family=substitution:missense,family,68,43
gene=EXOC4|subfamily=missense,subfamily,68,43
gene=IRS1|family=substitution:missense,family,68,46
gene=IRS1|subfamily=missense,subfamily,68,46
gene=LAMC2|family=substitution:missense,family,68,57
gene=LAMC2|subfamily=missense,subfamily,68,57
gene=LCT|family=substitution:no_change,family,68,61
gene=LCT|subfamily=no_change,subfamily,68,61
gene=MERTK|family=substitution:missense,family,68,39
gene=MERTK|subfamily=missense,subfamily,68,39
gene=MMS22L|family=substitution:missense,family,68,44
gene=MMS22L|subfamily=missense,subfamily,68,44
gene=PC|family=substitution:missense,family,68,51
gene=PC|subfamily=missense,subfamily,68,51
gene=PDS5B|family=substitution:missense,family,68,37
gene=PDS5B|subfamily=missense,subfamily,68,37
gene=PKP2|family=substitution:missense,family,68,38
gene=PKP2|subfamily=missense,subfamily,68,38
gene=SYNJ2|family=substitution:missense,family,68,50
gene=SYNJ2|subfamily=missense,subfamily,68,50
gene=TLR7|family=substitution:missense,family,68,38
gene=TLR7|subfamily=missense,subfamily,68,38
gene=LATS2|family=substitution:missense,family,57,68
gene=LATS2|subfamily=missense,subfamily,57,68
gene=MAP3K6|family=substitution:missense,family,36,68
gene=MAP3K6|subfamily=missense,subfamily,36,68
gene=TUBGCP6|position_bin=1201-1300,position_bin,7,68
gene=SVIL|position_bin=1201-1300,position_bin,6,68
gene=TARP|family=substitution:missense,family,0,68
gene=TARP|subfamily=missense,subfamily,0,68
gene=APC|frameshift_grammar=short_ref_position,frameshift_grammar,67,26
gene=APC|subfamily=short_ref_position,subfamily,67,26
gene=ARHGEF2|family=substitution:missense,family,67,43
gene=ARHGEF2|subfamily=missense,subfamily,67,43
gene=ARID4A|family=substitution:missense,family,67,40
gene=ARID4A|subfamily=missense,subfamily,67,40
gene=FAP|family=substitution:missense,family,67,37
gene=FAP|subfamily=missense,subfamily,67,37
gene=FARP1|family=substitution:missense,family,67,48
gene=FARP1|subfamily=missense,subfamily,67,48
gene=LAMA3|family=substitution:no_change,family,67,44
gene=LAMA3|subfamily=no_change,subfamily,67,44
gene=PHKA2|family=substitution:missense,family,67,45
gene=PHKA2|subfamily=missense,subfamily,67,45
gene=PLEKHG2|family=substitution:missense,family,67,64
gene=PLEKHG2|subfamily=missense,subfamily,67,64
gene=SLC4A4|family=substitution:missense,family,67,55
gene=SLC4A4|subfamily=missense,subfamily,67,55
gene=TRIO|family=substitution:no_change,family,67,51
gene=TRIO|subfamily=no_change,subfamily,67,51
gene=WDR90|family=substitution:missense,family,67,66
gene=WDR90|subfamily=missense,subfamily,67,66
gene=ABCC4|family=substitution:missense,family,66,67
gene=ABCC4|subfamily=missense,subfamily,66,67
gene=PLCG1|family=substitution:missense,family,66,67
gene=PLCG1|subfamily=missense,subfamily,66,67
gene=NFAT5|family=substitution:missense,family,62,67
gene=NFAT5|subfamily=missense,subfamily,62,67
gene=PHLDB1|family=substitution:missense,family,59,67
gene=PHLDB1|subfamily=missense,subfamily,59,67
gene=SH2B1|family=substitution:missense,family,47,67
gene=SH2B1|subfamily=missense,subfamily,47,67
gene=EFS|family=substitution:missense,family,25,67
gene=EFS|subfamily=missense,subfamily,25,67
gene=MAP6|position_bin=1-100,position_bin,2,67
gene=VEGFA|aa_transition=R>R,aa_transition,1,67
gene=RPL22|frameshift_grammar=ref_position_alt,frameshift_grammar,0,67
gene=RPL22|subfamily=ref_position_alt,subfamily,0,67
gene=ABCC5|family=substitution:missense,family,66,49
gene=ABCC5|subfamily=missense,subfamily,66,49
gene=ALDH1L1|family=substitution:missense,family,66,58
gene=ALDH1L1|subfamily=missense,subfamily,66,58
gene=ALS2|family=substitution:missense,family,66,52
gene=ALS2|subfamily=missense,subfamily,66,52
gene=ARHGAP29|family=substitution:missense,family,66,46
gene=ARHGAP29|subfamily=missense,subfamily,66,46
gene=CENPJ|family=substitution:missense,family,66,47
gene=CENPJ|subfamily=missense,subfamily,66,47
gene=CLASP1|family=substitution:missense,family,66,48
gene=CLASP1|subfamily=missense,subfamily,66,48
gene=GYS2|family=substitution:missense,family,66,41
gene=GYS2|subfamily=missense,subfamily,66,41
gene=HDAC6|family=substitution:missense,family,66,46
gene=HDAC6|subfamily=missense,subfamily,66,46
gene=HELZ2|family=substitution:no_change,family,66,59
gene=HELZ2|subfamily=no_change,subfamily,66,59
gene=KIF5A|family=substitution:missense,family,66,57
gene=KIF5A|subfamily=missense,subfamily,66,57
gene=NCOA6|family=substitution:no_change,family,66,33
gene=NCOA6|subfamily=no_change,subfamily,66,33
gene=NPC1|family=substitution:missense,family,66,53
gene=NPC1|subfamily=missense,subfamily,66,53
gene=PGK2|family=substitution:missense,family,66,32
gene=PGK2|subfamily=missense,subfamily,66,32
gene=TNC|family=substitution:no_change,family,66,58
gene=TNC|subfamily=no_change,subfamily,66,58
gene=COL5A3|family=substitution:no_change,family,38,66
gene=COL5A3|subfamily=no_change,subfamily,38,66
gene=PML|family=substitution:missense,family,37,66
gene=PML|subfamily=missense,subfamily,37,66
gene=IRS2|family=substitution:missense,family,20,66
gene=IRS2|subfamily=missense,subfamily,20,66
gene=ADAM12|family=substitution:missense,family,65,52
gene=ADAM12|subfamily=missense,subfamily,65,52
gene=C8A|family=substitution:missense,family,65,56
gene=C8A|subfamily=missense,subfamily,65,56
gene=DAAM1|family=substitution:missense,family,65,41
gene=DAAM1|subfamily=missense,subfamily,65,41
gene=DGKG|family=substitution:missense,family,65,48
gene=DGKG|subfamily=missense,subfamily,65,48
gene=MON2|family=substitution:missense,family,65,58
gene=MON2|subfamily=missense,subfamily,65,58
gene=MYLK|family=substitution:no_change,family,65,37
gene=MYLK|subfamily=no_change,subfamily,65,37
gene=NPY5R|family=substitution:missense,family,65,24
gene=NPY5R|subfamily=missense,subfamily,65,24
gene=NRIP1|family=substitution:missense,family,65,36
gene=NRIP1|subfamily=missense,subfamily,65,36
gene=SYCP1|family=substitution:missense,family,65,50
gene=SYCP1|subfamily=missense,subfamily,65,50
gene=CREBBP|family=substitution:no_change,family,54,65
gene=CREBBP|subfamily=no_change,subfamily,54,65
gene=COL6A1|family=substitution:missense,family,49,65
gene=COL6A1|subfamily=missense,subfamily,49,65
gene=PIK3CD|family=substitution:missense,family,44,65
gene=PIK3CD|subfamily=missense,subfamily,44,65
gene=JAG2|family=substitution:missense,family,37,65
gene=JAG2|subfamily=missense,subfamily,37,65
gene=MAP6|family=substitution:missense,family,37,65
gene=MAP6|subfamily=missense,subfamily,37,65
gene=PBX2|position_bin=1-100,position_bin,12,65
gene=TNFAIP6|provenance=blank,provenance,0,65
gene=ANO1|family=substitution:missense,family,64,52
gene=ANO1|subfamily=missense,subfamily,64,52
gene=ATRN|family=substitution:missense,family,64,47
gene=ATRN|subfamily=missense,subfamily,64,47
gene=CADM2|family=substitution:missense,family,64,36
gene=CADM2|subfamily=missense,subfamily,64,36
gene=CDH8|family=substitution:no_change,family,64,37
gene=CDH8|subfamily=no_change,subfamily,64,37
gene=CDKN2A|position_bin=101-200,position_bin,64,13
gene=EPB41L2|family=substitution:missense,family,64,42
gene=EPB41L2|subfamily=missense,subfamily,64,42
gene=ERCC5|family=substitution:missense,family,64,11
gene=ERCC5|subfamily=missense,subfamily,64,11
gene=HRAS|position_bin=1-100,position_bin,64,18
gene=KIF13B|family=substitution:missense,family,64,62
gene=KIF13B|subfamily=missense,subfamily,64,62
gene=MSR1|family=substitution:missense,family,64,46
gene=MSR1|subfamily=missense,subfamily,64,46
gene=NPFFR2|family=substitution:missense,family,64,39
gene=NPFFR2|subfamily=missense,subfamily,64,39
gene=NR3C2|family=substitution:missense,family,64,43
gene=NR3C2|subfamily=missense,subfamily,64,43
gene=PLA2G4A|family=substitution:missense,family,64,38
gene=PLA2G4A|subfamily=missense,subfamily,64,38
gene=PYGM|family=substitution:missense,family,64,55
gene=PYGM|subfamily=missense,subfamily,64,55
gene=SMC3|family=substitution:missense,family,64,39
gene=SMC3|subfamily=missense,subfamily,64,39
gene=VHL|family=substitution:nonsense,family,64,12
gene=VHL|subfamily=nonsense,subfamily,64,12
gene=ZBTB16|family=substitution:missense,family,64,31
gene=ZBTB16|subfamily=missense,subfamily,64,31
gene=ZFPM2|family=substitution:no_change,family,64,28
gene=ZFPM2|subfamily=no_change,subfamily,64,28
gene=NOTCH1|family=substitution:no_change,family,60,64
gene=NOTCH1|subfamily=no_change,subfamily,60,64
gene=SVIL|family=substitution:no_change,family,49,64
gene=SVIL|subfamily=no_change,subfamily,49,64
gene=IDUA|family=substitution:missense,family,30,64
gene=IDUA|subfamily=missense,subfamily,30,64
gene=TGFBR2|position_bin=101-200,position_bin,18,64
gene=CEL|position_bin=701-800,position_bin,12,64
gene=LMO2|position_bin=1-100,position_bin,9,64
gene=CREBBP|position_bin=1901-2000,position_bin,5,64
gene=MFHAS1|aa_transition=V>G,aa_transition,0,64
gene=MTCH2|aa_transition=F>S,aa_transition,0,64
gene=ABCD2|family=substitution:missense,family,63,28
gene=ABCD2|subfamily=missense,subfamily,63,28
gene=ANLN|family=substitution:missense,family,63,45
gene=ANLN|subfamily=missense,subfamily,63,45
gene=APLP1|family=substitution:missense,family,63,37
gene=APLP1|subfamily=missense,subfamily,63,37
gene=ARHGEF6|family=substitution:missense,family,63,28
gene=ARHGEF6|subfamily=missense,subfamily,63,28
gene=ATP2B4|family=substitution:missense,family,63,59
gene=ATP2B4|subfamily=missense,subfamily,63,59
gene=C3|family=substitution:no_change,family,63,42
gene=C3|subfamily=no_change,subfamily,63,42
gene=CUL1|family=substitution:missense,family,63,44
gene=CUL1|subfamily=missense,subfamily,63,44
gene=CYP11B2|family=substitution:missense,family,63,38
gene=CYP11B2|subfamily=missense,subfamily,63,38
gene=IL18RAP|family=substitution:missense,family,63,37
gene=IL18RAP|subfamily=missense,subfamily,63,37
gene=PRLR|family=substitution:missense,family,63,28
gene=PRLR|subfamily=missense,subfamily,63,28
gene=PTPRR|family=substitution:missense,family,63,41
gene=PTPRR|subfamily=missense,subfamily,63,41
gene=SSTR4|family=substitution:missense,family,63,43
gene=SSTR4|subfamily=missense,subfamily,63,43
gene=SUPT5H|family=substitution:missense,family,63,37
gene=SUPT5H|subfamily=missense,subfamily,63,37
gene=TEX15|family=substitution:no_change,family,63,18
gene=TEX15|subfamily=no_change,subfamily,63,18
gene=TIAM1|family=substitution:no_change,family,63,45
gene=TIAM1|subfamily=no_change,subfamily,63,45
gene=TYK2|family=substitution:missense,family,63,49
gene=TYK2|subfamily=missense,subfamily,63,49
gene=ZNF112|family=substitution:missense,family,63,43
gene=ZNF112|subfamily=missense,subfamily,63,43
gene=NEFH|family=substitution:missense,family,58,63
gene=NEFH|subfamily=missense,subfamily,58,63
gene=PALLD|family=substitution:missense,family,57,63
gene=PALLD|subfamily=missense,subfamily,57,63
gene=F5|family=substitution:no_change,family,54,63
gene=F5|subfamily=no_change,subfamily,54,63
gene=PPFIA4|family=substitution:missense,family,53,63
gene=PPFIA4|subfamily=missense,subfamily,53,63
gene=SCUBE1|family=substitution:missense,family,53,63
gene=SCUBE1|subfamily=missense,subfamily,53,63
gene=CEP131|family=substitution:missense,family,44,63
gene=CEP131|subfamily=missense,subfamily,44,63
gene=HLA-B|position_bin=201-300,position_bin,34,63
gene=BRAF|position_bin=601-700,position_bin,21,63
gene=SLC23A2|position_bin=401-500,position_bin,21,63
gene=TCHH|aa_transition=R>R,aa_transition,13,63
gene=GP1BA|position_bin=401-500,position_bin,11,63
gene=IL32|family=substitution:no_change,family,8,63
gene=IL32|subfamily=no_change,subfamily,8,63
gene=MAST4|position_bin=1-100,position_bin,2,63
gene=WAS|aa_transition=P>P,aa_transition,2,63
gene=NOP2|aa_transition=P>P,aa_transition,1,63
gene=ABCG8|family=substitution:missense,family,62,37
gene=ABCG8|subfamily=missense,subfamily,62,37
gene=ADAM23|family=substitution:missense,family,62,33
gene=ADAM23|subfamily=missense,subfamily,62,33
gene=ADD2|family=substitution:missense,family,62,48
gene=ADD2|subfamily=missense,subfamily,62,48
gene=ARID4B|family=substitution:missense,family,62,35
gene=ARID4B|subfamily=missense,subfamily,62,35
gene=CSF3R|family=substitution:missense,family,62,22
gene=CSF3R|subfamily=missense,subfamily,62,22
gene=DAB2|family=substitution:missense,family,62,34
gene=DAB2|subfamily=missense,subfamily,62,34
gene=FLNB|family=substitution:no_change,family,62,48
gene=FLNB|subfamily=no_change,subfamily,62,48
gene=HK2|family=substitution:missense,family,62,48
gene=HK2|subfamily=missense,subfamily,62,48
gene=ITGAE|family=substitution:missense,family,62,48
gene=ITGAE|subfamily=missense,subfamily,62,48
gene=NOTCH2|family=substitution:no_change,family,62,38
gene=NOTCH2|subfamily=no_change,subfamily,62,38
gene=NRP1|family=substitution:missense,family,62,44
gene=NRP1|subfamily=missense,subfamily,62,44
gene=NRP2|family=substitution:missense,family,62,40
gene=NRP2|subfamily=missense,subfamily,62,40
gene=SLC4A1|family=substitution:missense,family,62,58
gene=SLC4A1|subfamily=missense,subfamily,62,58
gene=SLC6A3|family=substitution:missense,family,62,53
gene=SLC6A3|subfamily=missense,subfamily,62,53
gene=TP53|aa_transition=R>Q,aa_transition,62,33
gene=UPF1|family=substitution:missense,family,62,39
gene=UPF1|subfamily=missense,subfamily,62,39
gene=GABBR1|family=substitution:missense,family,57,62
gene=GABBR1|subfamily=missense,subfamily,57,62
gene=MAST3|family=substitution:missense,family,54,62
gene=MAST3|subfamily=missense,subfamily,54,62
gene=TBCD|family=substitution:missense,family,54,62
gene=TBCD|subfamily=missense,subfamily,54,62
gene=ADCY6|family=substitution:missense,family,51,62
gene=ADCY6|subfamily=missense,subfamily,51,62
gene=ABL1|family=substitution:missense,family,49,62
gene=ABL1|subfamily=missense,subfamily,49,62
gene=SNAPC4|family=substitution:missense,family,49,62
gene=SNAPC4|subfamily=missense,subfamily,49,62
gene=GNAS|position_bin=101-200,position_bin,39,62
gene=ACTN4|family=substitution:missense,family,38,62
gene=ACTN4|subfamily=missense,subfamily,38,62
gene=IL9R|family=substitution:missense,family,34,62
gene=IL9R|subfamily=missense,subfamily,34,62
gene=MARCKS|position_bin=101-200,position_bin,10,62
gene=PRDM2|position_bin=1201-1300,position_bin,7,62
gene=ADCY2|family=substitution:no_change,family,61,41
gene=ADCY2|subfamily=no_change,subfamily,61,41
gene=ATP2B1|family=substitution:missense,family,61,39
gene=ATP2B1|subfamily=missense,subfamily,61,39
gene=BANK1|family=substitution:missense,family,61,40
gene=BANK1|subfamily=missense,subfamily,61,40
gene=C9|family=substitution:missense,family,61,35
gene=C9|subfamily=missense,subfamily,61,35
gene=CHEK2|family=substitution:missense,family,61,40
gene=CHEK2|subfamily=missense,subfamily,61,40
gene=DDB1|family=substitution:missense,family,61,36
gene=DDB1|subfamily=missense,subfamily,61,36
gene=FN1|family=substitution:no_change,family,61,37
gene=FN1|subfamily=no_change,subfamily,61,37
gene=GABRA3|family=substitution:missense,family,61,24
gene=GABRA3|subfamily=missense,subfamily,61,24
gene=GP2|family=substitution:missense,family,61,41
gene=GP2|subfamily=missense,subfamily,61,41
gene=GREB1|family=substitution:no_change,family,61,61
gene=GREB1|subfamily=no_change,subfamily,61,61
gene=GRM8|family=substitution:no_change,family,61,28
gene=GRM8|subfamily=no_change,subfamily,61,28
gene=HTR5A|family=substitution:missense,family,61,39
gene=HTR5A|subfamily=missense,subfamily,61,39
gene=ITIH1|family=substitution:missense,family,61,33
gene=ITIH1|subfamily=missense,subfamily,61,33
gene=L3MBTL4|family=substitution:missense,family,61,36
gene=L3MBTL4|subfamily=missense,subfamily,61,36
gene=LATS1|family=substitution:missense,family,61,43
gene=LATS1|subfamily=missense,subfamily,61,43
gene=MPO|family=substitution:missense,family,61,38
gene=MPO|subfamily=missense,subfamily,61,38
gene=NCAM1|family=substitution:missense,family,61,53
gene=NCAM1|subfamily=missense,subfamily,61,53
gene=NPR2|family=substitution:missense,family,61,39
gene=NPR2|subfamily=missense,subfamily,61,39
gene=NUP107|family=substitution:missense,family,61,29
gene=NUP107|subfamily=missense,subfamily,61,29
gene=PHEX|family=substitution:missense,family,61,40
gene=PHEX|subfamily=missense,subfamily,61,40
gene=SPAG5|family=substitution:missense,family,61,27
gene=SPAG5|subfamily=missense,subfamily,61,27
gene=SPOP|family=substitution:missense,family,61,26
gene=SPOP|subfamily=missense,subfamily,61,26
gene=SYMPK|family=substitution:missense,family,61,55
gene=SYMPK|subfamily=missense,subfamily,61,55
gene=TF|family=substitution:missense,family,61,37
gene=TF|subfamily=missense,subfamily,61,37
gene=TIMELESS|family=substitution:missense,family,61,35
gene=TIMELESS|subfamily=missense,subfamily,61,35
gene=TOPBP1|family=substitution:missense,family,61,47
gene=TOPBP1|subfamily=missense,subfamily,61,47
gene=VCPIP1|family=substitution:missense,family,61,35
gene=VCPIP1|subfamily=missense,subfamily,61,35
gene=WWC1|family=substitution:missense,family,61,35
gene=WWC1|subfamily=missense,subfamily,61,35
gene=XDH|family=substitution:no_change,family,61,32
gene=XDH|subfamily=no_change,subfamily,61,32
gene=MMP9|family=substitution:missense,family,51,61
gene=MMP9|subfamily=missense,subfamily,51,61
gene=CFH|family=substitution:no_change,family,46,61
gene=CFH|subfamily=no_change,subfamily,46,61
gene=SFPQ|family=substitution:missense,family,26,61
gene=SFPQ|subfamily=missense,subfamily,26,61
gene=AHNAK|aa_transition=G>G,aa_transition,25,61
gene=ESRRA|family=substitution:missense,family,20,61
gene=ESRRA|subfamily=missense,subfamily,20,61
gene=EGFR|position_bin=601-700,position_bin,16,61
gene=AHNAK|position_bin=2601-2700,position_bin,11,61
gene=EFS|family=substitution:no_change,family,11,61
gene=EFS|subfamily=no_change,subfamily,11,61
gene=GRINA|position_bin=101-200,position_bin,5,61
gene=MYL1|family=frameshift,family,1,61
gene=MYL1|parse_status=partial,parse_status,1,61
gene=MYL1|frameshift_grammar=ref_position_alt,frameshift_grammar,0,61
gene=MYL1|subfamily=ref_position_alt,subfamily,0,61
gene=A2M|family=substitution:no_change,family,60,24
gene=A2M|subfamily=no_change,subfamily,60,24
gene=ADAD1|family=substitution:missense,family,60,34
gene=ADAD1|subfamily=missense,subfamily,60,34
gene=AFF1|family=substitution:missense,family,60,53
gene=AFF1|subfamily=missense,subfamily,60,53
gene=BRDT|family=substitution:missense,family,60,42
gene=BRDT|subfamily=missense,subfamily,60,42
gene=CDON|family=substitution:missense,family,60,54
gene=CDON|subfamily=missense,subfamily,60,54
gene=CLIP1|family=substitution:missense,family,60,52
gene=CLIP1|subfamily=missense,subfamily,60,52
gene=COL15A1|family=substitution:no_change,family,60,47
gene=COL15A1|subfamily=no_change,subfamily,60,47
gene=EIF3A|family=substitution:missense,family,60,60
gene=EIF3A|subfamily=missense,subfamily,60,60
gene=EPHB3|family=substitution:missense,family,60,41
gene=EPHB3|subfamily=missense,subfamily,60,41
gene=FMO3|family=substitution:missense,family,60,35
gene=FMO3|subfamily=missense,subfamily,60,35
gene=MYBPC3|family=substitution:missense,family,60,47
gene=MYBPC3|subfamily=missense,subfamily,60,47
gene=MYH9|family=substitution:no_change,family,60,39
gene=MYH9|subfamily=no_change,subfamily,60,39
gene=NPY1R|family=substitution:missense,family,60,22
gene=NPY1R|subfamily=missense,subfamily,60,22
gene=PCM1|family=substitution:missense,family,60,47
gene=PCM1|subfamily=missense,subfamily,60,47
gene=PIGR|family=substitution:missense,family,60,28
gene=PIGR|subfamily=missense,subfamily,60,28
gene=PRDM1|family=substitution:missense,family,60,50
gene=PRDM1|subfamily=missense,subfamily,60,50
gene=PTGFR|family=substitution:missense,family,60,29
gene=PTGFR|subfamily=missense,subfamily,60,29
gene=SATB1|family=substitution:missense,family,60,28
gene=SATB1|subfamily=missense,subfamily,60,28
gene=SLIT3|family=substitution:no_change,family,60,55
gene=SLIT3|subfamily=no_change,subfamily,60,55
gene=SPTBN1|family=substitution:no_change,family,60,41
gene=SPTBN1|subfamily=no_change,subfamily,60,41
gene=STAB1|family=substitution:no_change,family,60,57
gene=STAB1|subfamily=no_change,subfamily,60,57
gene=SYNE1|family=substitution:nonsense,family,60,28
gene=SYNE1|subfamily=nonsense,subfamily,60,28
gene=SYTL2|family=substitution:missense,family,60,48
gene=SYTL2|subfamily=missense,subfamily,60,48
gene=THBS2|family=substitution:no_change,family,60,51
gene=THBS2|subfamily=no_change,subfamily,60,51
gene=POLD1|family=substitution:missense,family,46,60
gene=POLD1|subfamily=missense,subfamily,46,60
gene=TPSAB1|family=substitution:missense,family,21,60
gene=TPSAB1|subfamily=missense,subfamily,21,60
gene=CASP5|family=frameshift,family,20,60
gene=CASP5|parse_status=partial,parse_status,20,60
gene=ACLY|position_bin=601-700,position_bin,4,60
gene=ESRRA|family=delins,family,0,60
gene=ESRRA|net_length_change=negative,net_length_change,0,60
gene=ESRRA|position_span=2,position_span,0,60
gene=ESRRA|replaced_length=2,replaced_length,0,60
gene=ESRRA|replacement_aa=P,replacement_aa,0,60
gene=ESRRA|replacement_length=1,replacement_length,0,60
gene=ESRRA|subfamily=residue_range:no_stop,subfamily,0,60
gene=RPL22|frameshift_first_new_aa=R,frameshift_first_new_aa,0,60
gene=ALB|family=substitution:missense,family,59,29
gene=ALB|subfamily=missense,subfamily,59,29
gene=BCL11B|family=substitution:missense,family,59,54
gene=BCL11B|subfamily=missense,subfamily,59,54
gene=CADM3|family=substitution:missense,family,59,31
gene=CADM3|subfamily=missense,subfamily,59,31
gene=CALCR|family=substitution:missense,family,59,42
gene=CALCR|subfamily=missense,subfamily,59,42
gene=CAPN3|family=substitution:missense,family,59,33
gene=CAPN3|subfamily=missense,subfamily,59,33
gene=CELSR2|family=substitution:no_change,family,59,59
gene=CELSR2|subfamily=no_change,subfamily,59,59
gene=CLSTN3|family=substitution:missense,family,59,41
gene=CLSTN3|subfamily=missense,subfamily,59,41
gene=COL16A1|family=substitution:missense,family,59,57
gene=COL16A1|subfamily=missense,subfamily,59,57
gene=CYP4F2|family=substitution:missense,family,59,49
gene=CYP4F2|subfamily=missense,subfamily,59,49
gene=EIF2AK3|family=substitution:missense,family,59,46
gene=EIF2AK3|subfamily=missense,subfamily,59,46
gene=EPHB2|family=substitution:no_change,family,59,31
gene=EPHB2|subfamily=no_change,subfamily,59,31
gene=JAG1|family=substitution:missense,family,59,41
gene=JAG1|subfamily=missense,subfamily,59,41
gene=KIF15|family=substitution:missense,family,59,40
gene=KIF15|subfamily=missense,subfamily,59,40
gene=KLKB1|family=substitution:missense,family,59,39
gene=KLKB1|subfamily=missense,subfamily,59,39
gene=LTF|family=substitution:missense,family,59,41
gene=LTF|subfamily=missense,subfamily,59,41
gene=NLGN3|family=substitution:missense,family,59,29
gene=NLGN3|subfamily=missense,subfamily,59,29
gene=PIK3CB|family=substitution:missense,family,59,37
gene=PIK3CB|subfamily=missense,subfamily,59,37
gene=PTPN21|family=substitution:missense,family,59,58
gene=PTPN21|subfamily=missense,subfamily,59,58
gene=ADAM19|family=substitution:missense,family,58,59
gene=ADAM19|subfamily=missense,subfamily,58,59
gene=ATP6V0A4|family=substitution:missense,family,47,59
gene=ATP6V0A4|subfamily=missense,subfamily,47,59
gene=SMTN|family=substitution:missense,family,47,59
gene=SMTN|subfamily=missense,subfamily,47,59
gene=CSF2RA|position_bin=301-400,position_bin,23,59
gene=TGFBR2|family=frameshift,family,11,59
gene=TGFBR2|parse_status=partial,parse_status,11,59
gene=MARCKS|family=substitution:missense,family,7,59
gene=MARCKS|subfamily=missense,subfamily,7,59
gene=ACLY|position_bin=501-600,position_bin,6,59
gene=PPP1R2|position_bin=1-100,position_bin,6,59
gene=CASP5|frameshift_grammar=ref_position_alt,frameshift_grammar,0,59
gene=CASP5|subfamily=ref_position_alt,subfamily,0,59
gene=KDM6B|aa_transition=T>P,aa_transition,0,59
gene=BRPF3|family=substitution:missense,family,58,36
gene=BRPF3|subfamily=missense,subfamily,58,36
gene=CIT|family=substitution:no_change,family,58,37
gene=CIT|subfamily=no_change,subfamily,58,37
gene=CPT1A|family=substitution:missense,family,58,27
gene=CPT1A|subfamily=missense,subfamily,58,27
gene=CP|family=substitution:missense,family,58,37
gene=CP|subfamily=missense,subfamily,58,37
gene=CTCF|family=substitution:missense,family,58,38
gene=CTCF|subfamily=missense,subfamily,58,38
gene=FASN|family=substitution:no_change,family,58,50
gene=FASN|subfamily=no_change,subfamily,58,50
gene=FLT4|family=substitution:no_change,family,58,46
gene=FLT4|subfamily=no_change,subfamily,58,46
gene=GAPVD1|family=substitution:missense,family,58,49
gene=GAPVD1|subfamily=missense,subfamily,58,49
gene=GATA3|family=frameshift,family,58,18
gene=GATA3|parse_status=partial,parse_status,58,18
gene=INPP4B|family=substitution:missense,family,58,34
gene=INPP4B|subfamily=missense,subfamily,58,34
gene=IRS4|family=substitution:no_change,family,58,29
gene=IRS4|subfamily=no_change,subfamily,58,29
gene=ITK|family=substitution:missense,family,58,42
gene=ITK|subfamily=missense,subfamily,58,42
gene=MDGA1|family=substitution:missense,family,58,50
gene=MDGA1|subfamily=missense,subfamily,58,50
gene=PER1|family=substitution:missense,family,58,52
gene=PER1|subfamily=missense,subfamily,58,52
gene=PTEN|position_bin=301-400,position_bin,58,28
gene=PTK2|family=substitution:missense,family,58,41
gene=PTK2|subfamily=missense,subfamily,58,41
gene=RAD50|family=substitution:missense,family,58,29
gene=RAD50|subfamily=missense,subfamily,58,29
gene=RASA1|family=substitution:missense,family,58,38
gene=RASA1|subfamily=missense,subfamily,58,38
gene=RNF123|family=substitution:missense,family,58,51
gene=RNF123|subfamily=missense,subfamily,58,51
gene=ROS1|family=substitution:no_change,family,58,31
gene=ROS1|subfamily=no_change,subfamily,58,31
gene=SCAF8|family=substitution:missense,family,58,42
gene=SCAF8|subfamily=missense,subfamily,58,42
gene=SCUBE2|family=substitution:missense,family,58,45
gene=SCUBE2|subfamily=missense,subfamily,58,45
gene=SELE|family=substitution:missense,family,58,29
gene=SELE|subfamily=missense,subfamily,58,29
gene=SIDT1|family=substitution:missense,family,58,34
gene=SIDT1|subfamily=missense,subfamily,58,34
gene=SLC24A3|family=substitution:missense,family,58,48
gene=SLC24A3|subfamily=missense,subfamily,58,48
gene=SMC1A|family=substitution:missense,family,58,54
gene=SMC1A|subfamily=missense,subfamily,58,54
gene=SULF2|family=substitution:missense,family,58,44
gene=SULF2|subfamily=missense,subfamily,58,44
gene=VWA5A|family=substitution:missense,family,58,38
gene=VWA5A|subfamily=missense,subfamily,58,38
gene=MATN2|family=substitution:missense,family,55,58
gene=MATN2|subfamily=missense,subfamily,55,58
gene=CYFIP1|family=substitution:missense,family,53,58
gene=CYFIP1|subfamily=missense,subfamily,53,58
gene=CYP4B1|family=substitution:missense,family,51,58
gene=CYP4B1|subfamily=missense,subfamily,51,58
gene=EGFR|position_bin=501-600,position_bin,37,58
gene=TCHH|position_bin=1101-1200,position_bin,20,58
gene=CD209|position_bin=201-300,position_bin,18,58
gene=APC|position_bin=101-200,position_bin,14,58
gene=EGFR|position_bin=401-500,position_bin,9,58
gene=IL32|aa_transition=V>V,aa_transition,0,58
gene=MTCH2|aa_transition=T>T,aa_transition,0,58
gene=MYL1|frameshift_first_new_aa=W,frameshift_first_new_aa,0,58
gene=TGFBR2|frameshift_grammar=ref_position_alt,frameshift_grammar,0,58
gene=TGFBR2|subfamily=ref_position_alt,subfamily,0,58
gene=ABCA3|family=substitution:no_change,family,57,47
gene=ABCA3|subfamily=no_change,subfamily,57,47
gene=AMPD3|family=substitution:missense,family,57,41
gene=AMPD3|subfamily=missense,subfamily,57,41
gene=BUB1|family=substitution:missense,family,57,37
gene=BUB1|subfamily=missense,subfamily,57,37
gene=CALD1|family=substitution:missense,family,57,49
gene=CALD1|subfamily=missense,subfamily,57,49
gene=CDH13|family=substitution:missense,family,57,44
gene=CDH13|subfamily=missense,subfamily,57,44
gene=COL7A1|family=substitution:no_change,family,57,36
gene=COL7A1|subfamily=no_change,subfamily,57,36
gene=EPHA5|family=substitution:no_change,family,57,29
gene=EPHA5|subfamily=no_change,subfamily,57,29
gene=LIPE|family=substitution:missense,family,57,53
gene=LIPE|subfamily=missense,subfamily,57,53
gene=LRPPRC|family=substitution:missense,family,57,45
gene=LRPPRC|subfamily=missense,subfamily,57,45
gene=MYOM2|family=substitution:no_change,family,57,51
gene=MYOM2|subfamily=no_change,subfamily,57,51
gene=NAP1L2|family=substitution:missense,family,57,24
gene=NAP1L2|subfamily=missense,subfamily,57,24
gene=ODF2|family=substitution:missense,family,57,41
gene=ODF2|subfamily=missense,subfamily,57,41
gene=PIK3CA|position_bin=1-100,position_bin,57,27
gene=PIK3CA|position_bin=301-400,position_bin,57,35
gene=PMS2|family=substitution:missense,family,57,45
gene=PMS2|subfamily=missense,subfamily,57,45
gene=PRKAA2|family=substitution:missense,family,57,30
gene=PRKAA2|subfamily=missense,subfamily,57,30
gene=PTPN11|family=substitution:missense,family,57,33
gene=PTPN11|subfamily=missense,subfamily,57,33
gene=RNF31|family=substitution:missense,family,57,44
gene=RNF31|subfamily=missense,subfamily,57,44
gene=SEMA4D|family=substitution:missense,family,57,41
gene=SEMA4D|subfamily=missense,subfamily,57,41
gene=SF3B3|family=substitution:missense,family,57,34
gene=SF3B3|subfamily=missense,subfamily,57,34
gene=STAT1|family=substitution:missense,family,57,35
gene=STAT1|subfamily=missense,subfamily,57,35
gene=STIL|family=substitution:missense,family,57,43
gene=STIL|subfamily=missense,subfamily,57,43
gene=TGFBR2|family=substitution:missense,family,57,47
gene=TGFBR2|subfamily=missense,subfamily,57,47
gene=USP8|family=substitution:missense,family,57,35
gene=USP8|subfamily=missense,subfamily,57,35
gene=VAV3|family=substitution:missense,family,57,45
gene=VAV3|subfamily=missense,subfamily,57,45
gene=HR|family=substitution:missense,family,47,57
gene=HR|subfamily=missense,subfamily,47,57
gene=ZNRF4|family=substitution:missense,family,43,57
gene=ZNRF4|subfamily=missense,subfamily,43,57
gene=APC|position_bin=801-900,position_bin,29,57
gene=VASP|family=substitution:no_change,family,5,57
gene=VASP|subfamily=no_change,subfamily,5,57
gene=MAST2|position_bin=1-100,position_bin,3,57
gene=MST1|family=substitution:missense,family,0,57
gene=MST1|subfamily=missense,subfamily,0,57
gene=ACOX3|family=substitution:missense,family,56,33
gene=ACOX3|subfamily=missense,subfamily,56,33
gene=ADAR|family=substitution:missense,family,56,50
gene=ADAR|subfamily=missense,subfamily,56,50
gene=AMOT|family=substitution:missense,family,56,36
gene=AMOT|subfamily=missense,subfamily,56,36
gene=ATP8B1|family=substitution:missense,family,56,43
gene=ATP8B1|subfamily=missense,subfamily,56,43
gene=CHST1|family=substitution:missense,family,56,33
gene=CHST1|subfamily=missense,subfamily,56,33
gene=CLCN2|family=substitution:missense,family,56,36
gene=CLCN2|subfamily=missense,subfamily,56,36
gene=CYP4A11|family=substitution:missense,family,56,46
gene=CYP4A11|subfamily=missense,subfamily,56,46
gene=CYP4F11|family=substitution:missense,family,56,34
gene=CYP4F11|subfamily=missense,subfamily,56,34
gene=ERCC2|family=substitution:missense,family,56,42
gene=ERCC2|subfamily=missense,subfamily,56,42
gene=HYOU1|family=substitution:missense,family,56,44
gene=HYOU1|subfamily=missense,subfamily,56,44
gene=MAP7|family=substitution:missense,family,56,36
gene=MAP7|subfamily=missense,subfamily,56,36
gene=MEFV|family=substitution:no_change,family,56,32
gene=MEFV|subfamily=no_change,subfamily,56,32
gene=MEP1A|family=substitution:missense,family,56,51
gene=MEP1A|subfamily=missense,subfamily,56,51
gene=NRXN2|family=substitution:no_change,family,56,55
gene=NRXN2|subfamily=no_change,subfamily,56,55
gene=NTNG1|family=substitution:missense,family,56,32
gene=NTNG1|subfamily=missense,subfamily,56,32
gene=POLA1|family=substitution:missense,family,56,43
gene=POLA1|subfamily=missense,subfamily,56,43
gene=RAB3GAP1|family=substitution:missense,family,56,40
gene=RAB3GAP1|subfamily=missense,subfamily,56,40
gene=RB1|family=substitution:missense,family,56,36
gene=RB1|family=substitution:nonsense,family,56,14
gene=RB1|subfamily=missense,subfamily,56,36
gene=RB1|subfamily=nonsense,subfamily,56,14
gene=RFC1|family=substitution:missense,family,56,39
gene=RFC1|subfamily=missense,subfamily,56,39
gene=SERPINA3|family=substitution:missense,family,56,32
gene=SERPINA3|subfamily=missense,subfamily,56,32
gene=SLC12A3|family=substitution:missense,family,56,46
gene=SLC12A3|subfamily=missense,subfamily,56,46
gene=STAG3|family=substitution:missense,family,56,54
gene=STAG3|subfamily=missense,subfamily,56,54
gene=TGFBR3|family=substitution:missense,family,56,41
gene=TGFBR3|subfamily=missense,subfamily,56,41
gene=TOP2A|family=substitution:missense,family,56,42
gene=TOP2A|subfamily=missense,subfamily,56,42
gene=TP53|aa_transition=H>R,aa_transition,56,17
gene=TTK|family=substitution:missense,family,56,24
gene=TTK|subfamily=missense,subfamily,56,24
gene=VEGFC|family=substitution:missense,family,56,36
gene=VEGFC|subfamily=missense,subfamily,56,36
gene=ZAP70|family=substitution:missense,family,56,37
gene=ZAP70|subfamily=missense,subfamily,56,37
gene=HLA-A|position_bin=1-100,position_bin,49,56
gene=DGKH|family=substitution:missense,family,48,56
gene=DGKH|subfamily=missense,subfamily,48,56
gene=RAPGEF3|family=substitution:missense,family,43,56
gene=RAPGEF3|subfamily=missense,subfamily,43,56
gene=BMP1|family=substitution:missense,family,38,56
gene=BMP1|subfamily=missense,subfamily,38,56
gene=HLA-DRB1|family=substitution:missense,family,34,56
gene=HLA-DRB1|subfamily=missense,subfamily,34,56
gene=APC|position_bin=901-1000,position_bin,26,56
gene=HLA-A|family=substitution:no_change,family,21,56
gene=HLA-A|subfamily=no_change,subfamily,21,56
gene=MADCAM1|family=substitution:missense,family,21,56
gene=MADCAM1|subfamily=missense,subfamily,21,56
gene=BAX|position_bin=1-100,position_bin,17,56
gene=PRDM2|position_bin=1401-1500,position_bin,14,56
gene=TCHH|position_bin=901-1000,position_bin,9,56
gene=GRINA|position_bin=1-100,position_bin,7,56
gene=ABCA8|family=substitution:no_change,family,55,29
gene=ABCA8|subfamily=no_change,subfamily,55,29
gene=ADAMDEC1|family=substitution:missense,family,55,28
gene=ADAMDEC1|subfamily=missense,subfamily,55,28
gene=ADCY1|family=substitution:no_change,family,55,35
gene=ADCY1|subfamily=no_change,subfamily,55,35
gene=ATP2A2|family=substitution:missense,family,55,37
gene=ATP2A2|subfamily=missense,subfamily,55,37
gene=BCL6|family=substitution:missense,family,55,52
gene=BCL6|subfamily=missense,subfamily,55,52
gene=BMP2K|family=substitution:missense,family,55,47
gene=BMP2K|subfamily=missense,subfamily,55,47
gene=CDH11|family=substitution:no_change,family,55,28
gene=CDH11|subfamily=no_change,subfamily,55,28
gene=CENPF|family=substitution:no_change,family,55,18
gene=CENPF|subfamily=no_change,subfamily,55,18
gene=CHAF1A|family=substitution:missense,family,55,41
gene=CHAF1A|subfamily=missense,subfamily,55,41
gene=CLVS1|family=substitution:missense,family,55,27
gene=CLVS1|subfamily=missense,subfamily,55,27
gene=DCT|family=substitution:missense,family,55,33
gene=DCT|subfamily=missense,subfamily,55,33
gene=DCX|family=substitution:missense,family,55,21
gene=DCX|subfamily=missense,subfamily,55,21
gene=DDC|family=substitution:missense,family,55,26
gene=DDC|subfamily=missense,subfamily,55,26
gene=EDC4|family=substitution:missense,family,55,42
gene=EDC4|subfamily=missense,subfamily,55,42
gene=GAD2|family=substitution:missense,family,55,33
gene=GAD2|subfamily=missense,subfamily,55,33
gene=GLDC|family=substitution:missense,family,55,39
gene=GLDC|subfamily=missense,subfamily,55,39
gene=GUCY2D|family=substitution:missense,family,55,49
gene=GUCY2D|subfamily=missense,subfamily,55,49
gene=HKDC1|family=substitution:missense,family,55,42
gene=HKDC1|subfamily=missense,subfamily,55,42
gene=IDH2|family=substitution:missense,family,55,23
gene=IDH2|subfamily=missense,subfamily,55,23
gene=INPPL1|family=substitution:missense,family,55,45
gene=INPPL1|subfamily=missense,subfamily,55,45
gene=ITGA2|family=substitution:missense,family,55,42
gene=ITGA2|subfamily=missense,subfamily,55,42
gene=JAK2|family=substitution:missense,family,55,51
gene=JAK2|subfamily=missense,subfamily,55,51
gene=LOXL2|family=substitution:missense,family,55,36
gene=LOXL2|subfamily=missense,subfamily,55,36
gene=MAP1S|family=substitution:missense,family,55,45
gene=MAP1S|subfamily=missense,subfamily,55,45
gene=MYO1E|family=substitution:missense,family,55,27
gene=MYO1E|subfamily=missense,subfamily,55,27
gene=NOTCH4|family=substitution:no_change,family,55,49
gene=NOTCH4|subfamily=no_change,subfamily,55,49
gene=NPHS1|family=substitution:no_change,family,55,28
gene=NPHS1|subfamily=no_change,subfamily,55,28
gene=PCSK2|family=substitution:missense,family,55,45
gene=PCSK2|subfamily=missense,subfamily,55,45
gene=PLEC|aa_transition=A>A,aa_transition,55,31
gene=PTK2B|family=substitution:missense,family,55,49
gene=PTK2B|subfamily=missense,subfamily,55,49
gene=RTN3|family=substitution:missense,family,55,32
gene=RTN3|subfamily=missense,subfamily,55,32
gene=SDHA|family=substitution:missense,family,55,29
gene=SDHA|subfamily=missense,subfamily,55,29
gene=SIPA1L1|family=substitution:no_change,family,55,30
gene=SIPA1L1|subfamily=no_change,subfamily,55,30
gene=SLCO1A2|family=substitution:missense,family,55,30
gene=SLCO1A2|subfamily=missense,subfamily,55,30
gene=SPTAN1|family=substitution:no_change,family,55,32
gene=SPTAN1|subfamily=no_change,subfamily,55,32
gene=TGM1|family=substitution:missense,family,55,33
gene=TGM1|subfamily=missense,subfamily,55,33
gene=TLR2|family=substitution:missense,family,55,31
gene=TLR2|subfamily=missense,subfamily,55,31
gene=TMPRSS6|family=substitution:missense,family,55,37
gene=TMPRSS6|subfamily=missense,subfamily,55,37
gene=NOD1|family=substitution:missense,family,50,55
gene=NOD1|subfamily=missense,subfamily,50,55
gene=TRIM33|family=substitution:missense,family,41,55
gene=TRIM33|subfamily=missense,subfamily,41,55
gene=KDM4B|family=substitution:missense,family,39,55
gene=KDM4B|subfamily=missense,subfamily,39,55
gene=ADRA1B|family=substitution:missense,family,27,55
gene=ADRA1B|subfamily=missense,subfamily,27,55
gene=INHBB|family=substitution:missense,family,26,55
gene=INHBB|subfamily=missense,subfamily,26,55
gene=MAML2|position_bin=601-700,position_bin,21,55
gene=CCNK|family=substitution:missense,family,20,55
gene=CCNK|subfamily=missense,subfamily,20,55
gene=UBC|position_bin=101-200,position_bin,20,55
gene=IKZF1|position_bin=101-200,position_bin,15,55
gene=CPEB2|position_bin=301-400,position_bin,10,55
gene=CACNA1B|aa_transition=G>G,aa_transition,6,55
gene=MALL|family=frameshift,family,1,55
gene=MALL|parse_status=partial,parse_status,1,55
gene=MALL|frameshift_grammar=ref_position_alt,frameshift_grammar,0,55
gene=MALL|subfamily=ref_position_alt,subfamily,0,55
gene=MAP4K1|aa_transition=S>T,aa_transition,0,55
gene=ATXN2|family=substitution:missense,family,54,41
gene=ATXN2|subfamily=missense,subfamily,54,41
gene=CD96|family=substitution:missense,family,54,36
gene=CD96|subfamily=missense,subfamily,54,36
gene=CTNND1|family=substitution:missense,family,54,30
gene=CTNND1|subfamily=missense,subfamily,54,30
gene=DTX1|family=substitution:missense,family,54,51
gene=DTX1|subfamily=missense,subfamily,54,51
gene=ENPP1|family=substitution:missense,family,54,49
gene=ENPP1|subfamily=missense,subfamily,54,49
gene=F9|family=substitution:missense,family,54,25
gene=F9|subfamily=missense,subfamily,54,25
gene=FBLN1|family=substitution:missense,family,54,50
gene=FBLN1|subfamily=missense,subfamily,54,50
gene=HDAC9|family=substitution:no_change,family,54,33
gene=HDAC9|subfamily=no_change,subfamily,54,33
gene=HSPA1L|family=substitution:missense,family,54,44
gene=HSPA1L|subfamily=missense,subfamily,54,44
gene=HSPA8|family=substitution:missense,family,54,31
gene=HSPA8|subfamily=missense,subfamily,54,31
gene=ITGB2|family=substitution:missense,family,54,46
gene=ITGB2|subfamily=missense,subfamily,54,46
gene=KCNA3|family=substitution:missense,family,54,41
gene=KCNA3|subfamily=missense,subfamily,54,41
gene=KRT1|family=substitution:missense,family,54,46
gene=KRT1|subfamily=missense,subfamily,54,46
gene=NOTCH3|family=substitution:no_change,family,54,51
gene=NOTCH3|subfamily=no_change,subfamily,54,51
gene=CFTR|family=substitution:no_change,family,52,54
gene=CFTR|subfamily=no_change,subfamily,52,54
gene=PLCB2|family=substitution:missense,family,52,54
gene=PLCB2|subfamily=missense,subfamily,52,54
gene=AXIN2|family=substitution:missense,family,42,54
gene=AXIN2|subfamily=missense,subfamily,42,54
gene=SYNJ2|position_bin=1101-1200,position_bin,16,54
gene=MAGEE1|aa_transition=T>T,aa_transition,4,54
gene=SFPQ|aa_transition=G>G,aa_transition,3,54
gene=ADGRA2|family=substitution:missense,family,0,54
gene=ADGRA2|subfamily=missense,subfamily,0,54
gene=TCF7L2|frameshift_first_new_aa=V,frameshift_first_new_aa,0,54
gene=AGO2|family=substitution:missense,family,53,32
gene=AGO2|subfamily=missense,subfamily,53,32
gene=AP2B1|family=substitution:missense,family,53,26
gene=AP2B1|subfamily=missense,subfamily,53,26
gene=APAF1|family=substitution:missense,family,53,30
gene=APAF1|subfamily=missense,subfamily,53,30
gene=C1S|family=substitution:missense,family,53,36
gene=C1S|subfamily=missense,subfamily,53,36
gene=CDCP1|family=substitution:missense,family,53,31
gene=CDCP1|subfamily=missense,subfamily,53,31
gene=CDH4|family=substitution:no_change,family,53,53
gene=CDH4|subfamily=no_change,subfamily,53,53
gene=CFHR2|family=substitution:missense,family,53,17
gene=CFHR2|subfamily=missense,subfamily,53,17
gene=CYLD|family=substitution:missense,family,53,33
gene=CYLD|subfamily=missense,subfamily,53,33
gene=CYP7B1|family=substitution:missense,family,53,42
gene=CYP7B1|subfamily=missense,subfamily,53,42
gene=DPP4|family=substitution:missense,family,53,26
gene=DPP4|subfamily=missense,subfamily,53,26
gene=E2F8|family=substitution:missense,family,53,28
gene=E2F8|subfamily=missense,subfamily,53,28
gene=F8|family=substitution:no_change,family,53,22
gene=F8|subfamily=no_change,subfamily,53,22
gene=FMO1|family=substitution:missense,family,53,29
gene=FMO1|subfamily=missense,subfamily,53,29
gene=GAD1|family=substitution:missense,family,53,35
gene=GAD1|subfamily=missense,subfamily,53,35
gene=GATA3|frameshift_grammar=short_ref_position,frameshift_grammar,53,12
gene=GATA3|subfamily=short_ref_position,subfamily,53,12
gene=HNF4A|family=substitution:missense,family,53,28
gene=HNF4A|subfamily=missense,subfamily,53,28
gene=HRC|family=substitution:missense,family,53,50
gene=HRC|subfamily=missense,subfamily,53,50
gene=IL12RB2|family=substitution:missense,family,53,34
gene=IL12RB2|subfamily=missense,subfamily,53,34
gene=LDLR|family=substitution:missense,family,53,34
gene=LDLR|subfamily=missense,subfamily,53,34
gene=MED24|family=substitution:missense,family,53,29
gene=MED24|subfamily=missense,subfamily,53,29
gene=NF1|family=substitution:no_change,family,53,25
gene=NF1|subfamily=no_change,subfamily,53,25
gene=NTM|family=substitution:missense,family,53,41
gene=NTM|subfamily=missense,subfamily,53,41
gene=OGDH|family=substitution:missense,family,53,52
gene=OGDH|subfamily=missense,subfamily,53,52
gene=PAM|family=substitution:missense,family,53,31
gene=PAM|subfamily=missense,subfamily,53,31
gene=PCDHB1|family=substitution:no_change,family,53,31
gene=PCDHB1|subfamily=no_change,subfamily,53,31
gene=PCK1|family=substitution:missense,family,53,33
gene=PCK1|subfamily=missense,subfamily,53,33
gene=SLC12A2|family=substitution:missense,family,53,50
gene=SLC12A2|subfamily=missense,subfamily,53,50
gene=TP53|aa_transition=E>STOP,aa_transition,53,22
gene=USP11|family=substitution:missense,family,53,50
gene=USP11|subfamily=missense,subfamily,53,50
gene=IL4R|family=substitution:missense,family,52,53
gene=IL4R|subfamily=missense,subfamily,52,53
gene=BCR|family=substitution:missense,family,48,53
gene=BCR|subfamily=missense,subfamily,48,53
gene=CLIP2|family=substitution:missense,family,48,53
gene=CLIP2|subfamily=missense,subfamily,48,53
gene=B2M|position_bin=1-100,position_bin,43,53
gene=TNS1|family=substitution:no_change,family,41,53
gene=TNS1|subfamily=no_change,subfamily,41,53
gene=HAS1|family=substitution:missense,family,40,53
gene=HAS1|subfamily=missense,subfamily,40,53
gene=OGFR|family=substitution:missense,family,37,53
gene=OGFR|subfamily=missense,subfamily,37,53
gene=KRT15|family=substitution:no_change,family,15,53
gene=KRT15|subfamily=no_change,subfamily,15,53
gene=TCHH|position_bin=601-700,position_bin,12,53
gene=TCOF1|position_bin=301-400,position_bin,7,53
gene=FZD2|position_bin=101-200,position_bin,4,53
gene=DENND2B|family=substitution:missense,family,0,53
gene=DENND2B|subfamily=missense,subfamily,0,53
gene=TUBGCP6|aa_transition=R>R,aa_transition,0,53
gene=ABCA2|family=substitution:no_change,family,52,52
gene=ABCA2|subfamily=no_change,subfamily,52,52
gene=ABCG4|family=substitution:missense,family,52,31
gene=ABCG4|subfamily=missense,subfamily,52,31
gene=AOC3|family=substitution:missense,family,52,40
gene=AOC3|subfamily=missense,subfamily,52,40
gene=BMPR2|family=substitution:missense,family,52,46
gene=BMPR2|subfamily=missense,subfamily,52,46
gene=CAMK4|family=substitution:missense,family,52,36
gene=CAMK4|subfamily=missense,subfamily,52,36
gene=CLCN3|family=substitution:missense,family,52,34
gene=CLCN3|subfamily=missense,subfamily,52,34
gene=COPB1|family=substitution:missense,family,52,32
gene=COPB1|subfamily=missense,subfamily,52,32
gene=DLC1|family=substitution:no_change,family,52,30
gene=DLC1|subfamily=no_change,subfamily,52,30
gene=DYRK1A|family=substitution:missense,family,52,37
gene=DYRK1A|subfamily=missense,subfamily,52,37
gene=EGFR|position_bin=201-300,position_bin,52,33
gene=EZH2|family=substitution:missense,family,52,32
gene=EZH2|subfamily=missense,subfamily,52,32
gene=HERC6|family=substitution:missense,family,52,40
gene=HERC6|subfamily=missense,subfamily,52,40
gene=ITGA5|family=substitution:missense,family,52,49
gene=ITGA5|subfamily=missense,subfamily,52,49
gene=ITIH5|family=substitution:no_change,family,52,32
gene=ITIH5|subfamily=no_change,subfamily,52,32
gene=KIF5C|family=substitution:missense,family,52,37
gene=KIF5C|subfamily=missense,subfamily,52,37
gene=KRT4|family=substitution:missense,family,52,32
gene=KRT4|subfamily=missense,subfamily,52,32
gene=L1CAM|subfamily=no_change,subfamily,52,33
gene=LLGL2|family=substitution:missense,family,52,37
gene=LLGL2|subfamily=missense,subfamily,52,37
gene=MSN|family=substitution:missense,family,52,28
gene=MSN|subfamily=missense,subfamily,52,28
gene=NCAPD2|family=substitution:missense,family,52,48
gene=NCAPD2|subfamily=missense,subfamily,52,48
gene=NCOA7|family=substitution:missense,family,52,39
gene=NCOA7|subfamily=missense,subfamily,52,39
gene=NEDD4|family=substitution:missense,family,52,45
gene=NEDD4|subfamily=missense,subfamily,52,45
gene=NIPBL|family=substitution:no_change,family,52,23
gene=NIPBL|subfamily=no_change,subfamily,52,23
gene=NOL8|family=substitution:missense,family,52,33
gene=NOL8|subfamily=missense,subfamily,52,33
gene=OCRL|family=substitution:missense,family,52,34
gene=OCRL|subfamily=missense,subfamily,52,34
gene=PAK3|family=substitution:missense,family,52,32
gene=PAK3|subfamily=missense,subfamily,52,32
gene=POLE|family=substitution:no_change,family,52,42
gene=POLE|subfamily=no_change,subfamily,52,42
gene=RB1|family=frameshift,family,52,12
gene=RB1|parse_status=partial,parse_status,52,12
gene=RBL1|family=substitution:missense,family,52,46
gene=RBL1|subfamily=missense,subfamily,52,46
gene=RRP12|family=substitution:missense,family,52,41
gene=RRP12|subfamily=missense,subfamily,52,41
gene=SEMA3C|family=substitution:missense,family,52,31
gene=SEMA3C|subfamily=missense,subfamily,52,31
gene=SLCO2A1|family=substitution:missense,family,52,33
gene=SLCO2A1|subfamily=missense,subfamily,52,33
gene=SMC2|family=substitution:missense,family,52,29
gene=SMC2|subfamily=missense,subfamily,52,29
gene=TJP3|family=substitution:missense,family,52,38
gene=TJP3|subfamily=missense,subfamily,52,38
gene=CLCA2|family=substitution:missense,family,51,52
gene=CLCA2|subfamily=missense,subfamily,51,52
gene=FGFR3|family=substitution:missense,family,48,52
gene=FGFR3|subfamily=missense,subfamily,48,52
gene=COL6A2|family=substitution:no_change,family,47,52
gene=COL6A2|subfamily=no_change,subfamily,47,52
gene=CRMP1|family=substitution:missense,family,44,52
gene=CRMP1|subfamily=missense,subfamily,44,52
gene=TUBGCP3|family=substitution:missense,family,44,52
gene=TUBGCP3|subfamily=missense,subfamily,44,52
gene=POLR2A|family=substitution:no_change,family,40,52
gene=POLR2A|subfamily=no_change,subfamily,40,52
gene=SHROOM1|family=substitution:missense,family,26,52
gene=SHROOM1|subfamily=missense,subfamily,26,52
gene=FBXW7|position_bin=201-300,position_bin,19,52
gene=TCF7L2|position_bin=201-300,position_bin,16,52
gene=VASP|position_bin=101-200,position_bin,6,52
gene=WNK4|position_bin=801-900,position_bin,5,52
gene=COL8A2|position_bin=101-200,position_bin,3,52
gene=CASP8|family=substitution:missense,family,51,44
gene=CASP8|subfamily=missense,subfamily,51,44
gene=COL1A2|family=substitution:no_change,family,51,40
gene=COL1A2|subfamily=no_change,subfamily,51,40
gene=DST|family=substitution:nonsense,family,51,18
gene=DST|subfamily=nonsense,subfamily,51,18
gene=ESPL1|family=substitution:no_change,family,51,30
gene=ESPL1|subfamily=no_change,subfamily,51,30
gene=IDE|family=substitution:missense,family,51,34
gene=IDE|subfamily=missense,subfamily,51,34
gene=IGF1R|family=substitution:no_change,family,51,42
gene=IGF1R|subfamily=no_change,subfamily,51,42
gene=INPP5F|family=substitution:missense,family,51,45
gene=INPP5F|subfamily=missense,subfamily,51,45
gene=ITGB8|family=substitution:missense,family,51,35
gene=ITGB8|subfamily=missense,subfamily,51,35
gene=JAK1|family=substitution:missense,family,51,45
gene=JAK1|subfamily=missense,subfamily,51,45
gene=L1CAM|family=substitution:no_change,family,51,33
gene=LIG1|family=substitution:missense,family,51,39
gene=LIG1|subfamily=missense,subfamily,51,39
gene=MAST4|family=substitution:no_change,family,51,50
gene=MAST4|subfamily=no_change,subfamily,51,50
gene=MCM4|family=substitution:missense,family,51,24
gene=MCM4|subfamily=missense,subfamily,51,24
gene=MMP2|family=substitution:missense,family,51,34
gene=MMP2|subfamily=missense,subfamily,51,34
gene=MVP|family=substitution:missense,family,51,42
gene=MVP|subfamily=missense,subfamily,51,42
gene=MYBBP1A|family=substitution:missense,family,51,50
gene=MYBBP1A|subfamily=missense,subfamily,51,50
gene=NLRC5|family=substitution:no_change,family,51,35
gene=NLRC5|subfamily=no_change,subfamily,51,35
gene=PCLO|aa_transition=E>K,aa_transition,51,9
gene=PDE6B|family=substitution:missense,family,51,51
gene=PDE6B|subfamily=missense,subfamily,51,51
gene=PENK|family=substitution:missense,family,51,23
gene=PENK|subfamily=missense,subfamily,51,23
gene=PEX1|family=substitution:missense,family,51,35
gene=PEX1|subfamily=missense,subfamily,51,35
gene=PIK3CG|family=substitution:no_change,family,51,41
gene=PIK3CG|subfamily=no_change,subfamily,51,41
gene=PLOD2|family=substitution:missense,family,51,35
gene=PLOD2|subfamily=missense,subfamily,51,35
gene=PREX1|family=substitution:no_change,family,51,44
gene=PREX1|subfamily=no_change,subfamily,51,44
gene=RNASEL|family=substitution:missense,family,51,26
gene=RNASEL|subfamily=missense,subfamily,51,26
gene=SAMD9L|subfamily=no_change,subfamily,51,27
gene=SLC12A3|family=substitution:no_change,family,51,40
gene=SLC12A3|subfamily=no_change,subfamily,51,40
gene=TGFBRAP1|family=substitution:missense,family,51,47
gene=TGFBRAP1|subfamily=missense,subfamily,51,47
gene=TSC1|family=substitution:missense,family,51,43
gene=TSC1|subfamily=missense,subfamily,51,43
gene=TUBGCP5|family=substitution:missense,family,51,30
gene=TUBGCP5|subfamily=missense,subfamily,51,30
gene=RETSAT|family=substitution:missense,family,49,51
gene=RETSAT|subfamily=missense,subfamily,49,51
gene=ATP1A1|family=substitution:missense,family,47,51
gene=ATP1A1|subfamily=missense,subfamily,47,51
gene=EXO1|family=substitution:missense,family,45,51
gene=EXO1|subfamily=missense,subfamily,45,51
gene=FBXW7|family=substitution:nonsense,family,32,51
gene=FBXW7|subfamily=nonsense,subfamily,32,51
gene=TMEM8B|family=substitution:missense,family,24,51
gene=TMEM8B|subfamily=missense,subfamily,24,51
gene=OGFR|family=substitution:no_change,family,22,51
gene=OGFR|position_bin=501-600,position_bin,22,51
gene=OGFR|subfamily=no_change,subfamily,22,51
gene=USH1C|family=substitution:no_change,family,18,51
gene=USH1C|subfamily=no_change,subfamily,18,51
gene=CFH|position_bin=1001-1100,position_bin,14,51
gene=INHBB|family=substitution:no_change,family,14,51
gene=INHBB|subfamily=no_change,subfamily,14,51
gene=IDUA|position_bin=401-500,position_bin,2,51
gene=ACLY|family=frameshift,family,1,51
gene=ACLY|parse_status=partial,parse_status,1,51
gene=ACSL6|family=substitution:missense,family,50,31
gene=ACSL6|subfamily=missense,subfamily,50,31
gene=ACTN2|family=substitution:no_change,family,50,35
gene=ACTN2|subfamily=no_change,subfamily,50,35
gene=ACVR1B|family=substitution:missense,family,50,35
gene=ACVR1B|subfamily=missense,subfamily,50,35
gene=AP3B1|family=substitution:missense,family,50,39
gene=AP3B1|subfamily=missense,subfamily,50,39
gene=CMKLR1|family=substitution:missense,family,50,33
gene=CMKLR1|subfamily=missense,subfamily,50,33
gene=CUL3|family=substitution:missense,family,50,37
gene=CUL3|subfamily=missense,subfamily,50,37
gene=DENND5A|family=substitution:missense,family,50,49
gene=DENND5A|subfamily=missense,subfamily,50,49
gene=ECT2|family=substitution:missense,family,50,30
gene=ECT2|subfamily=missense,subfamily,50,30
gene=EGFR|family=substitution:no_change,family,50,50
gene=EGFR|subfamily=no_change,subfamily,50,50
gene=ELN|family=substitution:missense,family,50,34
gene=ELN|subfamily=missense,subfamily,50,34
gene=EVI5|family=substitution:missense,family,50,24
gene=EVI5|subfamily=missense,subfamily,50,24
gene=GNAS|position_bin=201-300,position_bin,50,50
gene=HRG|family=substitution:missense,family,50,36
gene=HRG|subfamily=missense,subfamily,50,36
gene=IGSF1|family=substitution:no_change,family,50,27
gene=IGSF1|subfamily=no_change,subfamily,50,27
gene=ITGB3|family=substitution:missense,family,50,41
gene=ITGB3|subfamily=missense,subfamily,50,41
gene=KALRN|position_bin=1-100,position_bin,50,9
gene=LONP2|family=substitution:missense,family,50,34
gene=LONP2|subfamily=missense,subfamily,50,34
gene=LPIN2|family=substitution:missense,family,50,29
gene=LPIN2|subfamily=missense,subfamily,50,29
gene=MAML2|family=substitution:missense,family,50,40
gene=MAML2|subfamily=missense,subfamily,50,40
gene=MTHFD1|family=substitution:missense,family,50,33
gene=MTHFD1|subfamily=missense,subfamily,50,33
gene=MYBL2|family=substitution:missense,family,50,39
gene=MYBL2|subfamily=missense,subfamily,50,39
gene=NFKBIZ|family=substitution:missense,family,50,22
gene=NFKBIZ|subfamily=missense,subfamily,50,22
gene=NNT|family=substitution:missense,family,50,46
gene=NNT|subfamily=missense,subfamily,50,46
gene=OAS3|family=substitution:missense,family,50,43
gene=OAS3|subfamily=missense,subfamily,50,43
gene=PCLO|family=substitution:nonsense,family,50,19
gene=PCLO|subfamily=nonsense,subfamily,50,19
gene=PCSK1|family=substitution:missense,family,50,48
gene=PCSK1|subfamily=missense,subfamily,50,48
gene=PLCB4|family=substitution:no_change,family,50,21
gene=PLCB4|subfamily=no_change,subfamily,50,21
gene=SAMD9L|family=substitution:no_change,family,50,27
gene=SEC31A|family=substitution:missense,family,50,28
gene=SEC31A|subfamily=missense,subfamily,50,28
gene=SLC25A13|family=substitution:missense,family,50,36
gene=SLC25A13|subfamily=missense,subfamily,50,36
gene=STAT4|family=substitution:missense,family,50,35
gene=STAT4|subfamily=missense,subfamily,50,35
gene=TLR3|family=substitution:missense,family,50,39
gene=TLR3|subfamily=missense,subfamily,50,39
gene=YTHDC1|family=substitution:missense,family,50,36
gene=YTHDC1|subfamily=missense,subfamily,50,36
gene=EPHB4|family=substitution:missense,family,49,50
gene=EPHB4|subfamily=missense,subfamily,49,50
gene=MAPT|family=substitution:missense,family,45,50
gene=MAPT|subfamily=missense,subfamily,45,50
gene=ABR|family=substitution:missense,family,43,50
gene=ABR|subfamily=missense,subfamily,43,50
gene=PKP1|family=substitution:missense,family,37,50
gene=PKP1|subfamily=missense,subfamily,37,50
gene=KDM4B|family=substitution:no_change,family,35,50
gene=KDM4B|subfamily=no_change,subfamily,35,50
gene=NR4A3|family=substitution:missense,family,30,50
gene=NR4A3|subfamily=missense,subfamily,30,50
gene=DTX2|family=substitution:no_change,family,28,50
gene=DTX2|subfamily=no_change,subfamily,28,50
gene=PGR|position_bin=201-300,position_bin,12,50
gene=RAPGEFL1|family=substitution:no_change,family,10,50
gene=RAPGEFL1|subfamily=no_change,subfamily,10,50
gene=PAX6|family=frameshift,family,8,50
gene=PAX6|parse_status=partial,parse_status,8,50
gene=DOP1A|family=substitution:missense,family,0,50
gene=DOP1A|subfamily=missense,subfamily,0,50
gene=ACSM1|family=substitution:missense,family,49,26
gene=ACSM1|subfamily=missense,subfamily,49,26
gene=AHR|family=substitution:missense,family,49,35
gene=AHR|subfamily=missense,subfamily,49,35
gene=ATP1A3|family=substitution:no_change,family,49,30
gene=ATP1A3|subfamily=no_change,subfamily,49,30
gene=CADM1|family=substitution:missense,family,49,29
gene=CADM1|subfamily=missense,subfamily,49,29
gene=CBL|family=substitution:missense,family,49,33
gene=CBL|subfamily=missense,subfamily,49,33
gene=COL4A1|family=substitution:no_change,family,49,49
gene=COL4A1|subfamily=no_change,subfamily,49,49
gene=ESR1|family=substitution:missense,family,49,43
gene=ESR1|subfamily=missense,subfamily,49,43
gene=GBP4|family=substitution:missense,family,49,31
gene=GBP4|subfamily=missense,subfamily,49,31
gene=GPHN|family=substitution:missense,family,49,37
gene=GPHN|subfamily=missense,subfamily,49,37
gene=HERC3|family=substitution:missense,family,49,32
gene=HERC3|subfamily=missense,subfamily,49,32
gene=HK1|family=substitution:missense,family,49,41
gene=HK1|subfamily=missense,subfamily,49,41
gene=IFIH1|family=substitution:missense,family,49,43
gene=IFIH1|subfamily=missense,subfamily,49,43
gene=IL18R1|family=substitution:missense,family,49,24
gene=IL18R1|subfamily=missense,subfamily,49,24
gene=IL6ST|family=substitution:missense,family,49,41
gene=IL6ST|subfamily=missense,subfamily,49,41
gene=IPO7|family=substitution:missense,family,49,32
gene=IPO7|subfamily=missense,subfamily,49,32
gene=LAMB3|family=substitution:no_change,family,49,36
gene=LAMB3|subfamily=no_change,subfamily,49,36
gene=LTBP1|family=substitution:no_change,family,49,40
gene=LTBP1|subfamily=no_change,subfamily,49,40
gene=MAML1|family=substitution:missense,family,49,40
gene=MAML1|subfamily=missense,subfamily,49,40
gene=MOCOS|family=substitution:missense,family,49,49
gene=MOCOS|subfamily=missense,subfamily,49,49
gene=MTOR|family=substitution:no_change,family,49,33
gene=MTOR|subfamily=no_change,subfamily,49,33
gene=MTRR|family=substitution:missense,family,49,38
gene=MTRR|subfamily=missense,subfamily,49,38
gene=OAS2|family=substitution:missense,family,49,27
gene=OAS2|subfamily=missense,subfamily,49,27
gene=OPRK1|family=substitution:missense,family,49,39
gene=OPRK1|subfamily=missense,subfamily,49,39
gene=PIK3R5|family=substitution:missense,family,49,45
gene=PIK3R5|subfamily=missense,subfamily,49,45
gene=PTCH1|family=substitution:no_change,family,49,29
gene=PTCH1|subfamily=no_change,subfamily,49,29
gene=RREB1|family=substitution:no_change,family,49,42
gene=RREB1|subfamily=no_change,subfamily,49,42
gene=SLIT1|family=substitution:no_change,family,49,35
gene=SLIT1|subfamily=no_change,subfamily,49,35
gene=SYNE1|aa_transition=E>K,aa_transition,49,10
gene=SYNE1|aa_transition=L>L,aa_transition,49,19
gene=XPO1|family=substitution:missense,family,49,41
gene=XPO1|subfamily=missense,subfamily,49,41
gene=IGF2R|family=substitution:no_change,family,48,49
gene=IGF2R|subfamily=no_change,subfamily,48,49
gene=PAPOLB|family=substitution:missense,family,45,49
gene=PAPOLB|subfamily=missense,subfamily,45,49
gene=CDH15|family=substitution:missense,family,44,49
gene=CDH15|subfamily=missense,subfamily,44,49
gene=KYNU|family=substitution:missense,family,44,49
gene=KYNU|subfamily=missense,subfamily,44,49
gene=SHROOM2|family=substitution:no_change,family,42,49
gene=SHROOM2|subfamily=no_change,subfamily,42,49
gene=COL4A2|family=substitution:no_change,family,36,49
gene=COL4A2|subfamily=no_change,subfamily,36,49
gene=KAZN|family=substitution:missense,family,33,49
gene=KAZN|subfamily=missense,subfamily,33,49
gene=WEE1|family=substitution:missense,family,23,49
gene=WEE1|subfamily=missense,subfamily,23,49
gene=ODF1|position_bin=201-300,position_bin,18,49
gene=UBC|position_bin=201-300,position_bin,18,49
gene=MAPK8IP2|family=substitution:missense,family,16,49
gene=MAPK8IP2|subfamily=missense,subfamily,16,49
gene=KMT2D|position_bin=801-900,position_bin,10,49
gene=TAF1C|position_bin=201-300,position_bin,6,49
gene=ACLY|frameshift_first_new_aa=S,frameshift_first_new_aa,0,49
gene=ACLY|frameshift_grammar=ref_position_alt,frameshift_grammar,0,49
gene=ACLY|subfamily=ref_position_alt,subfamily,0,49
gene=CDC42EP1|aa_transition=T>P,aa_transition,0,49
gene=ACSL4|family=substitution:missense,family,48,14
gene=ACSL4|subfamily=missense,subfamily,48,14
gene=ACTC1|family=substitution:missense,family,48,34
gene=ACTC1|subfamily=missense,subfamily,48,34
gene=ARHGEF7|family=substitution:missense,family,48,45
gene=ARHGEF7|subfamily=missense,subfamily,48,45
gene=AUTS2|family=substitution:no_change,family,48,44
gene=AUTS2|subfamily=no_change,subfamily,48,44
gene=CACNA2D2|family=substitution:missense,family,48,46
gene=CACNA2D2|subfamily=missense,subfamily,48,46
gene=CSE1L|family=substitution:missense,family,48,26
gene=CSE1L|subfamily=missense,subfamily,48,26
gene=CYP4A22|family=substitution:missense,family,48,27
gene=CYP4A22|subfamily=missense,subfamily,48,27
gene=DDX4|family=substitution:missense,family,48,36
gene=DDX4|subfamily=missense,subfamily,48,36
gene=DGCR8|family=substitution:missense,family,48,34
gene=DGCR8|subfamily=missense,subfamily,48,34
gene=EPB41L3|family=substitution:no_change,family,48,21
gene=EPB41L3|subfamily=no_change,subfamily,48,21
gene=ERCC4|family=substitution:missense,family,48,31
gene=ERCC4|subfamily=missense,subfamily,48,31
gene=IKZF1|family=substitution:missense,family,48,46
gene=IKZF1|subfamily=missense,subfamily,48,46
gene=ITGAV|family=substitution:missense,family,48,34
gene=ITGAV|subfamily=missense,subfamily,48,34
gene=ITGB1|family=substitution:missense,family,48,29
gene=ITGB1|subfamily=missense,subfamily,48,29
gene=ITGB4|family=substitution:no_change,family,48,47
gene=ITGB4|subfamily=no_change,subfamily,48,47
gene=ITIH3|family=substitution:missense,family,48,48
gene=ITIH3|subfamily=missense,subfamily,48,48
gene=KAT2B|family=substitution:missense,family,48,37
gene=KAT2B|subfamily=missense,subfamily,48,37
gene=KDM3A|family=substitution:missense,family,48,39
gene=KDM3A|subfamily=missense,subfamily,48,39
gene=KRT31|family=substitution:missense,family,48,26
gene=KRT31|subfamily=missense,subfamily,48,26
gene=LIG3|family=substitution:missense,family,48,25
gene=LIG3|subfamily=missense,subfamily,48,25
gene=MAN1A1|family=substitution:missense,family,48,20
gene=MAN1A1|subfamily=missense,subfamily,48,20
gene=MAP3K1|family=frameshift,family,48,13
gene=MAP3K1|parse_status=partial,parse_status,48,13
gene=NEDD4L|family=substitution:missense,family,48,36
gene=NEDD4L|subfamily=missense,subfamily,48,36
gene=NEXN|family=substitution:missense,family,48,43
gene=NEXN|subfamily=missense,subfamily,48,43
gene=NTRK3|family=substitution:no_change,family,48,34
gene=NTRK3|subfamily=no_change,subfamily,48,34
gene=PAN2|family=substitution:missense,family,48,39
gene=PAN2|subfamily=missense,subfamily,48,39
gene=PARP9|family=substitution:missense,family,48,24
gene=PARP9|subfamily=missense,subfamily,48,24
gene=PLCB1|family=substitution:no_change,family,48,36
gene=PLCB1|subfamily=no_change,subfamily,48,36
gene=PTPRM|family=substitution:no_change,family,48,30
gene=PTPRM|subfamily=no_change,subfamily,48,30
gene=RET|family=substitution:no_change,family,48,43
gene=RET|subfamily=no_change,subfamily,48,43
gene=SCN8A|family=substitution:no_change,family,48,27
gene=SCN8A|subfamily=no_change,subfamily,48,27
gene=SEC24D|family=substitution:missense,family,48,37
gene=SEC24D|subfamily=missense,subfamily,48,37
gene=SIDT2|family=substitution:missense,family,48,29
gene=SIDT2|subfamily=missense,subfamily,48,29
gene=SLC12A4|family=substitution:missense,family,48,43
gene=SLC12A4|subfamily=missense,subfamily,48,43
gene=SREBF2|family=substitution:missense,family,48,37
gene=SREBF2|subfamily=missense,subfamily,48,37
gene=SYBU|family=substitution:missense,family,48,40
gene=SYBU|subfamily=missense,subfamily,48,40
gene=TLE4|family=substitution:missense,family,48,40
gene=TLE4|subfamily=missense,subfamily,48,40
gene=UTP20|family=substitution:no_change,family,48,27
gene=UTP20|subfamily=no_change,subfamily,48,27
gene=VAV2|family=substitution:missense,family,48,42
gene=VAV2|subfamily=missense,subfamily,48,42
gene=WWP1|family=substitution:missense,family,48,30
gene=WWP1|subfamily=missense,subfamily,48,30
gene=SYNPO|family=substitution:missense,family,45,48
gene=SYNPO|subfamily=missense,subfamily,45,48
gene=CROCC|subfamily=no_change,subfamily,39,48
gene=CROCC|family=substitution:no_change,family,38,48
gene=SMURF2|family=substitution:missense,family,37,48
gene=SMURF2|subfamily=missense,subfamily,37,48
gene=TAF1C|family=substitution:missense,family,37,48
gene=TAF1C|subfamily=missense,subfamily,37,48
gene=NEFH|family=substitution:no_change,family,35,48
gene=NEFH|subfamily=no_change,subfamily,35,48
gene=XPC|family=substitution:missense,family,32,48
gene=XPC|subfamily=missense,subfamily,32,48
gene=MAML2|aa_transition=Q>Q,aa_transition,29,48
gene=NCOA3|position_bin=1201-1300,position_bin,26,48
gene=CBX3|position_bin=1-100,position_bin,13,48
gene=VPS37B|position_bin=201-300,position_bin,11,48
gene=ZBTB10|position_bin=101-200,position_bin,2,48
gene=ABCC1|family=substitution:no_change,family,47,24
gene=ABCC1|subfamily=no_change,subfamily,47,24
gene=ACACA|family=substitution:no_change,family,47,39
gene=ACACA|subfamily=no_change,subfamily,47,39
gene=AKAP13|family=substitution:no_change,family,47,37
gene=AKAP13|subfamily=no_change,subfamily,47,37
gene=ALAS2|family=substitution:missense,family,47,30
gene=ALAS2|subfamily=missense,subfamily,47,30
gene=APP|family=substitution:missense,family,47,28
gene=APP|subfamily=missense,subfamily,47,28
gene=ATP2C1|family=substitution:missense,family,47,27
gene=ATP2C1|subfamily=missense,subfamily,47,27
gene=BCAM|family=substitution:missense,family,47,44
gene=BCAM|subfamily=missense,subfamily,47,44
gene=CALCRL|family=substitution:missense,family,47,28
gene=CALCRL|subfamily=missense,subfamily,47,28
gene=CCNA1|family=substitution:missense,family,47,28
gene=CCNA1|subfamily=missense,subfamily,47,28
gene=CDH6|family=substitution:no_change,family,47,22
gene=CDH6|subfamily=no_change,subfamily,47,22
gene=CR1|family=substitution:no_change,family,47,31
gene=CR1|subfamily=no_change,subfamily,47,31
gene=CROT|family=substitution:missense,family,47,29
gene=CROT|subfamily=missense,subfamily,47,29
gene=CYP1A1|family=substitution:missense,family,47,23
gene=CYP1A1|subfamily=missense,subfamily,47,23
gene=DHX16|family=substitution:missense,family,47,28
gene=DHX16|subfamily=missense,subfamily,47,28
gene=DLG1|family=substitution:missense,family,47,37
gene=DLG1|subfamily=missense,subfamily,47,37
gene=EXT1|family=substitution:missense,family,47,35
gene=EXT1|subfamily=missense,subfamily,47,35
gene=F2|family=substitution:missense,family,47,34
gene=F2|subfamily=missense,subfamily,47,34
gene=FGFR1|family=substitution:missense,family,47,38
gene=FGFR1|subfamily=missense,subfamily,47,38
gene=FRK|family=substitution:missense,family,47,25
gene=FRK|subfamily=missense,subfamily,47,25
gene=GFRA1|family=substitution:missense,family,47,35
gene=GFRA1|subfamily=missense,subfamily,47,35
gene=HCLS1|family=substitution:missense,family,47,26
gene=HCLS1|subfamily=missense,subfamily,47,26
gene=HNF1A|family=substitution:missense,family,47,28
gene=HNF1A|subfamily=missense,subfamily,47,28
gene=IDH1|aa_transition=R>C,aa_transition,47,13
gene=IL12RB1|family=substitution:missense,family,47,34
gene=IL12RB1|subfamily=missense,subfamily,47,34
gene=IL1RL1|family=substitution:missense,family,47,36
gene=IL1RL1|subfamily=missense,subfamily,47,36
gene=KCNH1|family=substitution:no_change,family,47,19
gene=KCNH1|subfamily=no_change,subfamily,47,19
gene=KCNJ8|family=substitution:missense,family,47,20
gene=KCNJ8|subfamily=missense,subfamily,47,20
gene=KIF5B|family=substitution:missense,family,47,27
gene=KIF5B|subfamily=missense,subfamily,47,27
gene=LRRC8C|family=substitution:missense,family,47,41
gene=LRRC8C|subfamily=missense,subfamily,47,41
gene=LUM|family=substitution:missense,family,47,29
gene=LUM|subfamily=missense,subfamily,47,29
gene=ME1|family=substitution:missense,family,47,29
gene=ME1|subfamily=missense,subfamily,47,29
gene=MLLT10|family=substitution:missense,family,47,41
gene=MLLT10|subfamily=missense,subfamily,47,41
gene=MMP13|family=substitution:missense,family,47,27
gene=MMP13|subfamily=missense,subfamily,47,27
gene=NCR1|family=substitution:missense,family,47,16
gene=NCR1|subfamily=missense,subfamily,47,16
gene=PTPRC|family=substitution:no_change,family,47,27
gene=PTPRC|subfamily=no_change,subfamily,47,27
gene=RABGAP1L|family=substitution:missense,family,47,39
gene=RABGAP1L|subfamily=missense,subfamily,47,39
gene=RPS6KA2|family=substitution:missense,family,47,43
gene=RPS6KA2|subfamily=missense,subfamily,47,43
gene=TAT|family=substitution:missense,family,47,24
gene=TAT|subfamily=missense,subfamily,47,24
gene=TLR1|family=substitution:missense,family,47,47
gene=TLR1|subfamily=missense,subfamily,47,47
gene=TRO|family=substitution:no_change,family,47,30
gene=TRO|subfamily=no_change,subfamily,47,30
gene=USP15|family=substitution:missense,family,47,36
gene=USP15|subfamily=missense,subfamily,47,36
gene=VCL|family=substitution:missense,family,47,41
gene=VCL|subfamily=missense,subfamily,47,41
gene=XPO7|family=substitution:missense,family,47,35
gene=XPO7|subfamily=missense,subfamily,47,35
gene=C1R|family=substitution:missense,family,35,47
gene=C1R|subfamily=missense,subfamily,35,47
gene=MYO1C|family=substitution:missense,family,34,47
gene=MYO1C|subfamily=missense,subfamily,34,47
gene=FOXO1|family=substitution:missense,family,30,47
gene=FOXO1|subfamily=missense,subfamily,30,47
gene=FZD2|family=substitution:no_change,family,29,47
gene=FZD2|subfamily=no_change,subfamily,29,47
gene=BAIAP2|family=substitution:missense,family,26,47
gene=BAIAP2|subfamily=missense,subfamily,26,47
gene=PAX6|position_bin=101-200,position_bin,25,47
gene=MAP6|family=substitution:no_change,family,18,47
gene=MAP6|subfamily=no_change,subfamily,18,47
gene=CES1|family=substitution:no_change,family,17,47
gene=CES1|subfamily=no_change,subfamily,17,47
gene=LMO2|family=substitution:missense,family,16,47
gene=LMO2|subfamily=missense,subfamily,16,47
gene=SYNJ2|position_bin=801-900,position_bin,8,47
gene=SOX9|position_bin=301-400,position_bin,5,47
gene=NRXN2|position_bin=1401-1500,position_bin,3,47
gene=CACNA1A|aa_transition=T>P,aa_transition,0,47
gene=GRINA|aa_transition=Q>P,aa_transition,0,47
gene=PAX6|frameshift_grammar=ref_position_alt,frameshift_grammar,0,47
gene=PAX6|subfamily=ref_position_alt,subfamily,0,47
gene=TARP|aa_transition=M>T,aa_transition,0,47
gene=ABCB1|family=substitution:no_change,family,46,14
gene=ABCB1|subfamily=no_change,subfamily,46,14
gene=AGO4|family=substitution:missense,family,46,35
gene=AGO4|subfamily=missense,subfamily,46,35
gene=AKT2|family=substitution:missense,family,46,20
gene=AKT2|subfamily=missense,subfamily,46,20
gene=ALOX12B|family=substitution:missense,family,46,43
gene=ALOX12B|subfamily=missense,subfamily,46,43
gene=ATRX|frameshift_grammar=ref_alt_before_position,frameshift_grammar,46,6
gene=ATRX|subfamily=ref_alt_before_position,subfamily,46,6
gene=COL17A1|family=substitution:no_change,family,46,24
gene=COL17A1|subfamily=no_change,subfamily,46,24
gene=CYP2C18|family=substitution:missense,family,46,30
gene=CYP2C18|subfamily=missense,subfamily,46,30
gene=DCN|family=substitution:missense,family,46,23
gene=DCN|subfamily=missense,subfamily,46,23
gene=DLG5|family=substitution:no_change,family,46,39
gene=DLG5|subfamily=no_change,subfamily,46,39
gene=EDIL3|family=substitution:missense,family,46,27
gene=EDIL3|subfamily=missense,subfamily,46,27
gene=FAM120A|family=substitution:missense,family,46,39
gene=FAM120A|subfamily=missense,subfamily,46,39
gene=GNAS|position_bin=1-100,position_bin,46,29
gene=GYS1|family=substitution:missense,family,46,30
gene=GYS1|subfamily=missense,subfamily,46,30
gene=HOOK3|family=substitution:missense,family,46,25
gene=HOOK3|subfamily=missense,subfamily,46,25
gene=MAGI2|family=substitution:no_change,family,46,43
gene=MAGI2|subfamily=no_change,subfamily,46,43
gene=MAP2K3|family=substitution:missense,family,46,40
gene=MAP2K3|subfamily=missense,subfamily,46,40
gene=MEP1B|family=substitution:missense,family,46,28
gene=MEP1B|subfamily=missense,subfamily,46,28
gene=NF1|frameshift_grammar=short_ref_position,frameshift_grammar,46,16
gene=NF1|subfamily=short_ref_position,subfamily,46,16
gene=NFX1|family=substitution:missense,family,46,42
gene=NFX1|subfamily=missense,subfamily,46,42
gene=NR4A2|family=substitution:missense,family,46,32
gene=NR4A2|subfamily=missense,subfamily,46,32
gene=OLFM1|family=substitution:missense,family,46,32
gene=OLFM1|subfamily=missense,subfamily,46,32
gene=PNPLA8|family=substitution:missense,family,46,26
gene=PNPLA8|subfamily=missense,subfamily,46,26
gene=PYGB|family=substitution:missense,family,46,39
gene=PYGB|subfamily=missense,subfamily,46,39
gene=SERPINA10|family=substitution:missense,family,46,34
gene=SERPINA10|subfamily=missense,subfamily,46,34
gene=SLC27A2|family=substitution:missense,family,46,31
gene=SLC27A2|subfamily=missense,subfamily,46,31
gene=STAT3|family=substitution:missense,family,46,31
gene=STAT3|subfamily=missense,subfamily,46,31
gene=STRN|family=substitution:missense,family,46,20
gene=STRN|subfamily=missense,subfamily,46,20
gene=SYNJ2|family=substitution:no_change,family,46,20
gene=SYNJ2|subfamily=no_change,subfamily,46,20
gene=TGM2|family=substitution:missense,family,46,28
gene=TGM2|subfamily=missense,subfamily,46,28
gene=TNFRSF21|family=substitution:missense,family,46,29
gene=TNFRSF21|subfamily=missense,subfamily,46,29
gene=TP53|aa_transition=C>F,aa_transition,46,24
gene=TP53|aa_transition=Q>STOP,aa_transition,46,30
gene=TP63|family=substitution:no_change,family,46,20
gene=TP63|subfamily=no_change,subfamily,46,20
gene=ITGA3|family=substitution:missense,family,39,46
gene=ITGA3|subfamily=missense,subfamily,39,46
gene=DCBLD2|family=substitution:missense,family,35,46
gene=DCBLD2|subfamily=missense,subfamily,35,46
gene=ALOX15B|family=substitution:missense,family,34,46
gene=ALOX15B|subfamily=missense,subfamily,34,46
gene=APC|position_bin=501-600,position_bin,25,46
gene=CAMK2B|family=substitution:missense,family,25,46
gene=CAMK2B|subfamily=missense,subfamily,25,46
gene=THBD|family=substitution:missense,family,15,46
gene=THBD|subfamily=missense,subfamily,15,46
gene=RETSAT|position_bin=501-600,position_bin,13,46
gene=SLC23A2|family=frameshift,family,13,46
gene=SLC23A2|parse_status=partial,parse_status,13,46
gene=AGO4|position_bin=1-100,position_bin,12,46
gene=DTX2|position_bin=301-400,position_bin,8,46
gene=PPP2R5B|position_bin=1-100,position_bin,8,46
gene=SHOX2|position_bin=1-100,position_bin,7,46
gene=KMT2D|aa_transition=E>D,aa_transition,1,46
gene=MST1|position_bin=1-100,position_bin,0,46
gene=ABLIM1|family=substitution:missense,family,45,35
gene=ABLIM1|subfamily=missense,subfamily,45,35
gene=ACSM1|family=substitution:no_change,family,45,20
gene=ACSM1|subfamily=no_change,subfamily,45,21
gene=AMBN|family=substitution:missense,family,45,35
gene=AMBN|subfamily=missense,subfamily,45,35
gene=ANGPT1|family=substitution:missense,family,45,28
gene=ANGPT1|subfamily=missense,subfamily,45,28
gene=ATRX|family=substitution:no_change,family,45,15
gene=ATRX|subfamily=no_change,subfamily,45,15
gene=BACH1|family=substitution:missense,family,45,27
gene=BACH1|subfamily=missense,subfamily,45,27
gene=CAD|family=substitution:no_change,family,45,38
gene=CAD|subfamily=no_change,subfamily,45,38
gene=CHST8|family=substitution:missense,family,45,29
gene=CHST8|subfamily=missense,subfamily,45,29
gene=CPN1|family=substitution:missense,family,45,20
gene=CPN1|subfamily=missense,subfamily,45,20
gene=CTNNA1|family=substitution:missense,family,45,45
gene=CTNNA1|subfamily=missense,subfamily,45,45
gene=CXXC1|family=substitution:missense,family,45,37
gene=CXXC1|subfamily=missense,subfamily,45,37
gene=CYP1A2|family=substitution:missense,family,45,26
gene=CYP1A2|subfamily=missense,subfamily,45,26
gene=CYP7A1|family=substitution:missense,family,45,35
gene=CYP7A1|subfamily=missense,subfamily,45,35
gene=ELL2|family=substitution:missense,family,45,20
gene=ELL2|subfamily=missense,subfamily,45,20
gene=ETV1|family=substitution:missense,family,45,39
gene=ETV1|subfamily=missense,subfamily,45,39
gene=EXOC2|family=substitution:missense,family,45,28
gene=EXOC2|subfamily=missense,subfamily,45,28
gene=FLII|family=substitution:missense,family,45,43
gene=FLII|subfamily=missense,subfamily,45,43
gene=GATA3|family=substitution:missense,family,45,42
gene=GATA3|subfamily=missense,subfamily,45,42
gene=GDA|family=substitution:missense,family,45,17
gene=GDA|subfamily=missense,subfamily,45,17
gene=HSP90AA1|family=substitution:missense,family,45,31
gene=HSP90AA1|subfamily=missense,subfamily,45,31
gene=KCND1|family=substitution:missense,family,45,27
gene=KCND1|subfamily=missense,subfamily,45,27
gene=KDM7A|family=substitution:missense,family,45,28
gene=KDM7A|subfamily=missense,subfamily,45,28
gene=MAP3K1|frameshift_grammar=short_ref_position,frameshift_grammar,45,9
gene=MAP3K1|subfamily=short_ref_position,subfamily,45,9
gene=MAP4K3|family=substitution:missense,family,45,35
gene=MAP4K3|subfamily=missense,subfamily,45,35
gene=MYOM1|family=substitution:no_change,family,45,31
gene=MYOM1|subfamily=no_change,subfamily,45,31
gene=NDST1|family=substitution:missense,family,45,29
gene=NDST1|subfamily=missense,subfamily,45,29
gene=NEDD9|family=substitution:missense,family,45,32
gene=NEDD9|subfamily=missense,subfamily,45,32
gene=NEGR1|family=substitution:missense,family,45,21
gene=NEGR1|subfamily=missense,subfamily,45,21
gene=OSBP2|family=substitution:missense,family,45,41
gene=OSBP2|subfamily=missense,subfamily,45,41
gene=PAX3|family=substitution:missense,family,45,39
gene=PAX3|subfamily=missense,subfamily,45,39
gene=PAX4|family=substitution:missense,family,45,38
gene=PAX4|subfamily=missense,subfamily,45,38
gene=PKLR|family=substitution:missense,family,45,19
gene=PKLR|subfamily=missense,subfamily,45,19
gene=PLEC|aa_transition=L>L,aa_transition,45,12
gene=PLG|family=substitution:no_change,family,45,23
gene=PLG|subfamily=no_change,subfamily,45,23
gene=PLK4|family=substitution:missense,family,45,29
gene=PLK4|subfamily=missense,subfamily,45,29
gene=PLVAP|family=substitution:missense,family,45,26
gene=PLVAP|subfamily=missense,subfamily,45,26
gene=PRPF4B|family=substitution:missense,family,45,41
gene=PRPF4B|subfamily=missense,subfamily,45,41
gene=PRSS36|family=substitution:missense,family,45,33
gene=PRSS36|subfamily=missense,subfamily,45,33
gene=RBBP8|family=substitution:missense,family,45,24
gene=RBBP8|subfamily=missense,subfamily,45,24
gene=RYR2|aa_transition=E>K,aa_transition,45,15
gene=SLC2A3|family=substitution:missense,family,45,36
gene=SLC2A3|subfamily=missense,subfamily,45,36
gene=SLC6A9|family=substitution:missense,family,45,35
gene=SLC6A9|subfamily=missense,subfamily,45,35
gene=SLC7A2|family=substitution:missense,family,45,31
gene=SLC7A2|subfamily=missense,subfamily,45,31
gene=SMARCC1|family=substitution:missense,family,45,37
gene=SMARCC1|subfamily=missense,subfamily,45,37
gene=TRAT1|family=substitution:missense,family,45,13
gene=TRAT1|subfamily=missense,subfamily,45,13
gene=XPOT|family=substitution:missense,family,45,35
gene=XPOT|subfamily=missense,subfamily,45,35
gene=LDB3|family=substitution:missense,family,43,45
gene=LDB3|subfamily=missense,subfamily,43,45
gene=GFPT2|family=substitution:missense,family,42,45
gene=GFPT2|subfamily=missense,subfamily,42,45
gene=SMAD3|family=substitution:missense,family,39,45
gene=SMAD3|subfamily=missense,subfamily,39,45
gene=ADCY9|family=substitution:no_change,family,36,45
gene=ADCY9|subfamily=no_change,subfamily,36,45
gene=MAP4K2|family=substitution:missense,family,29,45
gene=MAP4K2|subfamily=missense,subfamily,29,45
gene=MMP9|family=substitution:no_change,family,27,45
gene=MMP9|subfamily=no_change,subfamily,27,45
gene=FBLN2|family=substitution:no_change,family,26,45
gene=FBLN2|subfamily=no_change,subfamily,26,45
gene=MAPT|family=substitution:no_change,family,26,45
gene=MAPT|subfamily=no_change,subfamily,26,45
gene=PALLD|family=substitution:no_change,family,26,45
gene=PALLD|subfamily=no_change,subfamily,26,45
gene=SKI|family=substitution:missense,family,26,45
gene=SKI|subfamily=missense,subfamily,26,45
gene=KMT2D|aa_transition=L>L,aa_transition,19,45
gene=SORBS2|position_bin=401-500,position_bin,16,45
gene=PDS5B|family=frameshift,family,15,45
gene=PDS5B|parse_status=partial,parse_status,15,45
gene=PDS5B|position_bin=1301-1400,position_bin,15,45
gene=PPP2R5B|family=substitution:no_change,family,15,45
gene=PPP2R5B|subfamily=no_change,subfamily,15,45
gene=LMAN1|position_bin=301-400,position_bin,12,45
gene=BAX|family=frameshift,family,11,45
gene=BAX|parse_status=partial,parse_status,11,45
gene=ATP1A1|position_bin=1-100,position_bin,10,45
gene=AHNAK|aa_transition=A>T,aa_transition,7,45
gene=PRDM2|family=frameshift,family,7,45
gene=PRDM2|parse_status=partial,parse_status,7,45
gene=CPEB2|family=substitution:no_change,family,6,45
gene=CPEB2|subfamily=no_change,subfamily,6,45
gene=CAMKK2|family=frameshift,family,3,45
gene=CAMKK2|parse_status=partial,parse_status,3,45
gene=CAMKK2|frameshift_grammar=ref_position_alt,frameshift_grammar,0,45
gene=CAMKK2|subfamily=ref_position_alt,subfamily,0,45
gene=CD209|aa_transition=Q>L,aa_transition,0,45
gene=MAGEE1|aa_transition=A>P,aa_transition,0,45
gene=PDS5B|frameshift_grammar=ref_position_alt,frameshift_grammar,0,45
gene=PDS5B|subfamily=ref_position_alt,subfamily,0,45
gene=ACLY|family=substitution:missense,family,44,40
gene=ACLY|subfamily=missense,subfamily,44,40
gene=AOX1|family=substitution:no_change,family,44,13
gene=AOX1|subfamily=no_change,subfamily,44,13
gene=ATF6|family=substitution:missense,family,44,33
gene=ATF6|subfamily=missense,subfamily,44,33
gene=AXIN1|family=substitution:missense,family,44,32
gene=AXIN1|subfamily=missense,subfamily,44,32
gene=BRCA2|family=substitution:no_change,family,44,31
gene=BRCA2|subfamily=no_change,subfamily,44,31
gene=F11|family=substitution:missense,family,44,23
gene=F11|subfamily=missense,subfamily,44,23
gene=HSP90AB1|family=substitution:missense,family,44,34
gene=HSP90AB1|subfamily=missense,subfamily,44,34
gene=HSPA4L|family=substitution:missense,family,44,31
gene=HSPA4L|subfamily=missense,subfamily,44,31
gene=IDH2|position_bin=101-200,position_bin,44,21
gene=IFT88|family=substitution:missense,family,44,36
gene=IFT88|subfamily=missense,subfamily,44,36
gene=IL1RL2|family=substitution:missense,family,44,34
gene=IL1RL2|subfamily=missense,subfamily,44,34
gene=ITGA6|family=substitution:missense,family,44,41
gene=ITGA6|subfamily=missense,subfamily,44,41
gene=ITGAM|family=substitution:no_change,family,44,18
gene=ITGAM|subfamily=no_change,subfamily,44,18
gene=ITSN1|family=substitution:no_change,family,44,31
gene=ITSN1|subfamily=no_change,subfamily,44,31
gene=JUP|family=substitution:missense,family,44,38
gene=JUP|subfamily=missense,subfamily,44,38
gene=KIF11|family=substitution:missense,family,44,28
gene=KIF11|subfamily=missense,subfamily,44,28
gene=KIF3B|family=substitution:missense,family,44,27
gene=KIF3B|subfamily=missense,subfamily,44,27
gene=KIFAP3|family=substitution:missense,family,44,25
gene=KIFAP3|subfamily=missense,subfamily,44,25
gene=KLHL24|family=substitution:missense,family,44,28
gene=KLHL24|subfamily=missense,subfamily,44,28
gene=KRT5|family=substitution:missense,family,44,43
gene=KRT5|subfamily=missense,subfamily,44,43
gene=LHX9|family=substitution:missense,family,44,21
gene=LHX9|subfamily=missense,subfamily,44,21
gene=LRRC15|family=substitution:missense,family,44,31
gene=LRRC15|subfamily=missense,subfamily,44,31
gene=LTBP2|family=substitution:no_change,family,44,44
gene=LTBP2|subfamily=no_change,subfamily,44,44
gene=LYN|family=substitution:missense,family,44,20
gene=LYN|subfamily=missense,subfamily,44,20
gene=MET|family=substitution:no_change,family,44,27
gene=MET|subfamily=no_change,subfamily,44,27
gene=MTHFR|family=substitution:missense,family,44,31
gene=MTHFR|subfamily=missense,subfamily,44,31
gene=MYH2|aa_transition=E>K,aa_transition,44,15
gene=NCOA3|family=substitution:no_change,family,44,21
gene=NCOA3|subfamily=no_change,subfamily,44,21
gene=NOP14|family=substitution:missense,family,44,35
gene=NOP14|subfamily=missense,subfamily,44,35
gene=NPHP1|family=substitution:missense,family,44,25
gene=NPHP1|subfamily=missense,subfamily,44,25
gene=NRP2|family=substitution:no_change,family,44,27
gene=NRP2|subfamily=no_change,subfamily,44,27
gene=PDE4B|family=substitution:missense,family,44,39
gene=PDE4B|subfamily=missense,subfamily,44,39
gene=PIKFYVE|family=substitution:no_change,family,44,21
gene=PIKFYVE|subfamily=no_change,subfamily,44,21
gene=PRKCB|family=substitution:no_change,family,44,32
gene=PRKCB|subfamily=no_change,subfamily,44,32
gene=PRKCG|family=substitution:no_change,family,44,34
gene=PRKCG|subfamily=no_change,subfamily,44,34
gene=RABGAP1|family=substitution:missense,family,44,36
gene=RABGAP1|subfamily=missense,subfamily,44,36
gene=RPS6KA5|family=substitution:missense,family,44,24
gene=RPS6KA5|subfamily=missense,subfamily,44,24
gene=RXRG|family=substitution:missense,family,44,28
gene=RXRG|subfamily=missense,subfamily,44,28
gene=SAMD9|family=substitution:no_change,family,44,26
gene=SAMD9|subfamily=no_change,subfamily,44,26
gene=SDCCAG8|family=substitution:missense,family,44,26
gene=SDCCAG8|subfamily=missense,subfamily,44,26
gene=SERPINB2|family=substitution:missense,family,44,23
gene=SERPINB2|subfamily=missense,subfamily,44,23
gene=SLC38A1|family=substitution:missense,family,44,28
gene=SLC38A1|subfamily=missense,subfamily,44,28
gene=SLC4A4|family=substitution:no_change,family,44,21
gene=SLC4A4|subfamily=no_change,subfamily,44,21
gene=SLC5A5|family=substitution:missense,family,44,25
gene=SLC5A5|subfamily=missense,subfamily,44,25
gene=SLC6A14|family=substitution:missense,family,44,19
gene=SLC6A14|subfamily=missense,subfamily,44,19
gene=SPTBN2|family=substitution:no_change,family,44,41
gene=SPTBN2|subfamily=no_change,subfamily,44,41
gene=TFAP2B|family=substitution:missense,family,44,40
gene=TFAP2B|subfamily=missense,subfamily,44,40
gene=TGFBI|family=substitution:missense,family,44,28
gene=TGFBI|subfamily=missense,subfamily,44,28
gene=THEG|family=substitution:missense,family,44,39
gene=THEG|subfamily=missense,subfamily,44,39
gene=TRIM28|family=substitution:missense,family,44,41
gene=TRIM28|subfamily=missense,subfamily,44,41
gene=TRIM29|family=substitution:missense,family,44,27
gene=TRIM29|subfamily=missense,subfamily,44,27
gene=TYRO3|family=substitution:missense,family,44,36
gene=TYRO3|subfamily=missense,subfamily,44,36
gene=WIPF1|family=substitution:missense,family,44,35
gene=WIPF1|subfamily=missense,subfamily,44,35
gene=ZNF292|family=substitution:no_change,family,44,21
gene=ZNF292|subfamily=no_change,subfamily,44,21
gene=HSD17B4|family=substitution:missense,family,43,44
gene=HSD17B4|subfamily=missense,subfamily,43,44
gene=MSH5|family=substitution:missense,family,43,44
gene=MSH5|subfamily=missense,subfamily,43,44
gene=BMP6|family=substitution:missense,family,41,44
gene=BMP6|subfamily=missense,subfamily,41,44
gene=ERN1|family=substitution:missense,family,41,44
gene=ERN1|subfamily=missense,subfamily,41,44
gene=ABCG2|family=substitution:missense,family,37,44
gene=ABCG2|subfamily=missense,subfamily,37,44
gene=ACTN1|family=substitution:missense,family,37,44
gene=ACTN1|subfamily=missense,subfamily,37,44
gene=HDAC5|family=substitution:missense,family,36,44
gene=HDAC5|subfamily=missense,subfamily,36,44
gene=TMCC2|family=substitution:missense,family,36,44
gene=TMCC2|subfamily=missense,subfamily,36,44
gene=IL16|family=substitution:no_change,family,32,44
gene=IL16|subfamily=no_change,subfamily,32,44
gene=PER1|subfamily=no_change,subfamily,31,44
gene=PER1|family=substitution:no_change,family,30,44
gene=RANBP9|family=substitution:missense,family,28,44
gene=RANBP9|subfamily=missense,subfamily,28,44
gene=HRC|position_bin=201-300,position_bin,26,44
gene=SOX3|family=substitution:missense,family,25,44
gene=SOX3|subfamily=missense,subfamily,25,44
gene=CEL|family=substitution:no_change,family,22,44
gene=CEL|subfamily=no_change,subfamily,22,44
gene=MAGEE1|position_bin=301-400,position_bin,22,44
gene=IRS2|family=substitution:no_change,family,16,44
gene=IRS2|subfamily=no_change,subfamily,16,44
gene=SORBS2|position_bin=601-700,position_bin,15,44
gene=RXRA|family=substitution:no_change,family,12,44
gene=RXRA|subfamily=no_change,subfamily,12,44
gene=PALLD|position_bin=101-200,position_bin,8,44
gene=FGF2|position_bin=1-100,position_bin,7,44
gene=TUBGCP6|position_bin=1001-1100,position_bin,7,44
gene=NLGN2|aa_transition=F>V,aa_transition,1,44
gene=APC|frameshift_first_new_aa=N,frameshift_first_new_aa,0,44
gene=MFHAS1|aa_transition=E>A,aa_transition,0,44
gene=MUC1|aa_transition=N>T,aa_transition,0,44
gene=PABPC1|aa_transition=V>L,aa_transition,0,44
gene=RXRA|aa_transition=Q>P,aa_transition,0,44
gene=ANPEP|family=substitution:no_change,family,43,22
gene=ANPEP|subfamily=no_change,subfamily,43,22
gene=AP1G1|family=substitution:missense,family,43,35
gene=AP1G1|subfamily=missense,subfamily,43,35
gene=APLNR|family=substitution:missense,family,43,29
gene=APLNR|subfamily=missense,subfamily,43,29
gene=ARHGAP10|family=substitution:missense,family,43,31
gene=ARHGAP10|subfamily=missense,subfamily,43,31
gene=ATP6V0A1|family=substitution:missense,family,43,32
gene=ATP6V0A1|subfamily=missense,subfamily,43,32
gene=AVPR1A|family=substitution:missense,family,43,26
gene=AVPR1A|subfamily=missense,subfamily,43,26
gene=CNOT4|family=substitution:missense,family,43,23
gene=CNOT4|subfamily=missense,subfamily,43,23
gene=COPB2|family=substitution:missense,family,43,24
gene=COPB2|subfamily=missense,subfamily,43,24
gene=CYFIP2|family=substitution:no_change,family,43,29
gene=CYFIP2|subfamily=no_change,subfamily,43,29
gene=CYP46A1|family=substitution:missense,family,43,22
gene=CYP46A1|subfamily=missense,subfamily,43,22
gene=DLGAP5|family=substitution:missense,family,43,38
gene=DLGAP5|subfamily=missense,subfamily,43,38
gene=EEF2|family=substitution:missense,family,43,40
gene=EEF2|subfamily=missense,subfamily,43,40
gene=ESYT1|family=substitution:missense,family,43,37
gene=ESYT1|subfamily=missense,subfamily,43,37
gene=GATA3|position_bin=401-500,position_bin,43,13
gene=GRB7|family=substitution:missense,family,43,27
gene=GRB7|subfamily=missense,subfamily,43,27
gene=GRID2|family=substitution:no_change,family,43,23
gene=GRID2|subfamily=no_change,subfamily,43,23
gene=IKZF1|family=substitution:no_change,family,43,38
gene=IKZF1|subfamily=no_change,subfamily,43,38
gene=IKZF2|family=substitution:missense,family,43,27
gene=IKZF2|subfamily=missense,subfamily,43,27
gene=ITGA9|family=substitution:missense,family,43,32
gene=ITGA9|subfamily=missense,subfamily,43,32
gene=LAS1L|family=substitution:missense,family,43,26
gene=LAS1L|subfamily=missense,subfamily,43,26
gene=LCP1|family=substitution:missense,family,43,23
gene=LCP1|subfamily=missense,subfamily,43,23
gene=LIMA1|family=substitution:missense,family,43,25
gene=LIMA1|subfamily=missense,subfamily,43,25
gene=LPAR1|family=substitution:missense,family,43,20
gene=LPAR1|subfamily=missense,subfamily,43,20
gene=MOV10|family=substitution:missense,family,43,26
gene=MOV10|subfamily=missense,subfamily,43,26
gene=MPHOSPH10|family=substitution:missense,family,43,37
gene=MPHOSPH10|subfamily=missense,subfamily,43,37
gene=MTIF2|family=substitution:missense,family,43,28
gene=MTIF2|subfamily=missense,subfamily,43,28
gene=MYH1|aa_transition=E>K,aa_transition,43,7
gene=MYH4|aa_transition=E>K,aa_transition,43,5
gene=PCOLCE2|family=substitution:missense,family,43,27
gene=PCOLCE2|subfamily=missense,subfamily,43,27
gene=PGK2|family=substitution:no_change,family,43,10
gene=PGK2|subfamily=no_change,subfamily,43,10
gene=POLQ|family=substitution:no_change,family,43,21
gene=POLQ|subfamily=no_change,subfamily,43,21
gene=PRDM2|family=substitution:no_change,family,43,36
gene=PRDM2|subfamily=no_change,subfamily,43,36
gene=PTGS2|family=substitution:missense,family,43,28
gene=PTGS2|subfamily=missense,subfamily,43,28
gene=RAD21|family=substitution:missense,family,43,27
gene=RAD21|subfamily=missense,subfamily,43,27
gene=RASA2|family=substitution:missense,family,43,31
gene=RASA2|subfamily=missense,subfamily,43,31
gene=RHOA|family=substitution:missense,family,43,14
gene=RHOA|subfamily=missense,subfamily,43,14
gene=RPS6KA3|family=substitution:missense,family,43,19
gene=RPS6KA3|subfamily=missense,subfamily,43,19
gene=SLC27A5|family=substitution:missense,family,43,33
gene=SLC27A5|subfamily=missense,subfamily,43,33
gene=SOCS5|family=substitution:missense,family,43,16
gene=SOCS5|subfamily=missense,subfamily,43,16
gene=STAU1|family=substitution:missense,family,43,22
gene=STAU1|subfamily=missense,subfamily,43,22
gene=STEAP4|family=substitution:missense,family,43,23
gene=STEAP4|subfamily=missense,subfamily,43,23
gene=THBS3|family=substitution:missense,family,43,26
gene=THBS3|subfamily=missense,subfamily,43,26
gene=ZC3H14|family=substitution:missense,family,43,32
gene=ZC3H14|subfamily=missense,subfamily,43,32
gene=ZNF365|family=substitution:missense,family,43,32
gene=ZNF365|subfamily=missense,subfamily,43,32
gene=KCNMA1|family=substitution:no_change,family,41,43
gene=KCNMA1|subfamily=no_change,subfamily,41,43
gene=AGRN|family=substitution:no_change,family,35,43
gene=AGRN|subfamily=no_change,subfamily,35,43
gene=AGO2|family=substitution:no_change,family,33,43
gene=AGO2|subfamily=no_change,subfamily,33,43
gene=RRP12|family=substitution:no_change,family,33,43
gene=RRP12|subfamily=no_change,subfamily,33,43
gene=FZD2|family=substitution:missense,family,30,43
gene=FZD2|subfamily=missense,subfamily,30,43
gene=CAMKK2|family=substitution:missense,family,28,43
gene=CAMKK2|subfamily=missense,subfamily,28,43
gene=SOX10|family=substitution:missense,family,28,43
gene=SOX10|subfamily=missense,subfamily,28,43
gene=KIFC3|family=substitution:missense,family,27,43
gene=KIFC3|subfamily=missense,subfamily,27,43
gene=AMFR|family=substitution:missense,family,24,43
gene=AMFR|subfamily=missense,subfamily,24,43
gene=SLC19A1|family=substitution:missense,family,24,43
gene=SLC19A1|subfamily=missense,subfamily,24,43
gene=FTCD|family=substitution:missense,family,22,43
gene=FTCD|subfamily=missense,subfamily,22,43
gene=KMT2D|position_bin=701-800,position_bin,22,43
gene=KMT2D|aa_transition=P>P,aa_transition,21,43
gene=ADRA2C|family=substitution:missense,family,20,43
gene=ADRA2C|subfamily=missense,subfamily,20,43
gene=SYCP1|family=frameshift,family,17,43
gene=SYCP1|parse_status=partial,parse_status,17,43
gene=MAP3K11|family=substitution:no_change,family,15,43
gene=MAP3K11|subfamily=no_change,subfamily,15,43
gene=FETUB|position_bin=101-200,position_bin,14,43
gene=PGR|position_bin=301-400,position_bin,8,43
gene=CREBBP|position_bin=1801-1900,position_bin,7,43
gene=EFS|position_bin=301-400,position_bin,7,43
gene=KDM4B|position_bin=901-1000,position_bin,7,43
gene=NRXN2|position_bin=401-500,position_bin,6,43
gene=CFH|aa_transition=T>T,aa_transition,4,43
gene=ADGRL2|family=substitution:missense,family,0,43
gene=ADGRL2|subfamily=missense,subfamily,0,43
gene=CRYBG1|family=substitution:missense,family,0,43
gene=CRYBG1|subfamily=missense,subfamily,0,43
gene=KLF2|position_bin=101-200,position_bin,0,43
gene=KNL1|family=substitution:missense,family,0,43
gene=KNL1|subfamily=missense,subfamily,0,43
gene=RAPGEFL1|aa_transition=L>R,aa_transition,0,43
gene=SLC23A2|frameshift_grammar=ref_position_alt,frameshift_grammar,0,43
gene=SLC23A2|subfamily=ref_position_alt,subfamily,0,43
gene=ABCB7|family=substitution:missense,family,42,31
gene=ABCB7|subfamily=missense,subfamily,42,31
gene=ABCC3|family=substitution:no_change,family,42,28
gene=ABCC3|subfamily=no_change,subfamily,42,28
gene=ACKR1|family=substitution:missense,family,42,33
gene=ACKR1|subfamily=missense,subfamily,42,33
gene=ACSM3|family=substitution:missense,family,42,22
gene=ACSM3|subfamily=missense,subfamily,42,22
gene=ACVR2A|family=substitution:missense,family,42,14
gene=ACVR2A|subfamily=missense,subfamily,42,14
gene=ALDH1A2|family=substitution:missense,family,42,37
gene=ALDH1A2|subfamily=missense,subfamily,42,37
gene=AP4B1|family=substitution:missense,family,42,34
gene=AP4B1|subfamily=missense,subfamily,42,34
gene=BCAR1|family=substitution:missense,family,42,34
gene=BCAR1|subfamily=missense,subfamily,42,34
gene=CAP2|family=substitution:missense,family,42,25
gene=CAP2|subfamily=missense,subfamily,42,25
gene=CHST2|family=substitution:missense,family,42,40
gene=CHST2|subfamily=missense,subfamily,42,40
gene=DPYSL3|family=substitution:missense,family,42,40
gene=DPYSL3|subfamily=missense,subfamily,42,40
gene=GAB2|family=substitution:missense,family,42,24
gene=GAB2|subfamily=missense,subfamily,42,24
gene=GC|family=substitution:missense,family,42,40
gene=GC|subfamily=missense,subfamily,42,40
gene=HAS2|family=substitution:missense,family,42,31
gene=HAS2|subfamily=missense,subfamily,42,31
gene=HIRA|family=substitution:missense,family,42,37
gene=HIRA|subfamily=missense,subfamily,42,37
gene=IKBKB|family=substitution:missense,family,42,34
gene=IKBKB|subfamily=missense,subfamily,42,34
gene=ITIH4|family=substitution:missense,family,42,32
gene=ITIH4|subfamily=missense,subfamily,42,32
gene=ITPR2|family=substitution:no_change,family,42,38
gene=ITPR2|subfamily=no_change,subfamily,42,38
gene=KIF2C|family=substitution:missense,family,42,29
gene=KIF2C|subfamily=missense,subfamily,42,29
gene=MCM2|family=substitution:missense,family,42,35
gene=MCM2|subfamily=missense,subfamily,42,35
gene=MCM6|family=substitution:missense,family,42,24
gene=MCM6|subfamily=missense,subfamily,42,24
gene=MYB|family=substitution:missense,family,42,27
gene=MYB|subfamily=missense,subfamily,42,27
gene=MYF6|family=substitution:missense,family,42,24
gene=MYF6|subfamily=missense,subfamily,42,24
gene=MYH10|family=substitution:no_change,family,42,25
gene=MYH10|subfamily=no_change,subfamily,42,25
gene=MYOF|family=substitution:no_change,family,42,18
gene=MYOF|subfamily=no_change,subfamily,42,18
gene=NCSTN|family=substitution:missense,family,42,31
gene=NCSTN|subfamily=missense,subfamily,42,31
gene=NDUFS1|family=substitution:missense,family,42,22
gene=NDUFS1|subfamily=missense,subfamily,42,22
gene=NR3C1|family=substitution:missense,family,42,25
gene=NR3C1|subfamily=missense,subfamily,42,25
gene=NXF1|family=substitution:missense,family,42,28
gene=NXF1|subfamily=missense,subfamily,42,28
gene=OAS1|family=substitution:missense,family,42,25
gene=OAS1|subfamily=missense,subfamily,42,25
gene=OGDH|family=substitution:no_change,family,42,21
gene=OGDH|subfamily=no_change,subfamily,42,21
gene=PKD2|family=substitution:missense,family,42,38
gene=PKD2|subfamily=missense,subfamily,42,38
gene=PYGL|family=substitution:missense,family,42,34
gene=PYGL|subfamily=missense,subfamily,42,34
gene=RYR1|aa_transition=E>K,aa_transition,42,7
gene=SLC6A12|family=substitution:missense,family,42,30
gene=SLC6A12|subfamily=missense,subfamily,42,30
gene=SPOCK1|family=substitution:missense,family,42,33
gene=SPOCK1|subfamily=missense,subfamily,42,33
gene=STS|family=substitution:missense,family,42,30
gene=STS|subfamily=missense,subfamily,42,30
gene=THBS1|family=substitution:no_change,family,42,18
gene=THBS1|subfamily=no_change,subfamily,42,18
gene=TNFRSF8|family=substitution:missense,family,42,38
gene=TNFRSF8|subfamily=missense,subfamily,42,38
gene=TP53|aa_transition=C>Y,aa_transition,42,32
gene=TP53|aa_transition=R>L,aa_transition,42,8
gene=TPX2|family=substitution:missense,family,42,32
gene=TPX2|subfamily=missense,subfamily,42,32
gene=TROAP|family=substitution:missense,family,42,33
gene=TROAP|subfamily=missense,subfamily,42,33
gene=TYK2|family=substitution:no_change,family,42,27
gene=TYK2|subfamily=no_change,subfamily,42,27
gene=UBA7|family=substitution:missense,family,42,26
gene=UBA7|subfamily=missense,subfamily,42,26
gene=WFS1|family=substitution:missense,family,42,39
gene=WFS1|subfamily=missense,subfamily,42,39
gene=ZBP1|family=substitution:missense,family,42,19
gene=ZBP1|subfamily=missense,subfamily,42,19
gene=ITGBL1|family=substitution:missense,family,41,42
gene=ITGBL1|subfamily=missense,subfamily,41,42
gene=INCENP|family=substitution:missense,family,40,42
gene=INCENP|subfamily=missense,subfamily,40,42
gene=IL17RA|family=substitution:missense,family,39,42
gene=IL17RA|subfamily=missense,subfamily,39,42
gene=SCARF1|family=substitution:missense,family,39,42
gene=SCARF1|subfamily=missense,subfamily,39,42
gene=FPR1|family=substitution:missense,family,38,42
gene=FPR1|subfamily=missense,subfamily,38,42
gene=PAX6|family=substitution:missense,family,36,42
gene=PAX6|subfamily=missense,subfamily,36,42
gene=COMP|family=substitution:missense,family,35,42
gene=COMP|subfamily=missense,subfamily,35,42
gene=MARK2|family=substitution:missense,family,34,42
gene=MARK2|subfamily=missense,subfamily,34,42
gene=WDR90|family=substitution:no_change,family,33,42
gene=WDR90|subfamily=no_change,subfamily,33,42
gene=RPTOR|family=substitution:no_change,family,32,42
gene=RPTOR|subfamily=no_change,subfamily,32,42
gene=TLE1|family=substitution:missense,family,32,42
gene=TLE1|subfamily=missense,subfamily,32,42
gene=WNK4|family=substitution:no_change,family,28,42
gene=WNK4|subfamily=no_change,subfamily,28,42
gene=XYLT2|position_bin=501-600,position_bin,28,42
gene=POR|family=substitution:missense,family,24,42
gene=POR|subfamily=missense,subfamily,24,42
gene=YBX2|family=substitution:missense,family,23,42
gene=YBX2|subfamily=missense,subfamily,23,42
gene=PRKDC|family=frameshift,family,22,42
gene=PRKDC|parse_status=partial,parse_status,22,42
gene=PABPC1|family=substitution:no_change,family,17,42
gene=PABPC1|subfamily=no_change,subfamily,17,42
gene=PCSK4|family=substitution:missense,family,17,42
gene=PCSK4|subfamily=missense,subfamily,17,42
gene=MLH1|position_bin=201-300,position_bin,15,42
gene=AHNAK|position_bin=2701-2800,position_bin,10,42
gene=SMTN|position_bin=601-700,position_bin,10,42
gene=RPL14|position_bin=101-200,position_bin,8,42
gene=CBLB|position_bin=101-200,position_bin,7,42
gene=USH1C|position_bin=501-600,position_bin,7,42
gene=HLA-A|position_bin=301-400,position_bin,5,42
gene=ADGRE1|family=substitution:missense,family,0,42
gene=ADGRE1|subfamily=missense,subfamily,0,42
gene=MARCHF6|family=substitution:missense,family,0,42
gene=MARCHF6|subfamily=missense,subfamily,0,42
gene=PRDM2|frameshift_grammar=ref_position_alt,frameshift_grammar,0,42
gene=PRDM2|subfamily=ref_position_alt,subfamily,0,42
gene=PRKN|family=substitution:missense,family,0,42
gene=PRKN|subfamily=missense,subfamily,0,42
gene=ACE|family=substitution:no_change,family,41,30
gene=ACE|subfamily=no_change,subfamily,41,30
gene=AKAP12|family=substitution:no_change,family,41,34
gene=AKAP12|subfamily=no_change,subfamily,41,34
gene=APBB1|family=substitution:missense,family,41,39
gene=APBB1|subfamily=missense,subfamily,41,39
gene=ASNS|family=substitution:missense,family,41,26
gene=ASNS|subfamily=missense,subfamily,41,26
gene=BARD1|family=substitution:missense,family,41,35
gene=BARD1|subfamily=missense,subfamily,41,35
gene=BCAR3|family=substitution:missense,family,41,40
gene=BCAR3|subfamily=missense,subfamily,41,40
gene=CAMK1D|family=substitution:missense,family,41,23
gene=CAMK1D|subfamily=missense,subfamily,41,23
gene=CHEK2|position_bin=301-400,position_bin,41,25
gene=COL3A1|family=substitution:no_change,family,41,41
gene=COL3A1|subfamily=no_change,subfamily,41,41
gene=CRMP1|family=substitution:no_change,family,41,41
gene=CRMP1|subfamily=no_change,subfamily,41,41
gene=CYP8B1|family=substitution:missense,family,41,28
gene=CYP8B1|subfamily=missense,subfamily,41,28
gene=DOCK10|family=substitution:no_change,family,41,37
gene=DOCK10|subfamily=no_change,subfamily,41,37
gene=DOCK4|family=substitution:no_change,family,41,25
gene=DOCK4|subfamily=no_change,subfamily,41,25
gene=DRC1|family=substitution:missense,family,41,36
gene=DRC1|subfamily=missense,subfamily,41,36
gene=EGR2|family=substitution:missense,family,41,24
gene=EGR2|subfamily=missense,subfamily,41,24
gene=EHHADH|family=substitution:missense,family,41,38
gene=EHHADH|subfamily=missense,subfamily,41,38
gene=ELF1|family=substitution:missense,family,41,27
gene=ELF1|subfamily=missense,subfamily,41,27
gene=ENPEP|family=substitution:no_change,family,41,21
gene=ENPEP|subfamily=no_change,subfamily,41,21
gene=ERAP2|family=substitution:missense,family,41,29
gene=ERAP2|subfamily=missense,subfamily,41,29
gene=EZH1|family=substitution:missense,family,41,21
gene=EZH1|subfamily=missense,subfamily,41,21
gene=GATA3|position_bin=301-400,position_bin,41,15
gene=GBP6|family=substitution:missense,family,41,33
gene=GBP6|subfamily=missense,subfamily,41,33
gene=GMPS|family=substitution:missense,family,41,32
gene=GMPS|subfamily=missense,subfamily,41,32
gene=HMGCS2|family=substitution:missense,family,41,27
gene=HMGCS2|subfamily=missense,subfamily,41,27
gene=HSD3B1|family=substitution:missense,family,41,21
gene=HSD3B1|subfamily=missense,subfamily,41,21
gene=IRF6|family=substitution:missense,family,41,19
gene=IRF6|subfamily=missense,subfamily,41,19
gene=ITGA7|family=substitution:no_change,family,41,18
gene=ITGA7|subfamily=no_change,subfamily,41,18
gene=KCNK5|family=substitution:missense,family,41,25
gene=KCNK5|subfamily=missense,subfamily,41,25
gene=LLGL1|family=substitution:missense,family,41,25
gene=LLGL1|subfamily=missense,subfamily,41,25
gene=MAPK10|family=substitution:missense,family,41,25
gene=MAPK10|subfamily=missense,subfamily,41,25
gene=MPP2|family=substitution:missense,family,41,41
gene=MPP2|subfamily=missense,subfamily,41,41
gene=PDLIM5|family=substitution:missense,family,41,37
gene=PDLIM5|subfamily=missense,subfamily,41,37
gene=PKP2|family=substitution:no_change,family,41,22
gene=PKP2|subfamily=no_change,subfamily,41,22
gene=PLCL1|family=substitution:no_change,family,41,25
gene=PLCL1|subfamily=no_change,subfamily,41,25
gene=PRF1|family=substitution:missense,family,41,26
gene=PRF1|subfamily=missense,subfamily,41,26
gene=PRKCA|family=substitution:missense,family,41,34
gene=PRKCA|subfamily=missense,subfamily,41,34
gene=PRKCE|family=substitution:missense,family,41,29
gene=PRKCE|subfamily=missense,subfamily,41,29
gene=PSMD1|family=substitution:missense,family,41,23
gene=PSMD1|subfamily=missense,subfamily,41,23
gene=PTPRE|family=substitution:missense,family,41,25
gene=PTPRE|subfamily=missense,subfamily,41,25
gene=RNF19A|family=substitution:missense,family,41,27
gene=RNF19A|subfamily=missense,subfamily,41,27
gene=SAMHD1|family=substitution:missense,family,41,22
gene=SAMHD1|subfamily=missense,subfamily,41,22
gene=TKTL1|family=substitution:missense,family,41,19
gene=TKTL1|subfamily=missense,subfamily,41,19
gene=TOP1|family=substitution:missense,family,41,33
gene=TOP1|subfamily=missense,subfamily,41,33
gene=TP53|frameshift_grammar=ref_alt_before_position,frameshift_grammar,41,7
gene=TP53|subfamily=ref_alt_before_position,subfamily,41,7
gene=UPF3B|family=substitution:missense,family,41,20
gene=UPF3B|subfamily=missense,subfamily,41,20
gene=ZNFX1|family=substitution:no_change,family,41,26
gene=ZNFX1|subfamily=no_change,subfamily,41,26
gene=ZPBP|family=substitution:missense,family,41,33
gene=ZPBP|subfamily=missense,subfamily,41,33
gene=MARK4|family=substitution:missense,family,39,41
gene=MARK4|subfamily=missense,subfamily,39,41
gene=IL27RA|family=substitution:missense,family,38,41
gene=IL27RA|subfamily=missense,subfamily,38,41
gene=CIITA|family=substitution:no_change,family,35,41
gene=CIITA|subfamily=no_change,subfamily,35,41
gene=KCNQ2|family=substitution:no_change,family,35,41
gene=KCNQ2|subfamily=no_change,subfamily,35,41
gene=RAPGEF5|family=substitution:missense,family,35,41
gene=RAPGEF5|subfamily=missense,subfamily,35,41
gene=EIF3B|family=substitution:missense,family,33,41
gene=EIF3B|subfamily=missense,subfamily,33,41
gene=KCNN1|family=substitution:missense,family,32,41
gene=KCNN1|subfamily=missense,subfamily,32,41
gene=PEX6|family=substitution:missense,family,32,41
gene=PEX6|subfamily=missense,subfamily,32,41
gene=TULP2|family=substitution:missense,family,31,41
gene=TULP2|subfamily=missense,subfamily,31,41
gene=GEMIN4|family=substitution:missense,family,30,41
gene=GEMIN4|subfamily=missense,subfamily,30,41
gene=ANKZF1|family=substitution:missense,family,27,41
gene=ANKZF1|subfamily=missense,subfamily,27,41
gene=GRK5|family=substitution:missense,family,27,41
gene=GRK5|subfamily=missense,subfamily,27,41
gene=LHX2|family=substitution:missense,family,23,41
gene=LHX2|subfamily=missense,subfamily,23,41
gene=XYLT2|family=frameshift,family,23,41
gene=XYLT2|parse_status=partial,parse_status,23,41
gene=IKZF1|position_bin=201-300,position_bin,21,41
gene=F5|position_bin=1301-1400,position_bin,19,41
gene=ERBB2|position_bin=801-900,position_bin,16,41
gene=SORBS2|position_bin=501-600,position_bin,16,41
gene=HLA-B|position_bin=101-200,position_bin,15,41
gene=HLA-C|position_bin=1-100,position_bin,14,41
gene=MLH1|position_bin=1-100,position_bin,12,41
gene=SH2B1|family=substitution:no_change,family,12,41
gene=SH2B1|subfamily=no_change,subfamily,12,41
gene=SH2B1|position_bin=101-200,position_bin,11,41
gene=SYNJ2|family=frameshift,family,10,41
gene=SYNJ2|parse_status=partial,parse_status,10,41
gene=TAF1C|position_bin=101-200,position_bin,10,41
gene=ADRA1B|position_bin=301-400,position_bin,9,41
gene=NPHP1|position_bin=501-600,position_bin,9,41
gene=SMC6|position_bin=401-500,position_bin,9,41
gene=TCF7L2|position_bin=101-200,position_bin,9,41
gene=HMMR|position_bin=501-600,position_bin,8,41
gene=SRM|family=substitution:missense,family,7,41
gene=SRM|subfamily=missense,subfamily,7,41
gene=CEBPA|position_bin=201-300,position_bin,6,41
gene=NPHP1|family=frameshift,family,4,41
gene=NPHP1|parse_status=partial,parse_status,4,41
gene=MST1|aa_transition=P>S,aa_transition,0,41
gene=NPHP1|frameshift_grammar=ref_position_alt,frameshift_grammar,0,41
gene=NPHP1|subfamily=ref_position_alt,subfamily,0,41
gene=SIRPA|aa_transition=G>S,aa_transition,0,41
gene=TCF7L2|frameshift_first_new_aa=S,frameshift_first_new_aa,0,41
gene=TOGARAM1|family=substitution:missense,family,0,41
gene=TOGARAM1|subfamily=missense,subfamily,0,41
gene=ADAM15|family=substitution:missense,family,40,33
gene=ADAM15|subfamily=missense,subfamily,40,33
gene=ADAMTS5|family=substitution:no_change,family,40,40
gene=ADAMTS5|subfamily=no_change,subfamily,40,40
gene=AFAP1L2|family=substitution:missense,family,40,24
gene=AFAP1L2|subfamily=missense,subfamily,40,24
gene=AIFM3|family=substitution:missense,family,40,36
gene=AIFM3|subfamily=missense,subfamily,40,36
gene=ALDOB|family=substitution:missense,family,40,19
gene=ALDOB|subfamily=missense,subfamily,40,19
gene=APC|family=substitution:no_change,family,40,16
gene=APC|subfamily=no_change,subfamily,40,16
gene=BUB1B|family=substitution:missense,family,40,36
gene=BUB1B|subfamily=missense,subfamily,40,36
gene=CAPN5|family=substitution:missense,family,40,28
gene=CAPN5|subfamily=missense,subfamily,40,28
gene=CAPN9|family=substitution:missense,family,40,36
gene=CAPN9|subfamily=missense,subfamily,40,36
gene=CDH1|family=frameshift,family,40,15
gene=CDH1|parse_status=partial,parse_status,40,15
gene=CEP72|family=substitution:missense,family,40,27
gene=CEP72|subfamily=missense,subfamily,40,27
gene=CLGN|family=substitution:missense,family,40,30
gene=CLGN|subfamily=missense,subfamily,40,30
gene=DPYSL4|family=substitution:missense,family,40,32
gene=DPYSL4|subfamily=missense,subfamily,40,32
gene=EFEMP2|family=substitution:missense,family,40,21
gene=EFEMP2|subfamily=missense,subfamily,40,21
gene=FBXO34|family=substitution:missense,family,40,33
gene=FBXO34|subfamily=missense,subfamily,40,33
gene=GJA1|family=substitution:missense,family,40,26
gene=GJA1|subfamily=missense,subfamily,40,26
gene=HAO1|family=substitution:missense,family,40,22
gene=HAO1|subfamily=missense,subfamily,40,22
gene=IFI44L|family=substitution:missense,family,40,39
gene=IFI44L|subfamily=missense,subfamily,40,39
gene=IRAK2|family=substitution:missense,family,40,19
gene=IRAK2|subfamily=missense,subfamily,40,19
gene=KCNJ2|family=substitution:missense,family,40,22
gene=KCNJ2|subfamily=missense,subfamily,40,22
gene=KNTC1|family=substitution:no_change,family,40,30
gene=KNTC1|subfamily=no_change,subfamily,40,30
gene=KRT13|family=substitution:missense,family,40,24
gene=KRT13|subfamily=missense,subfamily,40,24
gene=NDST2|family=substitution:missense,family,40,30
gene=NDST2|subfamily=missense,subfamily,40,30
gene=NEUROD1|family=substitution:missense,family,40,22
gene=NEUROD1|subfamily=missense,subfamily,40,22
gene=NR1H4|family=substitution:missense,family,40,29
gene=NR1H4|subfamily=missense,subfamily,40,29
gene=NUP93|family=substitution:missense,family,40,27
gene=NUP93|subfamily=missense,subfamily,40,27
gene=OASL|family=substitution:missense,family,40,18
gene=OASL|subfamily=missense,subfamily,40,18
gene=OPHN1|family=substitution:missense,family,40,33
gene=OPHN1|subfamily=missense,subfamily,40,33
gene=OSMR|family=substitution:no_change,family,40,26
gene=OSMR|subfamily=no_change,subfamily,40,26
gene=PDE6B|family=substitution:no_change,family,40,21
gene=PDE6B|subfamily=no_change,subfamily,40,21
gene=PLXNB1|family=substitution:no_change,family,40,21
gene=PLXNB1|subfamily=no_change,subfamily,40,21
gene=RYR2|aa_transition=L>L,aa_transition,40,15
gene=SCG2|family=substitution:missense,family,40,36
gene=SCG2|subfamily=missense,subfamily,40,36
gene=SLC16A7|family=substitution:missense,family,40,34
gene=SLC16A7|subfamily=missense,subfamily,40,34
gene=SLC6A6|family=substitution:missense,family,40,20
gene=SLC6A6|subfamily=missense,subfamily,40,20
gene=SMAD2|family=substitution:missense,family,40,34
gene=SMAD2|subfamily=missense,subfamily,40,34
gene=SMC6|family=substitution:missense,family,40,37
gene=SMC6|subfamily=missense,subfamily,40,37
gene=SSRP1|family=substitution:missense,family,40,27
gene=SSRP1|subfamily=missense,subfamily,40,27
gene=ST14|family=substitution:missense,family,40,39
gene=ST14|subfamily=missense,subfamily,40,39
gene=SULT1B1|family=substitution:missense,family,40,17
gene=SULT1B1|subfamily=missense,subfamily,40,17
gene=TLK1|family=substitution:missense,family,40,35
gene=TLK1|subfamily=missense,subfamily,40,35
gene=TPH1|family=substitution:missense,family,40,24
gene=TPH1|subfamily=missense,subfamily,40,24
gene=TSC22D1|family=substitution:missense,family,40,35
gene=TSC22D1|subfamily=missense,subfamily,40,35
gene=TSC2|family=substitution:no_change,family,40,32
gene=TSC2|subfamily=no_change,subfamily,40,32
gene=TUBA3C|family=substitution:no_change,family,40,34
gene=TUBA3C|subfamily=no_change,subfamily,40,34
gene=TUBGCP2|family=substitution:missense,family,40,35
gene=TUBGCP2|subfamily=missense,subfamily,40,35
gene=VIM|family=substitution:missense,family,40,25
gene=VIM|subfamily=missense,subfamily,40,25
gene=ZW10|family=substitution:missense,family,40,30
gene=ZW10|subfamily=missense,subfamily,40,30
gene=EGFR|position_bin=801-900,position_bin,38,40
gene=CFB|family=substitution:missense,family,35,40
gene=CFB|subfamily=missense,subfamily,35,40
gene=DLG4|family=substitution:missense,family,34,40
gene=DLG4|subfamily=missense,subfamily,34,40
gene=MAP3K7|family=substitution:missense,family,33,40
gene=MAP3K7|subfamily=missense,subfamily,33,40
gene=GAA|family=substitution:missense,family,31,40
gene=GAA|subfamily=missense,subfamily,31,40
gene=DEF6|family=substitution:missense,family,30,40
gene=DEF6|subfamily=missense,subfamily,30,40
gene=PBX2|family=substitution:missense,family,29,40
gene=PBX2|subfamily=missense,subfamily,29,40
gene=FBXW7|aa_transition=R>C,aa_transition,28,40
gene=ADAM8|family=substitution:missense,family,25,40
gene=ADAM8|subfamily=missense,subfamily,25,40
gene=PIF1|family=substitution:missense,family,24,40
gene=PIF1|subfamily=missense,subfamily,24,40
gene=TCOF1|family=substitution:no_change,family,24,40
gene=TCOF1|subfamily=no_change,subfamily,24,40
gene=D2HGDH|family=substitution:missense,family,21,40
gene=D2HGDH|subfamily=missense,subfamily,21,40
gene=LSP1|family=substitution:missense,family,19,40
gene=LSP1|subfamily=missense,subfamily,19,40
gene=SOX9|position_bin=201-300,position_bin,17,40
gene=COL8A2|position_bin=201-300,position_bin,16,40
gene=DLC1|position_bin=1-100,position_bin,15,40
gene=FBXW7|position_bin=101-200,position_bin,15,40
gene=CYFIP1|position_bin=101-200,position_bin,13,40
gene=FETUB|position_bin=1-100,position_bin,13,40
gene=PAX6|position_bin=1-100,position_bin,13,40
gene=CYFIP1|position_bin=201-300,position_bin,12,40
gene=MAPT|position_bin=201-300,position_bin,12,40
gene=NRXN2|position_bin=1301-1400,position_bin,12,40
gene=PDLIM5|position_bin=101-200,position_bin,11,40
gene=INSM1|family=substitution:missense,family,10,40
gene=INSM1|subfamily=missense,subfamily,10,40
gene=ETV5|position_bin=101-200,position_bin,9,40
gene=LMAN1|family=frameshift,family,4,40
gene=LMAN1|parse_status=partial,parse_status,4,40
gene=SMC6|family=frameshift,family,4,40
gene=SMC6|parse_status=partial,parse_status,4,40
gene=PPP1R2|family=frameshift,family,1,40
gene=PPP1R2|parse_status=partial,parse_status,1,40
gene=ADGRL4|family=substitution:missense,family,0,40
gene=ADGRL4|subfamily=missense,subfamily,0,40
gene=CKAP4|position_bin=1-100,position_bin,0,40
gene=SYCP1|frameshift_grammar=ref_position_alt,frameshift_grammar,0,40
gene=SYCP1|subfamily=ref_position_alt,subfamily,0,40
gene=ABCB4|family=substitution:no_change,family,39,18
gene=ABCB4|subfamily=no_change,subfamily,39,18
gene=ABCB6|family=substitution:missense,family,39,19
gene=ABCB6|subfamily=missense,subfamily,39,19
gene=ACSL5|family=substitution:missense,family,39,24
gene=ACSL5|subfamily=missense,subfamily,39,24
gene=ACTB|family=substitution:missense,family,39,18
gene=ACTB|subfamily=missense,subfamily,39,18
gene=AGGF1|family=substitution:missense,family,39,33
gene=AGGF1|subfamily=missense,subfamily,39,33
gene=ALDH8A1|family=substitution:missense,family,39,31
gene=ALDH8A1|subfamily=missense,subfamily,39,31
gene=APLP2|family=substitution:missense,family,39,35
gene=APLP2|subfamily=missense,subfamily,39,35
gene=ARHGEF9|family=substitution:missense,family,39,27
gene=ARHGEF9|subfamily=missense,subfamily,39,27
gene=AR|family=substitution:no_change,family,39,25
gene=AR|subfamily=no_change,subfamily,39,25
gene=ATP4A|family=substitution:no_change,family,39,32
gene=ATP4A|subfamily=no_change,subfamily,39,32
gene=CASP5|family=substitution:missense,family,39,27
gene=CASP5|subfamily=missense,subfamily,39,27
gene=CDH13|family=substitution:no_change,family,39,35
gene=CDH13|subfamily=no_change,subfamily,39,35
gene=CDKAL1|family=substitution:missense,family,39,32
gene=CDKAL1|subfamily=missense,subfamily,39,32
gene=CHRNA1|family=substitution:missense,family,39,32
gene=CHRNA1|subfamily=missense,subfamily,39,32
gene=COL1A1|family=substitution:no_change,family,39,28
gene=COL1A1|subfamily=no_change,subfamily,39,28
gene=CYFIP1|family=substitution:no_change,family,39,37
gene=CYFIP1|subfamily=no_change,subfamily,39,37
gene=DCAF11|family=substitution:missense,family,39,23
gene=DCAF11|subfamily=missense,subfamily,39,23
gene=DNMT1|family=substitution:no_change,family,39,23
gene=DNMT1|subfamily=no_change,subfamily,39,23
gene=DOCK9|family=substitution:no_change,family,39,29
gene=DOCK9|subfamily=no_change,subfamily,39,29
gene=ECM2|family=substitution:missense,family,39,28
gene=ECM2|subfamily=missense,subfamily,39,28
gene=EFHC1|family=substitution:missense,family,39,30
gene=EFHC1|subfamily=missense,subfamily,39,30
gene=ELN|family=substitution:no_change,family,39,23
gene=ELN|subfamily=no_change,subfamily,39,23
gene=ERCC3|family=substitution:missense,family,39,28
gene=ERCC3|subfamily=missense,subfamily,39,28
gene=EXT2|family=substitution:missense,family,39,28
gene=EXT2|subfamily=missense,subfamily,39,28
gene=F10|family=substitution:missense,family,39,33
gene=F10|subfamily=missense,subfamily,39,33
gene=FGG|family=substitution:missense,family,39,16
gene=FGG|subfamily=missense,subfamily,39,16
gene=FGR|family=substitution:missense,family,39,17
gene=FGR|subfamily=missense,subfamily,39,17
gene=GJA5|family=substitution:missense,family,39,15
gene=GJA5|subfamily=missense,subfamily,39,15
gene=HRH1|family=substitution:missense,family,39,22
gene=HRH1|subfamily=missense,subfamily,39,22
gene=IL1R1|family=substitution:missense,family,39,22
gene=IL1R1|subfamily=missense,subfamily,39,22
gene=IMMT|family=substitution:missense,family,39,33
gene=IMMT|subfamily=missense,subfamily,39,33
gene=KEL|family=substitution:no_change,family,39,17
gene=KEL|subfamily=no_change,subfamily,39,17
gene=KRT8|family=substitution:missense,family,39,22
gene=KRT8|subfamily=missense,subfamily,39,22
gene=LAMA4|family=substitution:no_change,family,39,37
gene=LAMA4|subfamily=no_change,subfamily,39,37
gene=MCCC1|family=substitution:missense,family,39,29
gene=MCCC1|subfamily=missense,subfamily,39,29
gene=MPO|family=substitution:no_change,family,39,15
gene=MPO|subfamily=no_change,subfamily,39,15
gene=MX1|family=substitution:missense,family,39,23
gene=MX1|subfamily=missense,subfamily,39,23
gene=MX2|family=substitution:missense,family,39,24
gene=MX2|subfamily=missense,subfamily,39,24
gene=NCOA6|aa_transition=Q>Q,aa_transition,39,17
gene=PHTF2|family=substitution:missense,family,39,27
gene=PHTF2|subfamily=missense,subfamily,39,27
gene=PIK3CA|position_bin=401-500,position_bin,39,18
gene=PLAT|family=substitution:missense,family,39,26
gene=PLAT|subfamily=missense,subfamily,39,26
gene=QSOX1|family=substitution:missense,family,39,27
gene=QSOX1|subfamily=missense,subfamily,39,27
gene=RHOA|position_bin=1-100,position_bin,39,13
gene=RYR2|position_bin=4101-4200,position_bin,39,13
gene=SERPING1|family=substitution:missense,family,39,30
gene=SERPING1|subfamily=missense,subfamily,39,30
gene=SPARCL1|family=substitution:missense,family,39,36
gene=SPARCL1|subfamily=missense,subfamily,39,36
gene=SPTA1|position_bin=901-1000,position_bin,39,5
gene=STXBP1|family=substitution:missense,family,39,33
gene=STXBP1|subfamily=missense,subfamily,39,33
gene=THBS2|position_bin=1-100,position_bin,39,21
gene=TNPO2|family=substitution:missense,family,39,27
gene=TNPO2|subfamily=missense,subfamily,39,27
gene=TRAK2|family=substitution:missense,family,39,36
gene=TRAK2|subfamily=missense,subfamily,39,36
gene=TRIM10|family=substitution:missense,family,39,26
gene=TRIM10|subfamily=missense,subfamily,39,26
gene=VNN1|family=substitution:missense,family,39,28
gene=VNN1|subfamily=missense,subfamily,39,28
gene=CCSER2|family=substitution:missense,family,37,39
gene=CCSER2|subfamily=missense,subfamily,37,39
gene=MYO9B|family=substitution:no_change,family,36,39
gene=MYO9B|subfamily=no_change,subfamily,36,39
gene=NOP2|family=substitution:missense,family,36,39
gene=NOP2|subfamily=missense,subfamily,36,39
gene=RBM14|family=substitution:missense,family,34,39
gene=RBM14|subfamily=missense,subfamily,34,39
gene=TACC3|family=substitution:missense,family,34,39
gene=TACC3|subfamily=missense,subfamily,34,39
gene=EXOSC10|family=substitution:missense,family,32,39
gene=EXOSC10|subfamily=missense,subfamily,32,39
gene=MEFV|position_bin=101-200,position_bin,31,39
gene=COG2|family=substitution:missense,family,27,39
gene=COG2|subfamily=missense,subfamily,27,39
gene=FZD8|family=substitution:missense,family,27,39
gene=FZD8|subfamily=missense,subfamily,27,39
gene=DTX2|family=substitution:missense,family,25,39
gene=DTX2|subfamily=missense,subfamily,25,39
gene=HLA-DRB1|position_bin=1-100,position_bin,21,39
gene=APC|position_bin=401-500,position_bin,20,39
gene=KIF3B|family=substitution:no_change,family,19,39
gene=KIF3B|subfamily=no_change,subfamily,19,39
gene=SBNO2|family=substitution:no_change,family,19,39
gene=SBNO2|subfamily=no_change,subfamily,19,39
gene=TAF1C|position_bin=1-100,position_bin,12,39
gene=IL16|position_bin=401-500,position_bin,9,39
gene=OGFR|aa_transition=P>P,aa_transition,9,39
gene=SLC3A2|position_bin=301-400,position_bin,9,39
gene=TPSAB1|family=substitution:no_change,family,9,39
gene=TPSAB1|subfamily=no_change,subfamily,9,39
gene=ADRA2C|family=substitution:no_change,family,7,39
gene=ADRA2C|subfamily=no_change,subfamily,7,39
gene=LSP1|position_bin=201-300,position_bin,6,39
gene=TRIP10|position_bin=301-400,position_bin,4,39
gene=GSPT1|position_bin=1-100,position_bin,3,39
gene=RAD9A|position_bin=201-300,position_bin,3,39
gene=CNOT2|position_bin=501-600,position_bin,1,39
gene=BAX|frameshift_grammar=ref_position_alt,frameshift_grammar,0,39
gene=BAX|subfamily=ref_position_alt,subfamily,0,39
gene=CNOT2|parse_status=unresolved,parse_status,0,39
gene=DENND2B|position_bin=101-200,position_bin,0,39
gene=ELP1|family=substitution:missense,family,0,39
gene=ELP1|subfamily=missense,subfamily,0,39
gene=PPP1R2|frameshift_grammar=ref_position_alt,frameshift_grammar,0,39
gene=PPP1R2|subfamily=ref_position_alt,subfamily,0,39
gene=SMC6|frameshift_grammar=ref_position_alt,frameshift_grammar,0,39
gene=SMC6|subfamily=ref_position_alt,subfamily,0,39
gene=TCHH|aa_transition=D>E,aa_transition,0,39
gene=ABAT|family=substitution:missense,family,38,25
gene=ABAT|subfamily=missense,subfamily,38,25
gene=ABL1|family=substitution:no_change,family,38,26
gene=ABL1|subfamily=no_change,subfamily,38,26
gene=ADAM10|family=substitution:missense,family,38,28
gene=ADAM10|subfamily=missense,subfamily,38,28
gene=AKAP4|family=substitution:no_change,family,38,15
gene=AKAP4|subfamily=no_change,subfamily,38,15
gene=ALDH1L1|family=substitution:no_change,family,38,20
gene=ALDH1L1|subfamily=no_change,subfamily,38,20
gene=ARHGEF11|family=substitution:no_change,family,38,25
gene=ARHGEF11|subfamily=no_change,subfamily,38,25
gene=CCNF|family=substitution:missense,family,38,34
gene=CCNF|subfamily=missense,subfamily,38,34
gene=CD86|family=substitution:missense,family,38,34
gene=CD86|subfamily=missense,subfamily,38,34
gene=CDC5L|family=substitution:missense,family,38,31
gene=CDC5L|subfamily=missense,subfamily,38,31
gene=CFI|family=substitution:missense,family,38,33
gene=CFI|subfamily=missense,subfamily,38,33
gene=CHST4|family=substitution:missense,family,38,25
gene=CHST4|subfamily=missense,subfamily,38,25
gene=CHST6|family=substitution:missense,family,38,30
gene=CHST6|subfamily=missense,subfamily,38,30
gene=CPE|family=substitution:missense,family,38,34
gene=CPE|subfamily=missense,subfamily,38,34
gene=CPQ|family=substitution:missense,family,38,28
gene=CPQ|subfamily=missense,subfamily,38,28
gene=DDX60|family=substitution:no_change,family,38,20
gene=DDX60|subfamily=no_change,subfamily,38,20
gene=DYRK3|family=substitution:missense,family,38,29
gene=DYRK3|subfamily=missense,subfamily,38,29
gene=EIF4A2|family=substitution:missense,family,38,27
gene=EIF4A2|subfamily=missense,subfamily,38,27
gene=EIF4G2|family=substitution:missense,family,38,25
gene=EIF4G2|subfamily=missense,subfamily,38,25
gene=ESR2|family=substitution:missense,family,38,36
gene=ESR2|subfamily=missense,subfamily,38,36
gene=EWSR1|family=substitution:missense,family,38,29
gene=EWSR1|subfamily=missense,subfamily,38,29
gene=FCN1|family=substitution:missense,family,38,29
gene=FCN1|subfamily=missense,subfamily,38,29
gene=FMOD|family=substitution:missense,family,38,22
gene=FMOD|subfamily=missense,subfamily,38,22
gene=GAD2|family=substitution:no_change,family,38,16
gene=GAD2|subfamily=no_change,subfamily,38,16
gene=GART|family=substitution:missense,family,38,29
gene=GART|subfamily=missense,subfamily,38,29
gene=GGA2|family=substitution:missense,family,38,24
gene=GGA2|subfamily=missense,subfamily,38,24
gene=GPC3|family=substitution:missense,family,38,31
gene=GPC3|subfamily=missense,subfamily,38,31
gene=GPRC5B|family=substitution:missense,family,38,33
gene=GPRC5B|subfamily=missense,subfamily,38,33
gene=GRM8|position_bin=601-700,position_bin,38,19
gene=IQGAP2|family=substitution:no_change,family,38,16
gene=IQGAP2|subfamily=no_change,subfamily,38,16
gene=ITGAL|family=substitution:no_change,family,38,21
gene=ITGAL|subfamily=no_change,subfamily,38,21
gene=ITGB5|family=substitution:missense,family,38,33
gene=ITGB5|subfamily=missense,subfamily,38,33
gene=KIF18B|family=substitution:missense,family,38,28
gene=KIF18B|subfamily=missense,subfamily,38,28
gene=LPL|family=substitution:missense,family,38,28
gene=LPL|subfamily=missense,subfamily,38,28
gene=LRIG1|family=substitution:no_change,family,38,25
gene=LRIG1|subfamily=no_change,subfamily,38,25
gene=MASP2|family=substitution:missense,family,38,27
gene=MASP2|subfamily=missense,subfamily,38,27
gene=MCM7|family=substitution:missense,family,38,36
gene=MCM7|subfamily=missense,subfamily,38,36
gene=MEIS2|family=substitution:missense,family,38,26
gene=MEIS2|subfamily=missense,subfamily,38,26
gene=NCAM1|family=substitution:no_change,family,38,34
gene=NCAM1|subfamily=no_change,subfamily,38,34
gene=NFASC|family=substitution:no_change,family,38,37
gene=NFASC|subfamily=no_change,subfamily,38,37
gene=NFKB1|family=substitution:missense,family,38,26
gene=NFKB1|subfamily=missense,subfamily,38,26
gene=PDE4DIP|position_bin=1-100,position_bin,38,9
gene=PLOD3|family=substitution:missense,family,38,36
gene=PLOD3|subfamily=missense,subfamily,38,36
gene=PPP2R5B|family=substitution:missense,family,38,37
gene=PPP2R5B|subfamily=missense,subfamily,38,37
gene=PTEN|aa_transition=R>STOP,aa_transition,38,7
gene=RAF1|family=substitution:missense,family,38,31
gene=RAF1|subfamily=missense,subfamily,38,31
gene=REG1A|family=substitution:missense,family,38,19
gene=REG1A|subfamily=missense,subfamily,38,19
gene=RPS6KA1|family=substitution:missense,family,38,36
gene=RPS6KA1|subfamily=missense,subfamily,38,36
gene=RYR2|family=substitution:nonsense,family,38,23
gene=RYR2|subfamily=nonsense,subfamily,38,23
gene=SERPINA5|family=substitution:missense,family,38,17
gene=SERPINA5|subfamily=missense,subfamily,38,17
gene=SERPINC1|family=substitution:missense,family,38,21
gene=SERPINC1|subfamily=missense,subfamily,38,21
gene=SGCD|family=substitution:missense,family,38,19
gene=SGCD|subfamily=missense,subfamily,38,19
gene=SLC1A2|family=substitution:missense,family,38,16
gene=SLC1A2|subfamily=missense,subfamily,38,16
gene=SLC23A2|family=substitution:missense,family,38,34
gene=SLC23A2|subfamily=missense,subfamily,38,34
gene=SLC25A12|family=substitution:missense,family,38,27
gene=SLC25A12|subfamily=missense,subfamily,38,27
gene=SLC5A6|family=substitution:missense,family,38,23
gene=SLC5A6|subfamily=missense,subfamily,38,23
gene=SLC6A3|family=substitution:no_change,family,38,18
gene=SLC6A3|subfamily=no_change,subfamily,38,18
gene=SRPK1|family=substitution:missense,family,38,20
gene=SRPK1|subfamily=missense,subfamily,38,20
gene=STEAP3|family=substitution:missense,family,38,24
gene=STEAP3|subfamily=missense,subfamily,38,24
gene=SYNCRIP|family=substitution:missense,family,38,31
gene=SYNCRIP|subfamily=missense,subfamily,38,31
gene=XRCC5|family=substitution:missense,family,38,27
gene=XRCC5|subfamily=missense,subfamily,38,27
gene=ARHGAP4|family=substitution:missense,family,37,38
gene=ARHGAP4|subfamily=missense,subfamily,37,38
gene=ETV5|family=substitution:missense,family,37,38
gene=ETV5|subfamily=missense,subfamily,37,38
gene=FES|family=substitution:missense,family,37,38
gene=FES|subfamily=missense,subfamily,37,38
gene=JAG1|family=substitution:no_change,family,37,38
gene=JAG1|subfamily=no_change,subfamily,37,38
gene=RASGRP1|family=substitution:missense,family,37,38
gene=RASGRP1|subfamily=missense,subfamily,37,38
gene=TLR6|family=substitution:missense,family,36,38
gene=TLR6|subfamily=missense,subfamily,36,38
gene=CHPF2|family=substitution:missense,family,35,38
gene=CHPF2|subfamily=missense,subfamily,35,38
gene=IFIT2|family=substitution:missense,family,35,38
gene=IFIT2|subfamily=missense,subfamily,35,38
gene=SP110|family=substitution:missense,family,35,38
gene=SP110|subfamily=missense,subfamily,35,38
gene=EPB42|family=substitution:missense,family,34,38
gene=EPB42|subfamily=missense,subfamily,34,38
gene=TRIP10|family=substitution:missense,family,34,38
gene=TRIP10|subfamily=missense,subfamily,34,38
gene=COL6A1|family=substitution:no_change,family,33,38
gene=COL6A1|subfamily=no_change,subfamily,33,38
gene=MLH1|family=substitution:missense,family,32,38
gene=MLH1|subfamily=missense,subfamily,32,38
gene=MAK|family=substitution:missense,family,31,38
gene=MAK|subfamily=missense,subfamily,31,38
gene=PLK1|family=substitution:missense,family,30,38
gene=PLK1|subfamily=missense,subfamily,30,38
gene=PFKM|family=substitution:missense,family,29,38
gene=PFKM|subfamily=missense,subfamily,29,38
gene=ACOX1|family=substitution:missense,family,25,38
gene=ACOX1|subfamily=missense,subfamily,25,38
gene=B2M|family=frameshift,family,24,38
gene=B2M|parse_status=partial,parse_status,24,38
gene=PFKL|family=substitution:missense,family,24,38
gene=PFKL|subfamily=missense,subfamily,24,38
gene=HAS1|family=substitution:no_change,family,22,38
gene=HAS1|subfamily=no_change,subfamily,22,38
gene=SPAG4|family=substitution:missense,family,22,38
gene=SPAG4|subfamily=missense,subfamily,22,38
gene=GNAO1|family=substitution:missense,family,21,38
gene=GNAO1|subfamily=missense,subfamily,21,38
gene=PFKFB3|family=substitution:missense,family,21,38
gene=PFKFB3|subfamily=missense,subfamily,21,38
gene=SHOX2|position_bin=101-200,position_bin,21,38
gene=ZNF365|position_bin=301-400,position_bin,21,38
gene=FURIN|family=substitution:missense,family,20,38
gene=FURIN|subfamily=missense,subfamily,20,38
gene=FUS|family=substitution:no_change,family,18,38
gene=FUS|subfamily=no_change,subfamily,18,38
gene=MMP9|position_bin=201-300,position_bin,18,38
gene=XPOT|position_bin=101-200,position_bin,18,38
gene=PFKP|family=substitution:no_change,family,16,38
gene=PFKP|subfamily=no_change,subfamily,16,38
gene=ARPP21|position_bin=201-300,position_bin,15,38
gene=SH2B2|family=substitution:missense,family,14,38
gene=SH2B2|subfamily=missense,subfamily,14,38
gene=APC|position_bin=701-800,position_bin,13,38
gene=KDM6B|position_bin=801-900,position_bin,10,38
gene=NR4A3|position_bin=101-200,position_bin,10,38
gene=TTK|position_bin=801-900,position_bin,10,38
gene=SRM|position_bin=1-100,position_bin,9,38
gene=ZMIZ1|position_bin=901-1000,position_bin,8,38
gene=IFNGR2|position_bin=1-100,position_bin,6,38
gene=CCNK|position_bin=401-500,position_bin,2,38
gene=NRXN2|position_bin=1-100,position_bin,2,38
gene=YBX2|position_bin=1-100,position_bin,1,38
gene=LMAN1|frameshift_first_new_aa=R,frameshift_first_new_aa,0,38
gene=LMAN1|frameshift_grammar=ref_position_alt,frameshift_grammar,0,38
gene=LMAN1|subfamily=ref_position_alt,subfamily,0,38
gene=NLGN2|aa_transition=L>R,aa_transition,0,38
gene=NSD2|family=substitution:missense,family,0,38
gene=NSD2|subfamily=missense,subfamily,0,38
gene=SYNJ2|frameshift_grammar=ref_position_alt,frameshift_grammar,0,38
gene=SYNJ2|subfamily=ref_position_alt,subfamily,0,38
gene=ACTG1|family=substitution:missense,family,37,19
gene=ACTG1|subfamily=missense,subfamily,37,19
gene=ATP6V1B1|family=substitution:missense,family,37,20
gene=ATP6V1B1|subfamily=missense,subfamily,37,20
gene=B4GALNT2|family=substitution:missense,family,37,37
gene=B4GALNT2|subfamily=missense,subfamily,37,37
gene=BDKRB2|family=substitution:missense,family,37,13
gene=BDKRB2|subfamily=missense,subfamily,37,13
gene=CCNT1|family=substitution:missense,family,37,23
gene=CCNT1|subfamily=missense,subfamily,37,23
gene=CCP110|family=substitution:missense,family,37,31
gene=CCP110|subfamily=missense,subfamily,37,31
gene=CDH8|position_bin=601-700,position_bin,37,18
gene=CDKN2A|aa_transition=R>STOP,aa_transition,37,9
gene=CHPF|family=substitution:missense,family,37,29
gene=CHPF|subfamily=missense,subfamily,37,29
gene=CNTN1|family=substitution:no_change,family,37,27
gene=CNTN1|subfamily=no_change,subfamily,37,27
gene=COCH|family=substitution:missense,family,37,26
gene=COCH|subfamily=missense,subfamily,37,26
gene=COL16A1|family=substitution:no_change,family,37,23
gene=COL16A1|subfamily=no_change,subfamily,37,23
gene=COL9A1|family=substitution:no_change,family,37,24
gene=COL9A1|subfamily=no_change,subfamily,37,24
gene=CPB1|family=substitution:missense,family,37,31
gene=CPB1|subfamily=missense,subfamily,37,31
gene=CYP2S1|family=substitution:missense,family,37,28
gene=CYP2S1|subfamily=missense,subfamily,37,28
gene=DDX18|family=substitution:missense,family,37,31
gene=DDX18|subfamily=missense,subfamily,37,31
gene=DVL2|family=substitution:missense,family,37,29
gene=DVL2|subfamily=missense,subfamily,37,29
gene=FGD4|family=substitution:missense,family,37,32
gene=FGD4|subfamily=missense,subfamily,37,32
gene=G3BP1|family=substitution:missense,family,37,21
gene=G3BP1|subfamily=missense,subfamily,37,21
gene=G3BP2|family=substitution:missense,family,37,15
gene=G3BP2|subfamily=missense,subfamily,37,15
gene=GPAM|family=substitution:missense,family,37,29
gene=GPAM|subfamily=missense,subfamily,37,29
gene=GPC4|family=substitution:missense,family,37,25
gene=GPC4|subfamily=missense,subfamily,37,25
gene=GPNMB|family=substitution:missense,family,37,25
gene=GPNMB|subfamily=missense,subfamily,37,25
gene=GPR83|family=substitution:missense,family,37,34
gene=GPR83|subfamily=missense,subfamily,37,34
gene=HIF1A|family=substitution:missense,family,37,37
gene=HIF1A|subfamily=missense,subfamily,37,37
gene=HMMR|family=substitution:missense,family,37,37
gene=HMMR|subfamily=missense,subfamily,37,37
gene=HSPA4|family=substitution:missense,family,37,28
gene=HSPA4|subfamily=missense,subfamily,37,28
gene=HTR7|family=substitution:missense,family,37,31
gene=HTR7|subfamily=missense,subfamily,37,31
gene=HTRA1|family=substitution:missense,family,37,36
gene=HTRA1|subfamily=missense,subfamily,37,36
gene=ITGB2|family=substitution:no_change,family,37,37
gene=ITGB2|subfamily=no_change,subfamily,37,37
gene=KCNA3|family=substitution:no_change,family,37,35
gene=KCNA3|subfamily=no_change,subfamily,37,35
gene=KPNB1|family=substitution:missense,family,37,26
gene=KPNB1|subfamily=missense,subfamily,37,26
gene=KRT17|family=substitution:missense,family,37,16
gene=KRT17|subfamily=missense,subfamily,37,16
gene=LBR|family=substitution:missense,family,37,32
gene=LBR|subfamily=missense,subfamily,37,32
gene=LCK|family=substitution:missense,family,37,23
gene=LCK|subfamily=missense,subfamily,37,23
gene=LRP10|family=substitution:missense,family,37,20
gene=LRP10|subfamily=missense,subfamily,37,20
gene=MARCO|family=substitution:no_change,family,37,15
gene=MARCO|subfamily=no_change,subfamily,37,15
gene=MDGA1|family=substitution:no_change,family,37,24
gene=MDGA1|subfamily=no_change,subfamily,37,24
gene=MTMR10|family=substitution:missense,family,37,33
gene=MTMR10|subfamily=missense,subfamily,37,33
gene=MYF6|position_bin=1-100,position_bin,37,18
gene=NOTCH1|position_bin=401-500,position_bin,37,15
gene=NOTCH2|position_bin=1-100,position_bin,37,17
gene=NPY4R|family=substitution:missense,family,37,35
gene=NPY4R|subfamily=missense,subfamily,37,35
gene=OPA1|family=substitution:missense,family,37,33
gene=OPA1|subfamily=missense,subfamily,37,33
gene=PCSK9|family=substitution:missense,family,37,33
gene=PCSK9|subfamily=missense,subfamily,37,33
gene=PLA2G7|family=substitution:missense,family,37,36
gene=PLA2G7|subfamily=missense,subfamily,37,36
gene=PTGIS|family=substitution:missense,family,37,27
gene=PTGIS|subfamily=missense,subfamily,37,27
gene=REV3L|family=substitution:no_change,family,37,28
gene=REV3L|subfamily=no_change,subfamily,37,28
gene=SCUBE1|family=substitution:no_change,family,37,32
gene=SCUBE1|subfamily=no_change,subfamily,37,32
gene=SFRP4|family=substitution:missense,family,37,30
gene=SFRP4|subfamily=missense,subfamily,37,30
gene=SLC29A3|family=substitution:missense,family,37,30
gene=SLC29A3|subfamily=missense,subfamily,37,30
gene=SLC46A3|family=substitution:missense,family,37,18
gene=SLC46A3|subfamily=missense,subfamily,37,18
gene=SP1|family=substitution:missense,family,37,25
gene=SP1|subfamily=missense,subfamily,37,25
gene=ST8SIA4|family=substitution:missense,family,37,21
gene=ST8SIA4|subfamily=missense,subfamily,37,21
gene=TNFRSF11B|family=substitution:missense,family,37,24
gene=TNFRSF11B|subfamily=missense,subfamily,37,24
gene=VLDLR|family=substitution:missense,family,37,28
gene=VLDLR|subfamily=missense,subfamily,37,28
gene=XPNPEP1|family=substitution:missense,family,37,26
gene=XPNPEP1|subfamily=missense,subfamily,37,26
gene=CACNA1F|family=substitution:no_change,family,35,37
gene=CACNA1F|subfamily=no_change,subfamily,35,37
gene=TNFAIP3|family=substitution:missense,family,35,37
gene=TNFAIP3|subfamily=missense,subfamily,35,37
gene=CHFR|family=substitution:missense,family,33,37
gene=CHFR|subfamily=missense,subfamily,33,37
gene=CKAP4|family=substitution:missense,family,33,37
gene=CKAP4|subfamily=missense,subfamily,33,37
gene=CYP26B1|family=substitution:missense,family,33,37
gene=CYP26B1|subfamily=missense,subfamily,33,37
gene=HGFAC|family=substitution:missense,family,33,37
gene=HGFAC|subfamily=missense,subfamily,33,37
gene=ABCB9|family=substitution:missense,family,29,37
gene=ABCB9|subfamily=missense,subfamily,29,37
gene=LOXL2|family=substitution:no_change,family,29,37
gene=LOXL2|subfamily=no_change,subfamily,29,37
gene=EPS8L2|family=substitution:missense,family,26,37
gene=EPS8L2|subfamily=missense,subfamily,26,37
gene=BAG3|family=substitution:missense,family,24,37
gene=BAG3|subfamily=missense,subfamily,24,37
gene=DMPK|family=substitution:missense,family,19,37
gene=DMPK|subfamily=missense,subfamily,19,37
gene=KHSRP|family=substitution:missense,family,17,37
gene=KHSRP|subfamily=missense,subfamily,17,37
gene=HMMR|position_bin=601-700,position_bin,12,37
gene=BMPR2|position_bin=501-600,position_bin,11,37
gene=FGD4|position_bin=401-500,position_bin,10,37
gene=MLH1|position_bin=101-200,position_bin,10,37
gene=PFKP|position_bin=301-400,position_bin,9,37
gene=IL16|position_bin=501-600,position_bin,8,37
gene=ATF5|position_bin=101-200,position_bin,7,37
gene=KDM6B|position_bin=601-700,position_bin,5,37
gene=MLH1|position_bin=301-400,position_bin,3,37
gene=NFAT5|position_bin=1-100,position_bin,3,37
gene=ALMS1|aa_transition=M>L,aa_transition,2,37
gene=CDKN1C|position_bin=201-300,position_bin,2,37
gene=AHNAK|aa_transition=N>N,aa_transition,1,37
gene=ALMS1|family=substitution:start_codon_affected,family,0,37
gene=ALMS1|subfamily=start_codon_affected,subfamily,0,37
gene=CASP8AP2|family=substitution:missense,family,0,37
gene=CASP8AP2|subfamily=missense,subfamily,0,37
gene=CEL|aa_transition=T>P,aa_transition,0,37
gene=GUCY1B1|family=substitution:missense,family,0,37
gene=GUCY1B1|subfamily=missense,subfamily,0,37
gene=PRKDC|frameshift_grammar=ref_position_alt,frameshift_grammar,0,37
gene=PRKDC|subfamily=ref_position_alt,subfamily,0,37
gene=SEMA3B|family=substitution:missense,family,0,37
gene=SEMA3B|subfamily=missense,subfamily,0,37
gene=SLC25A28|position_bin=1-100,position_bin,0,37
gene=USH1C|position_bin=601-700,position_bin,0,37
gene=ACHE|family=substitution:missense,family,36,29
gene=ACHE|subfamily=missense,subfamily,36,29
gene=ACKR3|family=substitution:missense,family,36,22
gene=ACKR3|subfamily=missense,subfamily,36,22
gene=ACVRL1|family=substitution:missense,family,36,16
gene=ACVRL1|subfamily=missense,subfamily,36,16
gene=ADAM17|family=substitution:missense,family,36,27
gene=ADAM17|subfamily=missense,subfamily,36,27
gene=ALCAM|family=substitution:missense,family,36,16
gene=ALCAM|subfamily=missense,subfamily,36,16
gene=ALS2|family=substitution:no_change,family,36,23
gene=ALS2|subfamily=no_change,subfamily,36,23
gene=B3GAT1|family=substitution:missense,family,36,36
gene=B3GAT1|subfamily=missense,subfamily,36,36
gene=BCAN|subfamily=no_change,subfamily,36,22
gene=CBFA2T3|family=substitution:missense,family,36,33
gene=CBFA2T3|subfamily=missense,subfamily,36,33
gene=CDH8|position_bin=401-500,position_bin,36,13
gene=CDK5RAP2|family=substitution:no_change,family,36,27
gene=CDK5RAP2|subfamily=no_change,subfamily,36,27
gene=CKAP5|family=substitution:no_change,family,36,22
gene=CKAP5|subfamily=no_change,subfamily,36,22
gene=CLVS1|position_bin=101-200,position_bin,36,17
gene=CNTROB|family=substitution:missense,family,36,30
gene=CNTROB|subfamily=missense,subfamily,36,30
gene=CR2|family=substitution:no_change,family,36,15
gene=CR2|subfamily=no_change,subfamily,36,15
gene=CTSE|family=substitution:missense,family,36,13
gene=CTSE|subfamily=missense,subfamily,36,13
gene=CUL5|family=substitution:missense,family,36,26
gene=CUL5|subfamily=missense,subfamily,36,26
gene=DDX10|family=substitution:missense,family,36,27
gene=DDX10|subfamily=missense,subfamily,36,27
gene=DEPDC1|family=substitution:missense,family,36,31
gene=DEPDC1|subfamily=missense,subfamily,36,31
gene=DMD|family=substitution:nonsense,family,36,18
gene=DMD|subfamily=nonsense,subfamily,36,18
gene=EFEMP1|family=substitution:missense,family,36,26
gene=EFEMP1|subfamily=missense,subfamily,36,26
gene=EGFR|position_bin=301-400,position_bin,36,14
gene=FKBP5|family=substitution:missense,family,36,17
gene=FKBP5|subfamily=missense,subfamily,36,17
gene=GABBR1|family=substitution:no_change,family,36,16
gene=GABBR1|subfamily=no_change,subfamily,36,16
gene=GAL3ST1|family=substitution:missense,family,36,34
gene=GAL3ST1|subfamily=missense,subfamily,36,34
gene=GBE1|family=substitution:missense,family,36,26
gene=GBE1|subfamily=missense,subfamily,36,26
gene=HRC|family=substitution:no_change,family,36,21
gene=HRC|subfamily=no_change,subfamily,36,21
gene=HSPA1L|family=substitution:no_change,family,36,18
gene=HSPA1L|subfamily=no_change,subfamily,36,18
gene=HTR5A|position_bin=101-200,position_bin,36,23
gene=IPO4|family=substitution:missense,family,36,35
gene=IPO4|subfamily=missense,subfamily,36,35
gene=IRF4|family=substitution:missense,family,36,25
gene=IRF4|subfamily=missense,subfamily,36,25
gene=KEL|position_bin=301-400,position_bin,36,14
gene=KIF23|family=substitution:missense,family,36,34
gene=KIF23|subfamily=missense,subfamily,36,34
gene=KMT2D|aa_transition=Q>STOP,aa_transition,36,9
gene=KRT4|position_bin=1-100,position_bin,36,16
gene=LCP2|family=substitution:missense,family,36,33
gene=LCP2|subfamily=missense,subfamily,36,33
gene=MCM5|family=substitution:missense,family,36,25
gene=MCM5|subfamily=missense,subfamily,36,25
gene=MEF2C|family=substitution:missense,family,36,24
gene=MEF2C|subfamily=missense,subfamily,36,24
gene=MFN2|family=substitution:missense,family,36,31
gene=MFN2|subfamily=missense,subfamily,36,31
gene=MFSD6|family=substitution:missense,family,36,34
gene=MFSD6|subfamily=missense,subfamily,36,34
gene=MYH1|position_bin=701-800,position_bin,36,5
gene=NAB2|family=substitution:missense,family,36,24
gene=NAB2|subfamily=missense,subfamily,36,24
gene=NASP|family=substitution:missense,family,36,29
gene=NASP|subfamily=missense,subfamily,36,29
gene=NCAPH|family=substitution:missense,family,36,35
gene=NCAPH|subfamily=missense,subfamily,36,35
gene=NOLC1|family=substitution:missense,family,36,26
gene=NOLC1|subfamily=missense,subfamily,36,26
gene=NOP56|family=substitution:missense,family,36,30
gene=NOP56|subfamily=missense,subfamily,36,30
gene=P2RY1|family=substitution:missense,family,36,21
gene=P2RY1|subfamily=missense,subfamily,36,21
gene=PABPC4|family=substitution:missense,family,36,17
gene=PABPC4|subfamily=missense,subfamily,36,17
gene=PARP12|family=substitution:missense,family,36,30
gene=PARP12|subfamily=missense,subfamily,36,30
gene=PCLO|aa_transition=P>S,aa_transition,36,7
gene=PCLO|position_bin=3601-3700,position_bin,36,4
gene=PDGFC|family=substitution:missense,family,36,18
gene=PDGFC|subfamily=missense,subfamily,36,18
gene=PRKCH|family=substitution:missense,family,36,26
gene=PRKCH|subfamily=missense,subfamily,36,26
gene=RPL22|frameshift_grammar=short_ref_position,frameshift_grammar,36,10
gene=RPL22|subfamily=short_ref_position,subfamily,36,10
gene=RYR1|aa_transition=L>L,aa_transition,36,9
gene=SEC14L1|family=substitution:missense,family,36,33
gene=SEC14L1|subfamily=missense,subfamily,36,33
gene=SEMA4D|family=substitution:no_change,family,36,27
gene=SEMA4D|subfamily=no_change,subfamily,36,27
gene=SFMBT1|family=substitution:missense,family,36,26
gene=SFMBT1|subfamily=missense,subfamily,36,26
gene=SMOX|family=substitution:missense,family,36,25
gene=SMOX|subfamily=missense,subfamily,36,25
gene=SPRED2|family=substitution:missense,family,36,21
gene=SPRED2|subfamily=missense,subfamily,36,21
gene=SPTA1|aa_transition=E>K,aa_transition,36,11
gene=STAT2|family=substitution:missense,family,36,26
gene=STAT2|subfamily=missense,subfamily,36,26
gene=SYT12|family=substitution:missense,family,36,33
gene=SYT12|subfamily=missense,subfamily,36,33
gene=TDRD7|family=substitution:missense,family,36,35
gene=TDRD7|subfamily=missense,subfamily,36,35
gene=TP53|aa_transition=E>K,aa_transition,36,10
gene=TP63|position_bin=301-400,position_bin,36,30
gene=UBC|family=substitution:missense,family,36,18
gene=UBC|subfamily=missense,subfamily,36,18
gene=USP16|family=substitution:missense,family,36,31
gene=USP16|subfamily=missense,subfamily,36,31
gene=WLS|family=substitution:missense,family,36,27
gene=WLS|subfamily=missense,subfamily,36,27
gene=IGSF3|family=substitution:no_change,family,35,36
gene=IGSF3|subfamily=no_change,subfamily,35,36
gene=NADSYN1|family=substitution:missense,family,34,36
gene=NADSYN1|subfamily=missense,subfamily,34,36
gene=RALGDS|family=substitution:missense,family,33,36
gene=RALGDS|subfamily=missense,subfamily,33,36
gene=LSS|family=substitution:missense,family,31,36
gene=LSS|subfamily=missense,subfamily,31,36
gene=ARAP3|subfamily=no_change,subfamily,29,36
gene=DMP1|family=substitution:missense,family,29,36
gene=DMP1|subfamily=missense,subfamily,29,36
gene=KHNYN|family=substitution:missense,family,29,36
gene=KHNYN|subfamily=missense,subfamily,29,36
gene=ARAP3|family=substitution:no_change,family,28,36
gene=KAT2A|family=substitution:missense,family,28,36
gene=KAT2A|subfamily=missense,subfamily,28,36
gene=PKP3|family=substitution:missense,family,28,36
gene=PKP3|subfamily=missense,subfamily,28,36
gene=AKT3|family=substitution:missense,family,27,36
gene=AKT3|subfamily=missense,subfamily,27,36
gene=MAP3K11|family=substitution:missense,family,24,36
gene=MAP3K11|subfamily=missense,subfamily,24,36
gene=ZBTB17|family=substitution:missense,family,24,36
gene=ZBTB17|subfamily=missense,subfamily,24,36
gene=AK2|position_bin=101-200,position_bin,23,36
gene=TAP2|family=substitution:missense,family,23,36
gene=TAP2|subfamily=missense,subfamily,23,36
gene=HIPK2|family=substitution:no_change,family,22,36
gene=HIPK2|subfamily=no_change,subfamily,22,36
gene=TMPO|family=substitution:missense,family,22,36
gene=TMPO|subfamily=missense,subfamily,22,36
gene=ARPP21|position_bin=401-500,position_bin,18,36
gene=PMEPA1|position_bin=101-200,position_bin,16,36
gene=MAP3K11|position_bin=1-100,position_bin,12,36
gene=NTRK3|position_bin=1-100,position_bin,12,36
gene=ABR|position_bin=1-100,position_bin,11,36
gene=ERBB2|position_bin=601-700,position_bin,11,36
gene=FGD4|position_bin=301-400,position_bin,11,36
gene=NFASC|position_bin=1001-1100,position_bin,11,36
gene=AHNAK|position_bin=1801-1900,position_bin,10,36
gene=COL6A3|position_bin=601-700,position_bin,10,36
gene=MAPT|position_bin=301-400,position_bin,10,36
gene=SEC31A|family=frameshift,family,10,36
gene=SEC31A|parse_status=partial,parse_status,10,36
gene=E2F4|position_bin=301-400,position_bin,9,36
gene=IDUA|position_bin=201-300,position_bin,9,36
gene=TAF1C|position_bin=401-500,position_bin,9,36
gene=TCHH|aa_transition=E>E,aa_transition,8,36
gene=RTN3|position_bin=201-300,position_bin,7,36
gene=TCHH|aa_transition=E>D,aa_transition,7,36
gene=HLA-B|aa_transition=P>P,aa_transition,4,36
gene=KCNK15|family=substitution:missense,family,4,36
gene=KCNK15|subfamily=missense,subfamily,4,36
gene=KCNMA1|position_bin=1-100,position_bin,4,36
gene=SVIL|aa_transition=M>T,aa_transition,4,36
gene=KLF2|position_bin=1-100,position_bin,1,36
gene=ATXN1|family=deletion,family,0,36
gene=CASP5|frameshift_first_new_aa=G,frameshift_first_new_aa,0,36
gene=MAP3K20|family=substitution:missense,family,0,36
gene=MAP3K20|subfamily=missense,subfamily,0,36
gene=SEPTIN4|family=substitution:missense,family,0,36
gene=SEPTIN4|subfamily=missense,subfamily,0,36
gene=ABCA6|subfamily=no_change,subfamily,35,15
gene=ABCB8|family=substitution:missense,family,35,25
gene=ABCB8|subfamily=missense,subfamily,35,25
gene=ACOX2|family=substitution:missense,family,35,27
gene=ACOX2|subfamily=missense,subfamily,35,27
gene=ADAM9|family=substitution:missense,family,35,35
gene=ADAM9|subfamily=missense,subfamily,35,35
gene=AIFM1|family=substitution:missense,family,35,20
gene=AIFM1|subfamily=missense,subfamily,35,20
gene=AKAP1|family=substitution:missense,family,35,29
gene=AKAP1|subfamily=missense,subfamily,35,29
gene=ALOX15|family=substitution:missense,family,35,22
gene=ALOX15|subfamily=missense,subfamily,35,22
gene=ARFGEF2|family=substitution:no_change,family,35,31
gene=ARFGEF2|subfamily=no_change,subfamily,35,31
gene=ATP6V0A4|family=substitution:no_change,family,35,26
gene=ATP6V0A4|subfamily=no_change,subfamily,35,26
gene=BCAN|family=substitution:no_change,family,35,22
gene=BMPR1B|family=substitution:missense,family,35,29
gene=BMPR1B|subfamily=missense,subfamily,35,29
gene=BRAF|position_bin=401-500,position_bin,35,28
gene=BRS3|family=substitution:missense,family,35,15
gene=BRS3|subfamily=missense,subfamily,35,15
gene=BTBD3|family=substitution:missense,family,35,21
gene=BTBD3|subfamily=missense,subfamily,35,21
gene=C2|family=substitution:missense,family,35,31
gene=C2|subfamily=missense,subfamily,35,31
gene=CCR1|family=substitution:missense,family,35,19
gene=CCR1|subfamily=missense,subfamily,35,19
gene=CCR2|family=substitution:missense,family,35,26
gene=CCR2|subfamily=missense,subfamily,35,26
gene=CCT5|family=substitution:missense,family,35,21
gene=CCT5|subfamily=missense,subfamily,35,21
gene=CHST1|position_bin=201-300,position_bin,35,16
gene=CLDN16|family=substitution:missense,family,35,15
gene=CLDN16|subfamily=missense,subfamily,35,15
gene=COL5A1|position_bin=401-500,position_bin,35,11
gene=DNTTIP2|family=substitution:missense,family,35,26
gene=DNTTIP2|subfamily=missense,subfamily,35,26
gene=DPYD|family=substitution:no_change,family,35,24
gene=DPYD|subfamily=no_change,subfamily,35,24
gene=EIF2AK1|family=substitution:missense,family,35,25
gene=EIF2AK1|subfamily=missense,subfamily,35,25
gene=ELF4|family=substitution:missense,family,35,18
gene=ELF4|subfamily=missense,subfamily,35,18
gene=EPB41|family=substitution:missense,family,35,31
gene=EPB41|subfamily=missense,subfamily,35,31
gene=FARP1|family=substitution:no_change,family,35,27
gene=FARP1|subfamily=no_change,subfamily,35,27
gene=FOXJ2|family=substitution:missense,family,35,25
gene=FOXJ2|subfamily=missense,subfamily,35,25
gene=FOXO4|family=substitution:missense,family,35,26
gene=FOXO4|subfamily=missense,subfamily,35,26
gene=FUT8|family=substitution:missense,family,35,32
gene=FUT8|subfamily=missense,subfamily,35,32
gene=GBP2|family=substitution:missense,family,35,25
gene=GBP2|subfamily=missense,subfamily,35,25
gene=GP2|family=substitution:no_change,family,35,17
gene=GP2|subfamily=no_change,subfamily,35,17
gene=GUSB|family=substitution:missense,family,35,21
gene=GUSB|subfamily=missense,subfamily,35,21
gene=HMGCR|family=substitution:missense,family,35,34
gene=HMGCR|subfamily=missense,subfamily,35,34
gene=HS6ST2|family=substitution:missense,family,35,27
gene=HS6ST2|subfamily=missense,subfamily,35,27
gene=HSP90B1|family=substitution:missense,family,35,25
gene=HSP90B1|subfamily=missense,subfamily,35,25
gene=HSPA5|family=substitution:missense,family,35,24
gene=HSPA5|subfamily=missense,subfamily,35,24
gene=HSPH1|family=substitution:missense,family,35,33
gene=HSPH1|subfamily=missense,subfamily,35,33
gene=ICAM5|family=substitution:missense,family,35,33
gene=ICAM5|subfamily=missense,subfamily,35,33
gene=IL2RB|family=substitution:missense,family,35,23
gene=IL2RB|subfamily=missense,subfamily,35,23
gene=ISL1|family=substitution:missense,family,35,24
gene=ISL1|subfamily=missense,subfamily,35,24
gene=ITGA4|family=substitution:no_change,family,35,25
gene=ITGA4|subfamily=no_change,subfamily,35,25
gene=ITIH1|family=substitution:no_change,family,35,28
gene=ITIH1|subfamily=no_change,subfamily,35,28
gene=LAD1|family=substitution:missense,family,35,29
gene=LAD1|subfamily=missense,subfamily,35,29
gene=LEF1|family=substitution:missense,family,35,26
gene=LEF1|subfamily=missense,subfamily,35,26
gene=LLGL2|family=substitution:no_change,family,35,17
gene=LLGL2|subfamily=no_change,subfamily,35,17
gene=MADD|family=substitution:no_change,family,35,22
gene=MADD|subfamily=no_change,subfamily,35,22
gene=MCM2|family=substitution:no_change,family,35,15
gene=MCM2|subfamily=no_change,subfamily,35,15
gene=ME2|family=substitution:missense,family,35,24
gene=ME2|subfamily=missense,subfamily,35,24
gene=MMP1|family=substitution:missense,family,35,24
gene=MMP1|subfamily=missense,subfamily,35,24
gene=MPPED2|family=substitution:missense,family,35,21
gene=MPPED2|subfamily=missense,subfamily,35,21
gene=MSH2|family=substitution:missense,family,35,27
gene=MSH2|subfamily=missense,subfamily,35,27
gene=NBN|family=substitution:missense,family,35,30
gene=NBN|subfamily=missense,subfamily,35,30
gene=NCL|family=substitution:missense,family,35,25
gene=NCL|subfamily=missense,subfamily,35,25
gene=NCOA6|position_bin=201-300,position_bin,35,26
gene=NOS2|family=substitution:no_change,family,35,31
gene=NOS2|subfamily=no_change,subfamily,35,31
gene=P4HA2|family=substitution:missense,family,35,27
gene=P4HA2|subfamily=missense,subfamily,35,27
gene=PDHA2|position_bin=201-300,position_bin,35,21
gene=PLEK|family=substitution:missense,family,35,22
gene=PLEK|subfamily=missense,subfamily,35,22
gene=PREP|family=substitution:missense,family,35,24
gene=PREP|subfamily=missense,subfamily,35,24
gene=PRMT5|family=substitution:missense,family,35,22
gene=PRMT5|subfamily=missense,subfamily,35,22
gene=PRPF3|family=substitution:missense,family,35,25
gene=PRPF3|subfamily=missense,subfamily,35,25
gene=PTEN|frameshift_grammar=ref_alt_before_position,frameshift_grammar,35,10
gene=PTEN|subfamily=ref_alt_before_position,subfamily,35,10
gene=RB1|frameshift_grammar=short_ref_position,frameshift_grammar,35,4
gene=RB1|subfamily=short_ref_position,subfamily,35,4
gene=RHAG|family=substitution:missense,family,35,22
gene=RHAG|subfamily=missense,subfamily,35,22
gene=RRAD|family=substitution:missense,family,35,20
gene=RRAD|subfamily=missense,subfamily,35,20
gene=SGCG|family=substitution:missense,family,35,17
gene=SGCG|subfamily=missense,subfamily,35,17
gene=SLC23A1|family=substitution:missense,family,35,21
gene=SLC23A1|subfamily=missense,subfamily,35,21
gene=SLC24A3|family=substitution:no_change,family,35,27
gene=SLC24A3|subfamily=no_change,subfamily,35,27
gene=SLC2A2|family=substitution:missense,family,35,24
gene=SLC2A2|subfamily=missense,subfamily,35,24
gene=SLC7A1|family=substitution:missense,family,35,26
gene=SLC7A1|subfamily=missense,subfamily,35,26
gene=SPOP|position_bin=101-200,position_bin,35,17
gene=TATDN2|family=substitution:missense,family,35,26
gene=TATDN2|subfamily=missense,subfamily,35,26
gene=TCP11|family=substitution:missense,family,35,27
gene=TCP11|subfamily=missense,subfamily,35,27
gene=TEAD4|family=substitution:missense,family,35,27
gene=TEAD4|subfamily=missense,subfamily,35,27
gene=TLE4|family=substitution:no_change,family,35,22
gene=TLE4|subfamily=no_change,subfamily,35,22
gene=TRIM58|position_bin=301-400,position_bin,35,18
gene=TUBA3C|position_bin=101-200,position_bin,35,20
gene=TUBA3C|position_bin=301-400,position_bin,35,21
gene=TUBGCP2|family=substitution:no_change,family,35,21
gene=TUBGCP2|subfamily=no_change,subfamily,35,21
gene=UQCRFS1|family=substitution:missense,family,35,15
gene=UQCRFS1|subfamily=missense,subfamily,35,15
gene=ZC3H12A|family=substitution:missense,family,35,32
gene=ZC3H12A|subfamily=missense,subfamily,35,32
gene=PNN|family=substitution:missense,family,34,35
gene=PNN|subfamily=missense,subfamily,34,35
gene=SULF2|family=substitution:no_change,family,34,35
gene=SULF2|subfamily=no_change,subfamily,34,35
gene=CYP2E1|family=substitution:missense,family,33,35
gene=CYP2E1|subfamily=missense,subfamily,33,35
gene=ECM1|family=substitution:missense,family,33,35
gene=ECM1|subfamily=missense,subfamily,33,35
gene=SNX14|family=substitution:missense,family,33,35
gene=SNX14|subfamily=missense,subfamily,33,35
gene=MMP15|family=substitution:missense,family,32,35
gene=MMP15|subfamily=missense,subfamily,32,35
gene=HNRNPU|family=substitution:missense,family,30,35
gene=HNRNPU|subfamily=missense,subfamily,30,35
gene=SASS6|family=substitution:missense,family,29,35
gene=SASS6|subfamily=missense,subfamily,29,35
gene=PROC|family=substitution:missense,family,28,35
gene=PROC|subfamily=missense,subfamily,28,35
gene=RAP1GAP|family=substitution:missense,family,28,35
gene=RAP1GAP|subfamily=missense,subfamily,28,35
gene=MTA1|family=substitution:missense,family,27,35
gene=MTA1|subfamily=missense,subfamily,27,35
gene=PDHX|family=substitution:missense,family,26,35
gene=PDHX|subfamily=missense,subfamily,26,35
gene=TRIM5|family=substitution:missense,family,26,35
gene=TRIM5|subfamily=missense,subfamily,26,35
gene=RPS6KA2|family=substitution:no_change,family,25,35
gene=RPS6KA2|subfamily=no_change,subfamily,25,35
gene=PFKP|family=substitution:missense,family,24,35
gene=PFKP|subfamily=missense,subfamily,24,35
gene=ARHGAP27|family=substitution:missense,family,23,35
gene=ARHGAP27|subfamily=missense,subfamily,23,35
gene=PCBP1|family=substitution:missense,family,23,35
gene=PCBP1|subfamily=missense,subfamily,23,35
gene=RAP1GAP|family=substitution:no_change,family,21,35
gene=RAP1GAP|subfamily=no_change,subfamily,21,35
gene=DAAM1|family=substitution:no_change,family,20,35
gene=DAAM1|subfamily=no_change,subfamily,20,35
gene=CDH13|position_bin=101-200,position_bin,18,35
gene=RXRB|family=substitution:missense,family,18,35
gene=RXRB|subfamily=missense,subfamily,18,35
gene=TNFAIP2|family=substitution:missense,family,18,35
gene=TNFAIP2|subfamily=missense,subfamily,18,35
gene=SLC22A18|family=substitution:missense,family,17,35
gene=SLC22A18|subfamily=missense,subfamily,17,35
gene=HLA-A|family=frameshift,family,16,35
gene=HLA-A|parse_status=partial,parse_status,16,35
gene=OPRK1|position_bin=1-100,position_bin,16,35
gene=FBXW7|aa_transition=R>STOP,aa_transition,15,35
gene=SORBS2|position_bin=301-400,position_bin,15,35
gene=VPS37B|family=substitution:missense,family,15,35
gene=VPS37B|subfamily=missense,subfamily,15,35
gene=MAPK11|family=substitution:missense,family,13,35
gene=MAPK11|subfamily=missense,subfamily,13,35
gene=MYLK|position_bin=1-100,position_bin,12,35
gene=RAB34|position_bin=1-100,position_bin,12,35
gene=ATAD2|family=frameshift,family,11,35
gene=ATAD2|parse_status=partial,parse_status,11,35
gene=COIL|position_bin=101-200,position_bin,10,35
gene=PDLIM5|position_bin=201-300,position_bin,10,35
gene=SEC31A|position_bin=401-500,position_bin,10,35
gene=TCHH|position_bin=1601-1700,position_bin,10,35
gene=ABLIM1|position_bin=101-200,position_bin,9,35
gene=CDC42EP1|family=substitution:no_change,family,9,35
gene=CDC42EP1|subfamily=no_change,subfamily,9,35
gene=IL32|position_bin=1-100,position_bin,9,35
gene=IL9R|position_bin=301-400,position_bin,9,35
gene=DTX2|position_bin=401-500,position_bin,8,35
gene=FGD4|position_bin=201-300,position_bin,8,35
gene=PFKP|position_bin=401-500,position_bin,8,35
gene=WNK4|position_bin=401-500,position_bin,8,35
gene=COL6A3|position_bin=401-500,position_bin,7,35
gene=CHGA|position_bin=201-300,position_bin,6,35
gene=RAD9A|position_bin=301-400,position_bin,6,35
gene=BRAF|position_bin=1-100,position_bin,5,35
gene=OGFR|position_bin=601-700,position_bin,5,35
gene=TAF1C|position_bin=301-400,position_bin,5,35
gene=ASCL1|position_bin=1-100,position_bin,4,35
gene=KIFC3|position_bin=1-100,position_bin,4,35
gene=TCHH|aa_transition=R>L,aa_transition,4,35
gene=SLC22A18|position_bin=201-300,position_bin,3,35
gene=INHBB|aa_transition=P>P,aa_transition,2,35
gene=AR|family=deletion,family,0,35
gene=ESRRA|aa_transition=R>C,aa_transition,0,35
gene=ODF1|family=deletion,family,0,35
gene=ODF1|subfamily=residue_range:residue_aware_range,subfamily,0,35
gene=SIRT1|position_bin=1-100,position_bin,0,35
gene=SPON1|family=substitution:missense,family,0,35
gene=SPON1|subfamily=missense,subfamily,0,35
gene=SRPRA|position_bin=101-200,position_bin,0,35
gene=ABCA1|family=substitution:no_change,family,34,28
gene=ABCA1|subfamily=no_change,subfamily,34,28
gene=ABCA6|family=substitution:no_change,family,34,15
gene=ABCB11|family=substitution:no_change,family,34,29
gene=ABCB11|subfamily=no_change,subfamily,34,29
gene=ABCD1|family=substitution:missense,family,34,30
gene=ABCD1|subfamily=missense,subfamily,34,30
gene=ACSS1|family=substitution:missense,family,34,22
gene=ACSS1|subfamily=missense,subfamily,34,22
gene=ACSS2|family=substitution:missense,family,34,19
gene=ACSS2|subfamily=missense,subfamily,34,19
gene=ACTL7B|family=substitution:missense,family,34,32
gene=ACTL7B|subfamily=missense,subfamily,34,32
gene=ADSL|family=substitution:missense,family,34,24
gene=ADSL|subfamily=missense,subfamily,34,24
gene=ALDH18A1|family=substitution:missense,family,34,29
gene=ALDH18A1|subfamily=missense,subfamily,34,29
gene=ATP2B4|family=substitution:no_change,family,34,23
gene=ATP2B4|subfamily=no_change,subfamily,34,23
gene=BIRC3|family=substitution:missense,family,34,28
gene=BIRC3|subfamily=missense,subfamily,34,28
gene=BTRC|family=substitution:missense,family,34,31
gene=BTRC|subfamily=missense,subfamily,34,31
gene=CD2AP|family=substitution:missense,family,34,19
gene=CD2AP|subfamily=missense,subfamily,34,19
gene=CDH1|frameshift_grammar=short_ref_position,frameshift_grammar,34,12
gene=CDH1|subfamily=short_ref_position,subfamily,34,12
gene=CDKN2A|family=frameshift,family,34,12
gene=CDKN2A|parse_status=partial,parse_status,34,12
gene=COL5A2|family=substitution:no_change,family,34,23
gene=COL5A2|subfamily=no_change,subfamily,34,23
gene=CREBBP|position_bin=1401-1500,position_bin,34,14
gene=CRP|family=substitution:missense,family,34,17
gene=CRP|subfamily=missense,subfamily,34,17
gene=DAB2|family=substitution:no_change,family,34,14
gene=DAB2|subfamily=no_change,subfamily,34,14
gene=DCC|position_bin=501-600,position_bin,34,9
gene=DHCR7|family=substitution:missense,family,34,17
gene=DHCR7|subfamily=missense,subfamily,34,17
gene=DHX15|family=substitution:missense,family,34,24
gene=DHX15|subfamily=missense,subfamily,34,24
gene=EED|family=substitution:missense,family,34,16
gene=EED|subfamily=missense,subfamily,34,16
gene=ENTPD7|family=substitution:missense,family,34,31
gene=ENTPD7|subfamily=missense,subfamily,34,31
gene=EPHB4|family=substitution:no_change,family,34,31
gene=EPHB4|subfamily=no_change,subfamily,34,31
gene=EPHX2|family=substitution:missense,family,34,23
gene=EPHX2|subfamily=missense,subfamily,34,23
gene=FBXW11|family=substitution:missense,family,34,26
gene=FBXW11|subfamily=missense,subfamily,34,26
gene=GBF1|family=substitution:no_change,family,34,18
gene=GBF1|subfamily=no_change,subfamily,34,18
gene=GCKR|family=substitution:missense,family,34,32
gene=GCKR|subfamily=missense,subfamily,34,32
gene=GCK|family=substitution:missense,family,34,33
gene=GCK|subfamily=missense,subfamily,34,33
gene=HSPA2|family=substitution:missense,family,34,33
gene=HSPA2|subfamily=missense,subfamily,34,33
gene=HSPA9|family=substitution:missense,family,34,8
gene=HSPA9|subfamily=missense,subfamily,34,8
gene=IL1R2|family=substitution:missense,family,34,27
gene=IL1R2|subfamily=missense,subfamily,34,27
gene=KALRN|position_bin=1201-1300,position_bin,34,10
gene=KIF2A|family=substitution:missense,family,34,29
gene=KIF2A|subfamily=missense,subfamily,34,29
gene=KIF3C|family=substitution:missense,family,34,26
gene=KIF3C|subfamily=missense,subfamily,34,26
gene=LEPR|family=substitution:no_change,family,34,14
gene=LEPR|subfamily=no_change,subfamily,34,14
gene=LRRC15|family=substitution:no_change,family,34,20
gene=LRRC15|subfamily=no_change,subfamily,34,20
gene=MARK3|family=substitution:missense,family,34,18
gene=MARK3|subfamily=missense,subfamily,34,18
gene=MED13L|family=substitution:no_change,family,34,24
gene=MED13L|subfamily=no_change,subfamily,34,24
gene=MID1|family=substitution:missense,family,34,32
gene=MID1|subfamily=missense,subfamily,34,32
gene=MIOS|family=substitution:missense,family,34,27
gene=MIOS|subfamily=missense,subfamily,34,27
gene=MMP10|family=substitution:missense,family,34,21
gene=MMP10|subfamily=missense,subfamily,34,21
gene=MMP2|family=substitution:no_change,family,34,31
gene=MMP2|subfamily=no_change,subfamily,34,31
gene=MMP8|family=substitution:missense,family,34,34
gene=MMP8|subfamily=missense,subfamily,34,34
gene=MYH1|position_bin=1401-1500,position_bin,34,6
gene=MYH2|position_bin=1101-1200,position_bin,34,14
gene=NCAPH2|family=substitution:missense,family,34,27
gene=NCAPH2|subfamily=missense,subfamily,34,27
gene=NCOA4|family=substitution:missense,family,34,25
gene=NCOA4|subfamily=missense,subfamily,34,25
gene=NDST1|family=substitution:no_change,family,34,27
gene=NDST1|subfamily=no_change,subfamily,34,27
gene=NFKB2|family=substitution:missense,family,34,32
gene=NFKB2|subfamily=missense,subfamily,34,32
gene=NUP205|family=substitution:no_change,family,34,25
gene=NUP205|subfamily=no_change,subfamily,34,25
gene=ONECUT1|family=substitution:missense,family,34,29
gene=ONECUT1|subfamily=missense,subfamily,34,29
gene=PCDH1|family=substitution:no_change,family,34,17
gene=PCDH1|subfamily=no_change,subfamily,34,17
gene=PCLO|family=frameshift,family,34,24
gene=PCLO|parse_status=partial,parse_status,34,24
gene=PCSK2|family=substitution:no_change,family,34,18
gene=PCSK2|subfamily=no_change,subfamily,34,18
gene=PDGFRB|family=substitution:no_change,family,34,23
gene=PDGFRB|subfamily=no_change,subfamily,34,23
gene=PHKA2|family=substitution:no_change,family,34,20
gene=PHKA2|subfamily=no_change,subfamily,34,20
gene=PITX2|family=substitution:missense,family,34,16
gene=PITX2|subfamily=missense,subfamily,34,16
gene=PLK2|family=substitution:missense,family,34,24
gene=PLK2|subfamily=missense,subfamily,34,24
gene=PODXL|family=substitution:missense,family,34,23
gene=PODXL|subfamily=missense,subfamily,34,23
gene=PRC1|family=substitution:missense,family,34,17
gene=PRC1|subfamily=missense,subfamily,34,17
gene=RBM5|family=substitution:missense,family,34,27
gene=RBM5|subfamily=missense,subfamily,34,27
gene=SCN10A|position_bin=1201-1300,position_bin,34,8
gene=SCNN1A|family=substitution:missense,family,34,30
gene=SCNN1A|subfamily=missense,subfamily,34,30
gene=SERPINB8|family=substitution:missense,family,34,25
gene=SERPINB8|subfamily=missense,subfamily,34,25
gene=SGCA|family=substitution:missense,family,34,23
gene=SGCA|subfamily=missense,subfamily,34,23
gene=SLC39A6|family=substitution:missense,family,34,24
gene=SLC39A6|subfamily=missense,subfamily,34,24
gene=SORBS2|family=substitution:no_change,family,34,31
gene=SORBS2|subfamily=no_change,subfamily,34,31
gene=SYK|family=substitution:missense,family,34,24
gene=SYK|subfamily=missense,subfamily,34,24
gene=TAF6|family=substitution:missense,family,34,28
gene=TAF6|subfamily=missense,subfamily,34,28
gene=TCN2|family=substitution:missense,family,34,25
gene=TCN2|subfamily=missense,subfamily,34,25
gene=TFDP1|family=substitution:missense,family,34,20
gene=TFDP1|subfamily=missense,subfamily,34,20
gene=THRB|family=substitution:missense,family,34,26
gene=THRB|subfamily=missense,subfamily,34,26
gene=TLE3|family=substitution:missense,family,34,32
gene=TLE3|subfamily=missense,subfamily,34,32
gene=TUBA3C|position_bin=201-300,position_bin,34,26
gene=TXNRD1|family=substitution:missense,family,34,11
gene=TXNRD1|subfamily=missense,subfamily,34,11
gene=WNT7A|family=substitution:missense,family,34,30
gene=WNT7A|subfamily=missense,subfamily,34,30
gene=XRCC6|family=substitution:missense,family,34,20
gene=XRCC6|subfamily=missense,subfamily,34,20
gene=CCT6B|family=substitution:missense,family,33,34
gene=CCT6B|subfamily=missense,subfamily,33,34
gene=ESRP2|family=substitution:missense,family,33,34
gene=ESRP2|subfamily=missense,subfamily,33,34
gene=UNC5C|family=substitution:no_change,family,33,34
gene=UNC5C|subfamily=no_change,subfamily,33,34
gene=PCDH7|family=substitution:no_change,family,32,34
gene=PCDH7|subfamily=no_change,subfamily,32,34
gene=RHBDF2|family=substitution:missense,family,32,34
gene=RHBDF2|subfamily=missense,subfamily,32,34
gene=KIF20A|family=substitution:missense,family,31,34
gene=KIF20A|subfamily=missense,subfamily,31,34
gene=CBX8|family=substitution:missense,family,30,34
gene=CBX8|subfamily=missense,subfamily,30,34
gene=IRS1|family=substitution:no_change,family,30,34
gene=IRS1|subfamily=no_change,subfamily,30,34
gene=ITGB7|family=substitution:missense,family,30,34
gene=ITGB7|subfamily=missense,subfamily,30,34
gene=LRIG1|position_bin=1-100,position_bin,30,34
gene=NT5E|family=substitution:missense,family,30,34
gene=NT5E|subfamily=missense,subfamily,30,34
gene=POLH|family=substitution:missense,family,30,34
gene=POLH|subfamily=missense,subfamily,30,34
gene=TH|family=substitution:missense,family,29,34
gene=TH|subfamily=missense,subfamily,29,34
gene=GSN|family=substitution:missense,family,28,34
gene=GSN|subfamily=missense,subfamily,28,34
gene=SOX9|family=substitution:missense,family,28,34
gene=SOX9|subfamily=missense,subfamily,28,34
gene=SUN2|family=substitution:missense,family,28,34
gene=SUN2|subfamily=missense,subfamily,28,34
gene=AKT1|family=substitution:missense,family,27,34
gene=AKT1|subfamily=missense,subfamily,27,34
gene=CASQ2|family=substitution:missense,family,27,34
gene=CASQ2|subfamily=missense,subfamily,27,34
gene=CHST12|family=substitution:missense,family,27,34
gene=CHST12|subfamily=missense,subfamily,27,34
gene=FZD1|family=substitution:missense,family,27,34
gene=FZD1|subfamily=missense,subfamily,27,34
gene=MRPS30|family=substitution:missense,family,27,34
gene=MRPS30|subfamily=missense,subfamily,27,34
gene=E2F3|family=substitution:missense,family,25,34
gene=E2F3|subfamily=missense,subfamily,25,34
gene=TFAP2C|family=substitution:missense,family,25,34
gene=TFAP2C|subfamily=missense,subfamily,25,34
gene=ZFPM2|position_bin=901-1000,position_bin,25,34
gene=CDH11|position_bin=101-200,position_bin,24,34
gene=NELFB|family=substitution:missense,family,24,34
gene=NELFB|subfamily=missense,subfamily,24,34
gene=SERPINE1|family=substitution:missense,family,24,34
gene=SERPINE1|subfamily=missense,subfamily,24,34
gene=GCNT2|family=substitution:missense,family,23,34
gene=GCNT2|subfamily=missense,subfamily,23,34
gene=GP1BA|family=substitution:missense,family,23,34
gene=GP1BA|subfamily=missense,subfamily,23,34
gene=SIRT1|family=substitution:missense,family,23,34
gene=SIRT1|subfamily=missense,subfamily,23,34
gene=NEDD4|family=substitution:no_change,family,22,34
gene=NEDD4|subfamily=no_change,subfamily,22,34
gene=PAOX|family=substitution:missense,family,21,34
gene=PAOX|subfamily=missense,subfamily,21,34
gene=SHH|family=substitution:missense,family,21,34
gene=SHH|subfamily=missense,subfamily,21,34
gene=PTGIR|family=substitution:missense,family,20,34
gene=PTGIR|subfamily=missense,subfamily,20,34
gene=ARPP21|position_bin=501-600,position_bin,19,34
gene=PCLO|position_bin=501-600,position_bin,19,34
gene=CRMP1|position_bin=401-500,position_bin,18,34
gene=PDE4DIP|position_bin=2101-2200,position_bin,17,34
gene=SORBS2|position_bin=701-800,position_bin,14,34
gene=PDE4DIP|position_bin=2201-2300,position_bin,11,34
gene=PMS2|position_bin=101-200,position_bin,10,34
gene=SH2B1|position_bin=401-500,position_bin,10,34
gene=HIPK2|position_bin=1001-1100,position_bin,6,34
gene=CFTR|aa_transition=A>A,aa_transition,5,34
gene=COL8A2|position_bin=1-100,position_bin,4,34
gene=INSM1|family=substitution:no_change,family,4,34
gene=INSM1|subfamily=no_change,subfamily,4,34
gene=TCF7L2|position_bin=1-100,position_bin,4,34
gene=TIMP1|position_bin=101-200,position_bin,3,34
gene=RAPGEF5|position_bin=1-100,position_bin,2,34
gene=MADCAM1|family=frameshift,family,1,34
gene=MADCAM1|parse_status=partial,parse_status,1,34
gene=MADCAM1|frameshift_grammar=ref_position_alt,frameshift_grammar,0,34
gene=MADCAM1|subfamily=ref_position_alt,subfamily,0,34
gene=NPHP1|frameshift_first_new_aa=N,frameshift_first_new_aa,0,34
gene=P3H1|family=substitution:missense,family,0,34
gene=P3H1|subfamily=missense,subfamily,0,34
gene=RPL14|inserted_aa=A,inserted_aa,0,34
gene=RPL14|position_span=2,position_span,0,34
gene=RPL14|subfamily=adjacent=True:stop=False,subfamily,0,34
gene=SEC31A|frameshift_grammar=ref_position_alt,frameshift_grammar,0,34
gene=SEC31A|subfamily=ref_position_alt,subfamily,0,34
gene=VASP|aa_transition=P>P,aa_transition,0,34
gene=ABCA9|family=substitution:no_change,family,33,21
gene=ABCA9|subfamily=no_change,subfamily,33,21
gene=ABCD3|family=substitution:missense,family,33,20
gene=ABCD3|subfamily=missense,subfamily,33,20
gene=ACTG2|family=substitution:missense,family,33,14
gene=ACTG2|subfamily=missense,subfamily,33,14
gene=ALDH1A1|family=substitution:missense,family,33,21
gene=ALDH1A1|subfamily=missense,subfamily,33,21
gene=ANKH|family=substitution:missense,family,33,19
gene=ANKH|subfamily=missense,subfamily,33,19
gene=ARAF|family=substitution:missense,family,33,25
gene=ARAF|subfamily=missense,subfamily,33,25
gene=ATRX|position_bin=2101-2200,position_bin,33,12
gene=C5AR1|family=substitution:missense,family,33,21
gene=C5AR1|subfamily=missense,subfamily,33,21
gene=CALCR|position_bin=1-100,position_bin,33,12
gene=CAT|family=substitution:missense,family,33,17
gene=CAT|subfamily=missense,subfamily,33,17
gene=CDC27|position_bin=501-600,position_bin,33,11
gene=CDC7|family=substitution:missense,family,33,26
gene=CDC7|subfamily=missense,subfamily,33,26
gene=CDCP1|family=substitution:no_change,family,33,18
gene=CDCP1|subfamily=no_change,subfamily,33,18
gene=CDH1|position_bin=201-300,position_bin,33,13
gene=CERCAM|family=substitution:missense,family,33,30
gene=CERCAM|subfamily=missense,subfamily,33,30
gene=CSTF3|family=substitution:missense,family,33,33
gene=CSTF3|subfamily=missense,subfamily,33,33
gene=CTTN|family=substitution:missense,family,33,33
gene=CTTN|subfamily=missense,subfamily,33,33
gene=CYBB|family=substitution:missense,family,33,27
gene=CYBB|subfamily=missense,subfamily,33,27
gene=CYP4F11|family=substitution:no_change,family,33,21
gene=CYP4F11|subfamily=no_change,subfamily,33,21
gene=DNTT|family=substitution:missense,family,33,32
gene=DNTT|subfamily=missense,subfamily,33,32
gene=EIF4G1|family=substitution:no_change,family,33,25
gene=EIF4G1|subfamily=no_change,subfamily,33,25
gene=ENPEP|position_bin=1-100,position_bin,33,13
gene=EPHX1|family=substitution:missense,family,33,28
gene=EPHX1|subfamily=missense,subfamily,33,28
gene=FDPS|family=substitution:missense,family,33,16
gene=FDPS|subfamily=missense,subfamily,33,16
gene=GNPAT|family=substitution:missense,family,33,24
gene=GNPAT|subfamily=missense,subfamily,33,24
gene=GPI|family=substitution:missense,family,33,23
gene=GPI|subfamily=missense,subfamily,33,23
gene=GSS|family=substitution:missense,family,33,22
gene=GSS|subfamily=missense,subfamily,33,22
gene=HOXB1|family=substitution:missense,family,33,20
gene=HOXB1|subfamily=missense,subfamily,33,20
gene=ICA1|family=substitution:missense,family,33,20
gene=ICA1|subfamily=missense,subfamily,33,20
gene=IDS|family=substitution:missense,family,33,31
gene=IDS|subfamily=missense,subfamily,33,31
gene=IL3RA|family=substitution:missense,family,33,30
gene=IL3RA|subfamily=missense,subfamily,33,30
gene=IL7R|position_bin=201-300,position_bin,33,24
gene=IRAK1|family=substitution:missense,family,33,32
gene=IRAK1|subfamily=missense,subfamily,33,32
gene=IRS4|position_bin=501-600,position_bin,33,23
gene=KLF5|family=substitution:missense,family,33,29
gene=KLF5|subfamily=missense,subfamily,33,29
gene=LY75|family=substitution:no_change,family,33,5
gene=LY75|subfamily=no_change,subfamily,33,5
gene=MARCO|position_bin=401-500,position_bin,33,9
gene=MCM3|family=substitution:missense,family,33,29
gene=MCM3|subfamily=missense,subfamily,33,29
gene=NCAN|family=substitution:no_change,family,33,30
gene=NCAN|subfamily=no_change,subfamily,33,30
gene=NDC80|family=substitution:missense,family,33,31
gene=NDC80|subfamily=missense,subfamily,33,31
gene=NKD1|family=substitution:missense,family,33,27
gene=NKD1|subfamily=missense,subfamily,33,27
gene=NLRP3|position_bin=601-700,position_bin,33,8
gene=PAIP1|family=substitution:missense,family,33,17
gene=PAIP1|subfamily=missense,subfamily,33,17
gene=PAXIP1|family=substitution:missense,family,33,27
gene=PAXIP1|subfamily=missense,subfamily,33,27
gene=PCLO|aa_transition=S>S,aa_transition,33,7
gene=PCLO|frameshift_grammar=short_ref_position,frameshift_grammar,33,7
gene=PCLO|subfamily=short_ref_position,subfamily,33,7
gene=PDP1|family=substitution:missense,family,33,15
gene=PDP1|subfamily=missense,subfamily,33,15
gene=PGK2|position_bin=101-200,position_bin,33,15
gene=PIAS2|family=substitution:missense,family,33,25
gene=PIAS2|subfamily=missense,subfamily,33,25
gene=PIGQ|family=substitution:missense,family,33,30
gene=PIGQ|subfamily=missense,subfamily,33,30
gene=PLAG1|family=substitution:missense,family,33,32
gene=PLAG1|subfamily=missense,subfamily,33,32
gene=PLCG1|family=substitution:no_change,family,33,20
gene=PLCG1|subfamily=no_change,subfamily,33,20
gene=PLOD1|family=substitution:missense,family,33,20
gene=PLOD1|subfamily=missense,subfamily,33,20
gene=PPRC1|family=substitution:no_change,family,33,24
gene=PPRC1|subfamily=no_change,subfamily,33,24
gene=PSMC4|family=substitution:missense,family,33,14
gene=PSMC4|subfamily=missense,subfamily,33,14
gene=RAC1|family=substitution:missense,family,33,18
gene=RAC1|subfamily=missense,subfamily,33,18
gene=REG1A|position_bin=1-100,position_bin,33,12
gene=REL|family=substitution:missense,family,33,22
gene=REL|subfamily=missense,subfamily,33,22
gene=SHC1|family=substitution:missense,family,33,23
gene=SHC1|subfamily=missense,subfamily,33,23
gene=SLC22A12|family=substitution:no_change,family,33,26
gene=SLC22A12|subfamily=no_change,subfamily,33,26
gene=SNX9|family=substitution:missense,family,33,25
gene=SNX9|subfamily=missense,subfamily,33,25
gene=SPTA1|position_bin=2201-2300,position_bin,33,16
gene=SULT1A1|family=substitution:missense,family,33,25
gene=SULT1A1|subfamily=missense,subfamily,33,25
gene=SYNJ1|family=substitution:no_change,family,33,17
gene=SYNJ1|subfamily=no_change,subfamily,33,17
gene=THSD4|family=substitution:no_change,family,33,22
gene=THSD4|subfamily=no_change,subfamily,33,22
gene=TMPRSS3|family=substitution:missense,family,33,23
gene=TMPRSS3|subfamily=missense,subfamily,33,23
gene=TP53|aa_transition=V>M,aa_transition,33,17
gene=TP63|position_bin=101-200,position_bin,33,27
gene=TTC39A|family=substitution:missense,family,33,24
gene=TTC39A|subfamily=missense,subfamily,33,24
gene=VTN|family=substitution:missense,family,33,26
gene=VTN|subfamily=missense,subfamily,33,26
gene=WNT2|family=substitution:missense,family,33,20
gene=WNT2|subfamily=missense,subfamily,33,20
gene=ZBTB16|family=substitution:no_change,family,33,16
gene=ZBTB16|subfamily=no_change,subfamily,33,16
gene=ZYX|family=substitution:missense,family,33,28
gene=ZYX|subfamily=missense,subfamily,33,28
gene=ABCC5|family=substitution:no_change,family,32,33
gene=ABCC5|subfamily=no_change,subfamily,32,33
gene=BCL11B|family=substitution:no_change,family,32,33
gene=BCL11B|subfamily=no_change,subfamily,32,33
gene=CDH3|family=substitution:missense,family,31,33
gene=CDH3|subfamily=missense,subfamily,31,33
gene=UBA2|family=substitution:missense,family,31,33
gene=UBA2|subfamily=missense,subfamily,31,33
gene=ATXN2|family=substitution:no_change,family,30,33
gene=ATXN2|subfamily=no_change,subfamily,30,33
gene=HEY2|family=substitution:missense,family,30,33
gene=HEY2|subfamily=missense,subfamily,30,33
gene=PAK4|family=substitution:missense,family,29,33
gene=PAK4|subfamily=missense,subfamily,29,33
gene=DHX58|family=substitution:missense,family,28,33
gene=DHX58|subfamily=missense,subfamily,28,33
gene=SORBS3|family=substitution:missense,family,26,33
gene=SORBS3|subfamily=missense,subfamily,26,33
gene=KRT1|family=substitution:no_change,family,23,33
gene=KRT1|subfamily=no_change,subfamily,23,33
gene=MAP2K3|position_bin=101-200,position_bin,23,33
gene=CBLB|family=substitution:no_change,family,22,33
gene=CBLB|subfamily=no_change,subfamily,22,33
gene=POMC|family=substitution:missense,family,21,33
gene=POMC|subfamily=missense,subfamily,21,33
gene=ZNF292|family=frameshift,family,20,33
gene=ZNF292|parse_status=partial,parse_status,20,33
gene=TBRG4|family=substitution:missense,family,19,33
gene=TBRG4|subfamily=missense,subfamily,19,33
gene=COL6A3|position_bin=501-600,position_bin,18,33
gene=FGGY|position_bin=101-200,position_bin,17,33
gene=DPYSL3|family=substitution:no_change,family,16,33
gene=DPYSL3|subfamily=no_change,subfamily,16,33
gene=SLC25A28|family=substitution:missense,family,16,33
gene=SLC25A28|subfamily=missense,subfamily,16,33
gene=SYCP1|position_bin=901-1000,position_bin,16,33
gene=DMD|position_bin=501-600,position_bin,15,33
gene=SIDT1|position_bin=201-300,position_bin,13,33
gene=VEZF1|position_bin=301-400,position_bin,12,33
gene=ARRB2|family=substitution:missense,family,11,33
gene=ARRB2|subfamily=missense,subfamily,11,33
gene=MAPKAPK2|family=substitution:no_change,family,11,33
gene=MAPKAPK2|subfamily=no_change,subfamily,11,33
gene=ARHGEF7|position_bin=401-500,position_bin,10,33
gene=FUS|aa_transition=G>G,aa_transition,10,33
gene=BAIAP2|position_bin=1-100,position_bin,9,33
gene=ETV1|position_bin=1-100,position_bin,9,33
gene=CYFIP1|position_bin=1-100,position_bin,8,33
gene=LSP1|position_bin=1-100,position_bin,8,33
gene=WNK4|position_bin=501-600,position_bin,8,33
gene=AHNAK|aa_transition=K>K,aa_transition,7,33
gene=FUS|position_bin=201-300,position_bin,6,33
gene=MFHAS1|position_bin=1-100,position_bin,6,33
gene=GNAO1|position_bin=301-400,position_bin,5,33
gene=RTN3|position_bin=101-200,position_bin,4,33
gene=ACE|position_bin=1-100,position_bin,3,33
gene=EFS|aa_transition=P>P,aa_transition,3,33
gene=CPEB2|position_bin=1-100,position_bin,2,33
gene=TCHH|aa_transition=T>K,aa_transition,2,33
gene=ADRA2C|position_bin=1-100,position_bin,1,33
